product_id,url,name,brand,price,image_route,top_notes,middle_notes,base_notes,accords,description
10523,https://www.bysuco.com/product/show/10523,플라워 오브 이모탈리티 오 드 퍼퓸,킬리안,450000.0,https://cf.bysuco.net/584720ca4d88a337fb8bd6c908f7a6aa_cvt.webp?w=600,"화이트 피치, 블랙커런트","아이리스, 로즈","통카빈, 바닐라","프루티, 플로럴, 스위트, 소프트","잘 익은 화이트 피치의 달콤한 과즙이 투명하게 퍼지며 아이리스와 로즈가 부드럽게 겹쳐져, 바닐라와 통카빈으로 크리미하게 마무리되는 섬세하고 우아한 프루티 플로럴 향"
21121,https://www.bysuco.com/product/show/21121,포트레이트 오브 어 레이디 오 드 퍼퓸,프레데릭 말,430000.0,https://cf.bysuco.net/f35bf28b56ca76e0fc0e9c8e27992217_cvt.webp?w=600,"로즈, 블랙커런트","클로브, 시나몬, 라즈베리","파출리, 인센스, 샌달우드","로즈, 오리엔탈, 스파이시, 인텐스","농밀한 터키시 로즈가 짙게 피어오르며 블랙커런트와 스파이스가 긴장감을 더하고, 파출리와 인센스가 깊고 어두운 여운으로 이어지는 강렬하고 우아한 로즈 오리엔탈 향"
34346,https://www.bysuco.com/product/show/34346,아이레 수틸레사 오 드 뚜왈렛,로에베,172000.0,https://cf.bysuco.net/4d8def2731abd1cd3b66ae974775851b.jpg?w=600,"베르가못, 네롤리",오렌지 블로썸,머스크,"플로럴, 시트러스, 프레시, 라이트","햇살에 반짝이는 오렌지 블로썸의 맑은 향이 가볍게 퍼지며, 시트러스의 투명함과 머스크가 어우러져 공기처럼 부드럽고 순수하게 남는 섬세한 화이트 플로럴 향"
10520,https://www.bysuco.com/product/show/10520,문라이트 인 헤븐 오 드 퍼퓸,킬리안,450000.0,https://cf.bysuco.net/5eededc3a84f20475901cdb07985f77c_cvt.webp?w=600,"망고, 자몽","코코넛, 라이스","통카빈, 베티버","프루티, 플로럴, 크리미, 이국적인","잘 익은 망고와 자몽의 달콤한 과즙이 투명하게 퍼지며, 코코넛과 라이스 노트가 부드럽게 감싸 안아 이국적이고 로맨틱하게 이어지는 프루티 플로럴 향"
10370,https://www.bysuco.com/product/show/10370,레이지 선데이 모닝 오 드 뚜왈렛,메종 마르지엘라,110000.0,https://cf.bysuco.net/31d1d9e818da36bf16166541d46f7879.jpg?w=600,"알데하이드, 페어","릴리 오브 더 밸리, 아이리스, 로즈","화이트 머스크, 암브레트, 파출리","플로럴, 머스크, 클린, 코지","햇살이 스며든 침구처럼 알데하이드의 맑은 공기감이 퍼지며, 릴리 오브 더 밸리와 아이리스가 포근하게 이어져 화이트 머스크로 깨끗하게 마무리되는 부드럽고 평온한 클린 플로럴 향"
9370,https://www.bysuco.com/product/show/9370,어벤투스 오 드 퍼퓸,크리드,430000.0,https://cf.bysuco.net/25aa36916334ba38fde137e024b1727f_cvt.webp?w=600,"파인애플, 블랙커런트, 베르가못","자작나무, 파출리, 자스민","머스크, 오크모스, 앰버그리스","프루티, 우디, 스모키, 클래식","상큼한 파인애플과 블랙커런트의 프레시함으로 시작해, 스모키한 우드와 머스크가 깊이를 더하며 자신감 있게 마무리되는 클래식하고 강인한 프루티 우디 향"
10716,https://www.bysuco.com/product/show/10716,오드 우드 오 드 퍼퓸,톰 포드,260000.0,https://cf.bysuco.net/b26c9b393726d01fd533ef5cabcc632f_cvt.webp?w=600,"로즈우드, 카다몸","우드 노트, 베티버","앰버, 바닐라, 통카빈","우디, 스파이시, 웜, 럭셔리","스모키한 우드와 스파이스가 깊게 어우러지며, 따뜻한 앰버와 바닐라가 잔향으로 남는 묵직하고 세련된 우디 스파이시 향"
9368,https://www.bysuco.com/product/show/9368,실버 마운틴 워터 오 드 퍼퓸,크리드,410000.0,https://cf.bysuco.net/accec9fa9c250533933837c2c1d19e95.jpg?w=600,"버베나, 블랙커런트","녹차, 워터리 노트","머스크, 앰버","그린, 아쿠아틱, 클린, 프레시","눈부신 산자락 계곡처럼 투명한 그린 티와 시트러스가 맑게 펼쳐지며, 은은한 블랙커런트와 머스크가 깔끔하게 이어지는 청량하고 정제된 아쿠아틱 그린 향"
10155,https://www.bysuco.com/product/show/10155,플레르 드 뽀 오 드 퍼퓸,딥티크,315000.0,https://cf.bysuco.net/674f1342fa588659762bd7e538e87297_cvt.webp?w=600,"알데하이드, 핑크 페퍼","아이리스, 암브레트","머스크, 샌달우드","머스크, 파우더리, 플로럴, 스킨센트","부드러운 아이리스와 파우더리한 머스크가 피부에 스며들 듯 밀착되며, 암브레트의 따뜻한 결이 잔향으로 이어지는 포근하고 관능적인 스킨 머스크 향"
10558,https://www.bysuco.com/product/show/10558,오르페옹 오 드 퍼퓸,딥티크,315000.0,https://cf.bysuco.net/4b722975836a2e17226bfc5af864e36a_cvt.webp?w=600,주니퍼 베리,"아이리스, 자스민","머스크, 시더우드, 통카빈","우디, 머스크, 파우더리, 무드","비 오는 밤 파리의 재즈 바를 연상시키는 주니퍼 베리와 파우더리 아이리스가 어둑하게 퍼지며, 머스크와 우디 노트가 깊고 부드럽게 이어지는 세련되고 무드 있는 우디 머스크 향"
9970,https://www.bysuco.com/product/show/9970,테싯 오 드 퍼퓸,이솝,199000.0,https://cf.bysuco.net/fb3db1f776b96fd2bd74015405501147.jpg?w=600,"유자, 바질","로즈마리, 민트","베티버, 시더우드","시트러스, 우디, 그린, 내추럴","햇살 머금은 유자의 상큼함과 허브의 그린함이 어우러져, 베티버와 우디 노트로 차분하게 마무리되는 맑고 지적인 시트러스 우디 향"
10518,https://www.bysuco.com/product/show/10518,엔젤스 쉐어 오 드 퍼퓸,킬리안,420000.0,https://cf.bysuco.net/ba0350b6a30a44ffaef857f7b8c43692.jpg?w=600,코냑,"시나몬, 오크","바닐라, 통카빈, 프랄린","구르망, 우디, 스파이시, 웜","숙성된 코냑의 달콤한 열기가 시나몬과 오크우드의 깊은 스파이스로 번지며, 바닐라와 통카빈이 농밀하게 감싸는 관능적이고 풍부한 구르망 우디 향"
9879,https://www.bysuco.com/product/show/9879,네롤리 포르토피노 오 드 퍼퓸,톰 포드,260000.0,https://cf.bysuco.net/0a9b45d2077f0bff179a113c5810431e_cvt.webp?w=600,"베르가못, 만다린, 레몬","네롤리, 오렌지 블로썸, 라벤더","앰버, 머스크","시트러스, 아로마틱, 프레시, 썸머","지중해 해안의 햇살을 닮은 네롤리와 시트러스가 시원하게 터지며, 오렌지 블로썸과 아로마틱 허브가 어우러져 바닷바람처럼 깨끗하고 세련되게 이어지는 청량한 시트러스 아로마틱 향"
21122,https://www.bysuco.com/product/show/21122,뮤스크 라바줴 오 드 퍼퓸,프레데릭 말,350000.0,https://cf.bysuco.net/e2b992ccbb62085043e340925e41cc6a_cvt.webp?w=600,"라벤더, 베르가못","바닐라, 시나몬","머스크, 샌달우드, 통카빈","머스크, 앰버, 스위트, 소프트","크리미한 바닐라와 라벤더의 포근한 숨결이 머스크와 어우러져, 피부에 밀착되듯 따뜻하고 관능적으로 이어지는 부드러운 앰버 머스크 향"
10524,https://www.bysuco.com/product/show/10524,굿걸 곤 배드 오 드 퍼퓸,킬리안,450000.0,https://cf.bysuco.net/848652e771511a89a9d551e20e367c91_cvt.webp?w=600,"오스만투스, 자스민","튜베로즈, 나르시스, 로즈","앰버, 시더우드, 바닐라","플로럴, 화이트 플로럴, 스위트, 관능적인","순백의 오스만투스와 튜베로즈가 화사하게 피어오르며, 자스민과 나르시스의 농밀함이 더해져 바닐라와 앰버로 관능적으로 번져가는 대담하고 매혹적인 화이트 플로럴 향"
9306,https://www.bysuco.com/product/show/9306,모하비 고스트 오 드 퍼퓸,바이레도,280000.0,https://cf.bysuco.net/3cbee70008c73664e377031b5c52e997.jpg?w=600,"암브레트, 사포딜라","바이올렛, 샌달우드","머스크, 앰버","플로럴, 우디, 머스크, 드라이","사막의 고요한 공기를 닮은 암브레트와 바이올렛이 투명하게 퍼지며, 머스크와 우디 노트가 잔잔하게 이어지는 은은하고 몽환적인 플로럴 우디 향"
32956,https://www.bysuco.com/product/show/32956,재즈 클럽 오 드 뚜왈렛,메종 마르지엘라,110000.0,https://cf.bysuco.net/fac2df3a33f28b8d590d4e115731b850.jpg?w=600,"핑크 페퍼, 네롤리, 레몬","럼, 세이지, 베티버","타바코, 바닐라, 스티락스","우디, 스모키, 스파이시, 웜","어두운 재즈 바의 공기를 닮은 럼과 담배 잎의 깊은 향이 퍼지며, 바닐라와 우디 노트가 따뜻하게 감싸는 묵직하고 무드 있는 스모키 우디 향"
9274,https://www.bysuco.com/product/show/9274,피코 디 아말피 오 드 뚜왈렛,아쿠아 디 파르마,135000.0,https://cf.bysuco.net/f84ad03c8884707b8fa6cbcc486fa4aa.jpg?w=600,"베르가못, 레몬, 자몽","핑크 페퍼, 자스민","머스크, 시더우드","시트러스, 아로마틱, 프레시, 썸머","햇살이 가득한 아말피 해안의 공기를 닮은 베르가못과 자몽의 상큼함이 시원하게 퍼지며, 아로마틱 허브와 머스크가 깨끗하게 이어지는 밝고 청량한 시트러스 아로마틱 향"
9353,https://www.bysuco.com/product/show/9353,블랑쉬 오 드 퍼퓸,바이레도,280000.0,https://cf.bysuco.net/ae913c3a0653de6ebd1927c6a9a9c865.jpg?w=600,"알데하이드, 로즈","피오니, 바이올렛","머스크, 샌달우드","플로럴, 머스크, 클린, 미니멀","막 세탁한 린넨처럼 깨끗한 플로럴 비누 향이 피부에 부드럽게 밀착되며, 머스크와 우디 노트가 잔향으로 잔잔하게 이어지는 투명하고 순수한 플로럴 머스크 향"
21314,https://www.bysuco.com/product/show/21314,오 데 썽 오 드 뚜왈렛,딥티크,198000.0,https://cf.bysuco.net/1feebb4d88474e51759d4f8f4e71b603.jpg?w=600,"비터 오렌지, 오렌지 블로썸","주니퍼 베리, 안젤리카",파출리,"시트러스, 아로마틱, 그린, 프레시","쓴 오렌지의 쌉싸름한 시트러스가 상쾌하게 터지며 주니퍼 베리와 허브의 드라이함이 이어지고, 파출리가 차분하게 정돈해 주는 생기 있고 개성적인 아로마틱 시트러스 향"
9971,https://www.bysuco.com/product/show/9971,휠 오 드 퍼퓸,이솝,199000.0,https://cf.bysuco.net/e0ca52e42b76ec856d659e552e564dd9.jpg?w=600,"만다린, 베르가못","세이지, 블랙 페퍼","베티버, 시더우드, 앰버","시트러스, 우디, 스파이시, 내추럴","시트러스의 상큼함이 투명하게 시작되어 세이지와 블랙 페퍼의 은은한 허브 스파이스와 조화되며, 베티버와 앰버가 차분하게 마무리되는 깔끔하고 균형 잡힌 시트러스 우디 향"
9352,https://www.bysuco.com/product/show/9352,발 다프리크 오 드 퍼퓸,바이레도,280000.0,https://cf.bysuco.net/cc3ee70e8aca52f6f13a17305f97ddef.jpg?w=600,"베르가못, 네롤리, 레몬","자스민, 바이올렛, 사이클라멘","머스크, 앰버, 베티버","플로럴, 우디, 웜, 이국적인","따뜻한 아프리카 햇살을 머금은 베르가못과 네롤리가 밝게 펼쳐지며, 자스민과 바이올렛이 부드럽게 어우러져 머스크와 앰버로 포근하게 마무리되는 세련되고 이국적인 플로럴 우디 향"
9275,https://www.bysuco.com/product/show/9275,미르토 디 파나레아 오 드 뚜왈렛,아쿠아 디 파르마,135000.0,https://cf.bysuco.net/b355f57f27edf0e3179af4ff93126ad2.jpg?w=600,"베르가못, 레몬, 미르토","로즈마리, 자스민","시더우드, 머스크","시트러스, 아로마틱, 프레시, 썸머","햇살 가득한 지중해 섬의 공기를 닮은 미르토와 시트러스의 상쾌함이 터지듯 펼쳐지며, 아로마틱 허브와 우디 노트가 산뜻하고 청량하게 마무리되는 밝고 자유로운 아로마틱 시트러스 향"
22799,https://www.bysuco.com/product/show/22799,러브 돈 비 샤이 오 드 퍼퓸,킬리안,450000.0,https://cf.bysuco.net/e7eb9412ae34254a8159d86e0a0bd6bc.jpg?w=600,"네롤리, 베르가못","오렌지 블로썸, 로즈","마시멜로, 바닐라, 머스크","플로럴, 스위트, 구르망, 로맨틱","마시멜로처럼 달콤한 바닐라와 오렌지 블로썸이 부드럽게 퍼지며, 네롤리와 머스크가 포근하게 감싸 안아 사랑스러움이 오래 남는 로맨틱한 스위트 플로럴 향"
9239,https://www.bysuco.com/product/show/9239,운 자르뎅 수 르 닐 오 드 뚜왈렛,에르메스,112000.0,https://cf.bysuco.net/b3fcfd786598d639a1898ae3fc949eb7.jpg?w=600,"그린 망고, 자몽","연꽃, 시카모어","인센스, 머스크","그린, 아쿠아틱, 프레시, 내추럴","나일 강변의 정원을 거니는 듯 그린 망고와 연꽃의 투명한 수분감이 퍼지며, 인센스와 시카모어가 차분하게 이어지는 맑고 생기 있는 그린 아쿠아틱 향"
3406965,https://www.bysuco.com/product/show/3406965,플레르 드 뽀 오 드 뚜왈렛,딥티크,198000.0,https://cf.bysuco.net/c10d9eed4f7606a8d6fe38fec6ea6c9b.jpg?w=600,"핑크 페퍼, 만다린","매그놀리아, 아이리스","머스크, 암브레","머스크, 플로랄, 파우더리",파우더리한 아이리스의 우아함이 매그놀리아와 머스크의 부드러움과 어우러져 수순한 숨결처럼 빛나는 플로럴 향기를 드러냅니다.
10737,https://www.bysuco.com/product/show/10737,화이트 스웨이드 오 드 퍼퓸,톰 포드,260000.0,https://cf.bysuco.net/9a43c99fee1199eed7307f6b6a655f52.jpg?w=600,"로즈, 사프란","스웨이드, 자스민","머스크, 앰버, 샌달우드","레더, 머스크, 플로럴, 소프트","부드러운 스웨이드 가죽의 결을 닮은 머스크와 로즈가 은은하게 스며들며, 앰버와 샌달우드가 차분한 온기로 감싸는 깨끗하고 관능적인 레더 머스크 향"
9871,https://www.bysuco.com/product/show/9871,블랙 오키드 오 드 퍼퓸,톰 포드,167000.0,https://cf.bysuco.net/61ccae6b4ac4309571da6f3f510f6c0c.jpg?w=600,"블랙 트러플, 일랑일랑, 베르가못","블랙 오키드, 스파이스, 프루티 노트","파출리, 인센스, 앰버, 바닐라","오리엔탈, 플로럴, 스파이시, 인텐스","블랙 트러플과 다크 초콜릿의 농밀한 어둠이 퍼지며, 오키드와 스파이스가 관능적으로 겹쳐져 파출리와 앰버로 깊고 화려하게 마무리되는 강렬한 오리엔탈 플로럴 향"
22166,https://www.bysuco.com/product/show/22166,버진 아일랜드 워터 오 드 퍼퓸,크리드,410000.0,https://cf.bysuco.net/eb14d0c0c2af3ea46a2e85487bde9e05.jpg?w=600,"라임, 베르가못, 만다린","코코넛, 화이트 럼, 히비스커스","사탕수수, 머스크","시트러스, 트로피컬, 프레시, 썸머","코코넛과 라임의 청량한 시트러스가 파도처럼 터지며, 화이트 럼과 사탕수수의 달콤함이 어우러져 햇살 가득한 섬의 여유로 남는 이국적이고 상쾌한 트로피컬 시트러스 향"
10726,https://www.bysuco.com/product/show/10726,로스트 체리 오 드 퍼퓸,톰 포드,360000.0,https://cf.bysuco.net/9bc40bb8ef44195953594e90f1cedf95.jpg?w=600,"비터 오렌지, 블랙 체리, 체리 리큐르","사워 체리, 플럼, 터키쉬 로즈, 자스민 삼박","통카 빈, 바닐라, 시나몬, 페루 발삼, 벤조인, 샌달우드, 클로브, 시더, 페출리, 베티버","스위트, 아몬드, 체리",체리의 달콤함이 독특한 관능미를 연출한다
9354,https://www.bysuco.com/product/show/9354,라 튤립 오 드 퍼퓸,바이레도,280000.0,https://cf.bysuco.net/8662e3fb0edb261ba029965062f40e92.jpg?w=600,"루바브, 시클라멘, 프리지아",튤립,"베티버, 우디 노트","플로럴, 그린, 프레시, 내추럴","이슬 맺힌 튤립 꽃잎이 막 피어나는 순간처럼 그린 플로럴의 맑은 향이 퍼지며, 프리지아와 베티버가 투명하게 이어지는 싱그럽고 생기 있는 플로럴 향"
10234,https://www.bysuco.com/product/show/10234,베티버 엑스트라오디네르 오 드 퍼퓸,프레데릭 말,370000.0,https://cf.bysuco.net/c573d5040a35ad4ace857bc11adaad1d_cvt.webp?w=600,"베르가못, 핑크 페퍼",하이티 베티버,"오크모스, 시더우드, 샌달우드","우디, 베티버, 드라이, 클래식","상쾌한 베르가못의 시트러스가 열리며 하이티 베티버의 드라이한 흙 내음이 또렷하게 드러나고, 오크모스와 시더우드가 깊이를 더해 깔끔하고 지적인 우디 베티버 향"
23913,https://www.bysuco.com/product/show/23913,미르토 디 파나레아 오 드 뚜왈렛,아쿠아 디 파르마,275000.0,https://cf.bysuco.net/cd28673bbb68bc9088020d09ca6e185e.jpg?w=600,"베르가못, 레몬, 미르토","로즈마리, 자스민","시더우드, 머스크","시트러스, 아로마틱, 프레시, 썸머","지중해의 햇살과 바닷바람을 닮은 미르토와 시트러스가 경쾌하게 터지며, 아로마틱 허브와 머스크가 산뜻하게 이어지는 밝고 자유로운 아로마틱 시트러스 향"
31029,https://www.bysuco.com/product/show/31029,프리베 베티베 디베 오 드 뚜왈렛,조르지오 아르마니,230000.0,https://cf.bysuco.net/5af446aa91be9f0df8bd98d5a734105b.jpg?w=600,"베르가못, 레몬, 만다린 오렌지","핑크 페퍼, 카다멈, 코리안더","베티버, 페출리","시트러스, 아로마틱, 우디",끝없이 펼쳐진 눈 덮인 들판에서 마주친 겨울날의 오아시스
9351,https://www.bysuco.com/product/show/9351,집시 워터 오 드 퍼퓸,바이레도,280000.0,https://cf.bysuco.net/51b6170999bcea3cc079ed4e72d08a5e.jpg?w=600,"베르가못, 레몬, 주니퍼 베리","인센스, 소나무 니들, 오리스","바닐라, 샌달우드, 앰버","우디, 아로마틱, 스모키, 드라이","소나무 숲을 스치는 차가운 공기처럼 주니퍼와 시트러스가 맑게 열리며, 인센스와 바닐라가 은은하게 번져 자유롭고 보헤미안적인 무드로 이어지는 드라이한 우디 아로마틱 향"
23910,https://www.bysuco.com/product/show/23910,피코 디 아말피 오 드 뚜왈렛,아쿠아 디 파르마,205000.0,https://cf.bysuco.net/7e0a3715727687cc4f76f17017733c03.jpg?w=600,"베르가못, 레몬, 자몽","핑크 페퍼, 자스민","머스크, 시더우드","시트러스, 아로마틱, 프레시, 썸머","아말피 해안의 햇살을 머금은 베르가못과 자몽이 시원하게 터지며, 아로마틱 허브와 머스크가 어우러져 밝고 경쾌하게 이어지는 청량한 시트러스 아로마틱 향"
22168,https://www.bysuco.com/product/show/22168,오리지널 베티버 오 드 퍼퓸,크리드,410000.0,https://cf.bysuco.net/2e222b79a5b9de23b95562ee2b1b3136.jpg?w=600,"베르가못, 만다린, 핑크 페퍼","베티버, 코리앤더","머스크, 샌달우드, 앰버","베티버, 시트러스, 아로마틱, 프레시","상큼한 시트러스와 허브의 맑은 공기가 열리며, 베티버의 드라이한 흙 내음과 머스크가 겹쳐져 깨끗하고 세련되게 이어지는 클래식한 프레시 베티버 향"
9308,https://www.bysuco.com/product/show/9308,로즈 오브 노 맨즈 랜드 오 드 퍼퓸,바이레도,280000.0,https://cf.bysuco.net/d159f006a750dba2197f0e21eaad05dd.jpg?w=600,"핑크 페퍼, 터키시 로즈","터키시 로즈, 라즈베리 블로섬","파피루스, 앰버","로즈, 우디, 스파이시, 드라이","차가운 공기 속에서 피어난 로즈의 맑은 결이 핑크 페퍼와 어우러져 투명하게 퍼지며, 파피루스와 앰버가 드라이하게 정돈해 주는 절제되고 현대적인 로즈 우디 향"
10235,https://www.bysuco.com/product/show/10235,엉 빠썽 오 드 퍼퓸,프레데릭 말,350000.0,https://cf.bysuco.net/f8081b7895a4e93e551f567aadac5d46_cvt.webp?w=600,"라일락, 페티그레인","라일락, 그린 노트",머스크,"플로럴, 그린, 소프트, 로맨틱","비 오는 초여름 정원을 스치는 라일락의 투명한 꽃향이 부드럽게 퍼지며, 머스크와 그린 노트가 어우러져 스쳐 지나가듯 섬세하고 로맨틱하게 남는 맑은 플로럴 향"
3405280,https://www.bysuco.com/product/show/3405280,낫 어 퍼퓸 오 드 퍼퓸,줄리엣 헤즈 어 건,169000.0,https://cf.bysuco.net/80f1d99fa1e9cb7f8e9782e5c512f682.jpg?w=600,,,,"머스크, 클린, 미니멀, 스킨센트","갓 샤워한 피부처럼 깨끗한 머스크가 투명하게 스며들며, 다른 향을 덮지 않고 내 살결을 한 톤 정돈해 주는 미니멀한 스킨 머스크 향"
3407966,https://www.bysuco.com/product/show/3407966,엔젤스 쉐어 오 드 퍼퓸,킬리안,129000.0,https://cf.bysuco.net/d02e134bcf0785e5c809bdbd9d1c64b4.jpg?w=600,코냑,"시나몬, 통카 빈, 오크","바닐라, 프랄린, 샌달우드","우디, 웜 스파이시, 스위트",오크통에서 오래 숙성된 코냑을 떠올리며 만든 향
34343,https://www.bysuco.com/product/show/34343,아크네 스튜디오 파 프레데릭 말 오 드 퍼퓸,프레데릭 말,430000.0,https://cf.bysuco.net/d46202eecd024df70413178faf2a383b.jpg?w=600,"알데하이드, 로즈, 바이올렛, 오렌지블라썸, 바닐라, 피치, 샌달우드, 프랑킨센스, 머스크",,,"알데하이드, 바닐라, 프루티",아크네 스튜디오의 머플러의 색감과 텍스쳐를 닮은 포근하고 달콤한 향
18922,https://www.bysuco.com/product/show/18922,제라늄 뿌르 무슈 오 드 퍼퓸,프레데릭 말,350000.0,https://cf.bysuco.net/f828766403db7a901632734ccb37111e_cvt.webp?w=600,"민트, 아니스",제라늄,"샌달우드, 시더우드","아로마틱, 그린, 프레시, 쿨","차가운 민트와 아니스의 산뜻함이 제라늄의 그린함과 겹쳐지며, 우디 노트가 깔끔하게 정돈해 주는 시원하고 절제된 아로마틱 그린 향"
9588,https://www.bysuco.com/product/show/9588,스프링타임 인 어 파크 오 드 뚜왈렛,메종 마르지엘라,110000.0,https://cf.bysuco.net/7f2e3e6bfbce228fe88dcab79e145c4e.webp?w=600,"릴리오브더밸리, 페어, 머스크",,,"화이트 플로랄, 프레쉬, 머스크",섬세하고 부드러운 꽃이 핀 오후의 낭만적인 공원의 활기 가득한 느낌
225382,https://www.bysuco.com/product/show/225382,애플 브랜디 온 더 락스 오 드 퍼퓸,킬리안,420000.0,https://cf.bysuco.net/812b01cabea393ba89393fa4a1fcf7ea.jpg?w=600,"그린 애플, 카다몸","브랜디, 럼","오크우드, 앰버, 머스크","프루티, 우디, 프레시, 쿨","차갑게 식힌 그린 애플과 브랜디의 상큼한 알코올감이 투명하게 터지며, 오크우드와 앰버가 더해져 얼음 위에 따른 칵테일처럼 세련되고 시원하게 이어지는 프루티 우디 향"
10431,https://www.bysuco.com/product/show/10431,리브르 오 드 퍼퓸,입생로랑,140000.0,https://cf.bysuco.net/cf5674423fc14a8c5110a53c7e79d0b3.jpg?w=600,"라벤더, 만다린","오렌지 블로썸, 자스민","바닐라, 앰버, 머스크","플로럴, 앰버, 아로마틱, 모던","프렌치 라벤더의 시원한 허브 향이 선명하게 열리며 오렌지 블로썸의 화사함이 겹쳐지고, 바닐라와 앰버가 대담하고 관능적인 여운으로 남는 모던한 플로럴 앰버 향"
22798,https://www.bysuco.com/product/show/22798,스모킹 핫 오 드 퍼퓸,킬리안,450000.0,https://cf.bysuco.net/0e1ec8e4047df64c6226759864d6db41.jpg?w=600,"애플, 스모크, 시나몬","토바코, 모스","버번 바닐라, 오르카녹스","토바코, 프루티, 바닐라",코냑의 오크 그리고 애플 타바코의 세련된 조화
10460,https://www.bysuco.com/product/show/10460,웬 더 레인 스탑스 오 드 뚜왈렛,메종 마르지엘라,110000.0,https://cf.bysuco.net/77799b915db41a44154753330ead046c.jpg?w=600,"알데하이드, 핑크 페퍼","아쿠아틱 로즈, 파출리","파인 니들, 머스크","아쿠아틱, 우디, 클린, 프레시","비가 그친 직후의 공기처럼 맑은 알데하이드와 핑크 페퍼가 투명하게 퍼지며, 아쿠아틱한 장미와 파출리가 어우러져 젖은 도심의 여운을 차분하게 남기는 클린 아쿠아틱 우디 향"
9893,https://www.bysuco.com/product/show/9893,퍼킹 패뷸러스 오 드 퍼퓸,톰 포드,360000.0,https://cf.bysuco.net/885c575f25b891ec98da96fb43662900_cvt.webp?w=600,"클래리 세이지, 라벤더","레더, 비터 아몬드, 바닐라","통카빈, 앰버, 캐시메란","레더, 앰버, 아로마틱, 인텐스","클래리 세이지와 라벤더의 드라이한 허브 향이 대담하게 열리며, 레더와 아몬드의 크리미한 결이 겹쳐져 토카빈과 앰버로 관능적이고 도발적으로 마무리되는 강렬한 레더 앰버 향"
13997,https://www.bysuco.com/product/show/13997,떼르 데르메스 오 드 뚜왈렛,에르메스,120000.0,https://cf.bysuco.net/4a7b535db2776380e414fb23d11816cc.webp?w=600,"오렌지, 자몽","페퍼, 플린트","베티버, 시더우드, 벤조인","시트러스, 우디, 미네랄, 클래식","쓴 오렌지와 자몽의 드라이한 시트러스가 대지를 스치듯 열리며, 미네랄한 플린트와 베티버가 어우러져 흙 내음의 깊이로 단단하게 마무리되는 클래식하고 남성적인 우디 시트러스 향"
22738,https://www.bysuco.com/product/show/22738,떼르 데르메스 오 지브레 오 드 퍼퓸,에르메스,214000.0,https://cf.bysuco.net/56d9339c549fa38bc77d7a998becf3f6.jpg?w=600,시트러스 노트,미네랄 노트,"베티버, 우디 노트","시트러스, 우디, 미네랄, 쿨","차갑게 서린 얼음 위에 시트러스의 빛이 반짝이듯 퍼지며, 미네랄한 우디 결과 베티버가 만나 맑고 날카로운 긴장감을 남기는 쿨하고 정제된 우디 시트러스 향"
10522,https://www.bysuco.com/product/show/10522,뱀부 하모니 오 드 퍼퓸,킬리안,450000.0,https://cf.bysuco.net/33bcc559ffa91d7d44912963d2f7bc30_cvt.webp?w=600,"베르가못, 비터 오렌지","화이트 티, 뱀부",머스크,"그린, 아로마틱, 프레시, 클린","이슬 머금은 대나무 잎과 시트러스가 투명하게 열리며, 화이트 티의 고요한 그린함이 이어져 머스크로 맑고 차분하게 정돈되는 섬세한 그린 아로마틱 향"
10602,https://www.bysuco.com/product/show/10602,델리나 오 드 퍼퓸,퍼퓸 드 말리,280000.0,https://cf.bysuco.net/c7ac1b88a6274537ac6dc1b6bd8343d2.jpg?w=600,"리치, 루바브, 베르가못, 너트맥","터키시 로즈, 피오니, 머스크, 페출리, 바닐라","캐쉬미란, 인센스, 시더, 헤이티안 베티버","로즈, 플로랄, 프루티",로맨틱함과 모던함을 동시에 표현한 여성스러운 향
22419,https://www.bysuco.com/product/show/22419,프렌치 러버 오 드 퍼퓸,프레데릭 말,350000.0,https://cf.bysuco.net/65ba6d4c1771d1544b7ac593fe89516d.jpg?w=600,"갈바넘, 안젤리카","인센스, 시더우드","베티버, 파출리","그린, 우디, 인센스, 드라이","짙은 갈바넘의 그린한 쌉싸름함이 숲의 공기처럼 퍼지며, 인센스와 시더우드가 깊이를 더해 베티버로 단단하게 마무리되는 차분하고 지적인 그린 우디 향"
225456,https://www.bysuco.com/product/show/225456,상탈 33 오 드 퍼퓸,르 라보,138000.0,https://cf.bysuco.net/2140ce9ceaca16e02efbebd8fd468c38.jpg?w=600,"샌달우드, 레더, 파피루스, 버지니아 시더, 카다멈, 바이올렛, 아이리스, 앰버",,,"우디, 파우더리, 레더","타오르는 모닥불과 스모키하게 날리는 연기, 빛이 사라지고 난 이후에 느껴지는 센슈얼한 무드를 표현한 향"
23911,https://www.bysuco.com/product/show/23911,아란치아 디 카프리 오 드 뚜왈렛,아쿠아 디 파르마,205000.0,https://cf.bysuco.net/a523882a81fc9a798073edb095e3060d.jpg?w=600,"스위트 오렌지, 만다린, 레몬","쁘띠그레인, 카다몸","머스크, 캐러멜","시트러스, 프레시, 브라이트, 썸머","카프리 섬의 햇살을 머금은 스위트 오렌지와 만다린이 밝게 터지며, 레몬의 상큼함과 머스크가 어우러져 경쾌하고 청량하게 남는 생기 넘치는 시트러스 향"
1908032,https://www.bysuco.com/product/show/1908032,우롱차 엑스트레 드 퍼퓸,니샤네,290000.0,https://cf.bysuco.net/7d81377cb47c441abed42e63d835cec6.jpg?w=600,"베르가못, 만다린, 리세아","우롱차, 넛맥","무화과, 머스크","시트러스, 프레쉬, 아로마틱",아로마틱 그린 계열의 매혹적인 향.
3407106,https://www.bysuco.com/product/show/3407106,엔젤스 쉐어 파라디 엑스트레 드 퍼퓸,킬리안,590000.0,https://cf.bysuco.net/78ee4693521c165ae6ba919260ef1940.jpg?w=600,"코냑, 리큐어, 라즈베리","통카빈, 불가리안 로즈, 카라멜","오크, 프랄린, 샌달우드, 오크모스, 바닐라","우디, 스위트, 프루티","향수는 캐러멜, 장미, 라즈베리가 어우러져 달콤하고 과일 향이 가득한 미식의 향으로 시작하며, 코냑의 따스한 온기로 따뜻함을 더합니다. 오크모스와 바닐라의 웅장한 베이스는 은은한 우디 향의 깊이와 편안한 달콤함을 선사합니다."
33133,https://www.bysuco.com/product/show/33133,포트레이트 오브 어 레이디 오 드 퍼퓸,프레데릭 말,115000.0,https://cf.bysuco.net/79e24bbce82fbf298f39cb5449fedaa3.jpg?w=600,"로즈, 클로브, 라즈베리, 블랙커런트, 시나몬","패츌리, 인센스, 샌달우드","머스크, 벤조인, 앰버","웜 스파이시, 앰버, 로즈","마치 자석처럼 사람을 유혹하고 오감을 만족시키는 아름다움, 최고의 터키쉬 장미 에센스가 방대한 양으로 사용된 새로운 개념의 오리엔탈 로즈의 향"
10526,https://www.bysuco.com/product/show/10526,블레이 부쿠셔 아베끄 모아 오 드 퍼퓸,킬리안,450000.0,https://cf.bysuco.net/aa8fd3593db91189a6147696d304f0e5_cvt.webp?w=600,"일랑일랑, 튜베로즈, 가데니아, 바닐라, 불가리안 로즈, 샌달우드, 시더",,,"화이트 플로랄, 우디, 옐로우 플로랄","화사한 가데니아의 헤드스페이스, 일랑일랑, 감질나는 튜베로즈가 어우러진 정의하기 어려운 우아한 향"
10747,https://www.bysuco.com/product/show/10747,탐 다오 오 드 퍼퓸,딥티크,315000.0,https://cf.bysuco.net/5b75e9f90ff50b27844c0d00418ef34e_cvt.webp?w=600,"사이프러스, 머틀","시더우드, 샌달우드","앰버, 화이트 머스크, 스파이스","우디, 드라이, 소프트, 내추럴","베트남 숲의 고요함을 닮은 샌달우드와 시더우드가 부드럽게 겹쳐지며, 드라이한 우디 결이 차분하게 이어지는 맑고 명상적인 우디 향"
21710,https://www.bysuco.com/product/show/21710,매그놀리아 노빌레 오 드 퍼퓸,아쿠아 디 파르마,250000.0,https://cf.bysuco.net/19bb1e34fb32b88b9097700aed44db91.jpg?w=600,"시트론, 레몬, 베르가못","매그놀리아, 자스민, 튜베로즈, 로즈","베티버, 샌달우드, 바닐라, 패츌리","시트러스, 화이트 플로랄, 플로",화려한 화이트 플로랄 부케향으로 우아하면서 신비하고 세련된 이미지 연출
21313,https://www.bysuco.com/product/show/21313,로 파피에 오 드 뚜왈렛,딥티크,198000.0,https://cf.bysuco.net/11dda84bbaee1bb6d683d5ad2f9ed6d0.jpg?w=600,"화이트 머스크, 라이스 스팀",미모사,우디 노트,"머스크, 파우더리, 소프트, 미니멀","막 펼친 종이의 부드러운 질감을 닮은 라이스 스팀과 머스크가 투명하게 퍼지며, 미모사와 우디 노트가 잔잔히 이어지는 고요하고 섬세한 파우더리 머스크 향"
3406007,https://www.bysuco.com/product/show/3406007,임페리얼 티 오 드 퍼퓸,킬리안,450000.0,https://cf.bysuco.net/febf5db13c4e05c770b9b633c6ed3ed4.webp?w=600,"해초, 그린티, 베르가못","오렌지 블로썸, 프리지아, 자스민","화이트 머스, 베티버","아로마틱, 화이트 플로랄, 시트러",차 한잔을 마시는 듯한 신선하고 모던한 느낌을 선사하는 향.
9273,https://www.bysuco.com/product/show/9273,아란치아 디 카프리 오 드 뚜왈렛,아쿠아 디 파르마,135000.0,https://cf.bysuco.net/bd100d50610374b1b9c8d8468cd10023.jpg?w=600,"스위트 오렌지, 만다린, 레몬","쁘띠그레인, 카다몸","머스크, 캐러멜","시트러스, 프레시, 브라이트, 썸머","카프리 섬의 햇살을 머금은 스위트 오렌지와 만다린이 밝게 터지며, 레몬의 상큼함과 머스크가 어우러져 경쾌하고 청량하게 남는 생기 넘치는 시트러스 향"
10529,https://www.bysuco.com/product/show/10529,스트레이트 투 헤븐 오 드 퍼퓸,킬리안,450000.0,https://cf.bysuco.net/e70109c992c4e56a77e7f4a6b7f65314_cvt.webp?w=600,"럼, 드라이 프루트","시더우드, 파출리, 넛맥","머스크, 앰버, 바닐라","우디, 럼, 스파이시, 인텐스","럼과 드라이 프루트의 짙은 알코올감이 어둡게 퍼지며, 시더우드와 파출리의 스모키한 우디 결이 이어져 관능적이고 깊이 있는 남성적인 무드로 남는 인텐스 우디 럼 향"
23675,https://www.bysuco.com/product/show/23675,발라야 오 드 퍼퓸,퍼퓸 드 말리,450000.0,https://cf.bysuco.net/77eab68855d9d8530906281eb6b0fbd4.jpg?w=600,"알데하이드, 화이트 피치, 베르가못, 만다린 오렌지","오렌지 블라썸, 페탈리아, 릴리오브더밸리, 베티버, 님페알, 마호니아","머스크, 암브록산, 아키갈라우드, 바닐라","머스크, 시트러스, 프레쉬",새하얀 면사포가 피부에 부드럽게 내려앉듯 여성스러움을 강조한 향
9312,https://www.bysuco.com/product/show/9312,믹스드 이모션 오 드 퍼퓸,바이레도,280000.0,https://cf.bysuco.net/1dba754c667da5ef66118cd3c836634e.jpg?w=600,"블랙커런트, 메이트","티, 바이올렛 리프","자작나무, 파피루스","프루티, 우디, 그린",달콤함과 편안함이 대조되어 만들어내는 화합
10236,https://www.bysuco.com/product/show/10236,로 디베 오 드 뚜왈렛,프레데릭 말,350000.0,https://cf.bysuco.net/e2f27da440afa9b6ec28b417f7921e1d_cvt.webp?w=600,"베르가못, 핑크 페퍼","아이리스, 헬리오트로프","머스크, 꿀, 바닐라","머스크, 파우더리, 플로럴, 소프트","차가운 겨울 공기 속에서 하얀 머스크와 아이리스가 투명하게 번지며, 은은한 플로럴과 파우더리한 결이 포근하게 감싸는 고요하고 섬세한 머스크 플로럴 향"
23138,https://www.bysuco.com/product/show/23138,바카라 루쥬 540 엑스트레 드 퍼퓸,메종 프란시스 커정,620000.0,https://cf.bysuco.net/a311e90f92ec73888701b55cf3d3262a.jpg?w=600,"비터 오렌지, 샤프론","이집트 자스민, 시더","앰버그리스, 우디 노트, 머스크","우디, 앰버, 웜 스파이시",프란시스 커정이 선사하는 매혹적인 감각의 연금술
3405530,https://www.bysuco.com/product/show/3405530,H24 에르브 비브 오 드 퍼퓸,에르메스,150000.0,https://cf.bysuco.net/0d20138e4f1af440e449f42e35062b2d.jpg?w=600,허브 노트,페어,피스쿨,"그린, 프루티, 스위트",비가 내린 직후 도심 속 자연의 모습을 그려낸 향
225138,https://www.bysuco.com/product/show/225138,소바쥬 오 드 퍼퓸,디올,160000.0,https://cf.bysuco.net/93f5a1205be6543f088b0eef86c1c092.jpg?w=600,베르가못,"라벤더, 사천 페퍼","앰버, 바닐라, 시더우드","아로마틱, 우디, 앰버, 스파이시","상쾌한 베르가못의 시트러스가 선명하게 터지며, 사천 페퍼의 스파이스와 라벤더가 어우러져 앰버리한 깊이로 이어지는 강인하고 세련된 아로마틱 우디 향"
9876,https://www.bysuco.com/product/show/9876,그레이 베티버 오 드 퍼퓸,톰 포드,245000.0,https://cf.bysuco.net/a35fc3b99b5a69b742a90671c2e1b6b0_cvt.webp?w=600,"자몽, 오렌지 블로썸, 세이지","베티버, 페퍼","오크모스, 우디 노트, 앰버","베티버, 우디, 시트러스, 드라이","상쾌한 시트러스가 깔끔하게 열리며 베티버의 드라이하고 미네랄한 결이 또렷하게 드러나고, 우디 노트가 차분하게 정돈해 주는 맑고 정제된 베티버 우디 향"
10092,https://www.bysuco.com/product/show/10092,도손 오 드 뚜왈렛,딥티크,198000.0,https://cf.bysuco.net/51c6a91c6bdb11afc0cbf1a823d533c5_cvt.webp?w=600,오렌지 블로썸,"튜베로즈, 자스민",머스크,"화이트 플로럴, 플로럴, 프레시, 소프트","햇살 아래 피어난 튜베로즈의 크리미한 꽃향이 바닷바람처럼 가볍게 퍼지며, 오렌지 블로썸과 머스크가 부드럽게 이어지는 밝고 관능적인 화이트 플로럴 향"
9373,https://www.bysuco.com/product/show/9373,어벤투스 포 허 오 드 퍼퓸,크리드,350000.0,https://cf.bysuco.net/22940aa0bace6685b4617e5fafb3306e_cvt.webp?w=600,"그린 애플, 핑크 페퍼, 베르가못","로즈, 자스민, 일랑일랑","머스크, 샌달우드, 블랙커런트","프루티, 플로럴, 우디, 세련된","상큼한 그린 애플과 핑크 페퍼의 생기 있는 시작 위로 로즈와 자스민이 우아하게 피어나며, 머스크와 우디 노트가 부드럽게 이어지는 자신감 있고 세련된 프루티 플로럴 향"
22747,https://www.bysuco.com/product/show/22747,H24 오 드 퍼퓸,에르메스,129000.0,https://cf.bysuco.net/7f676dfef38e16f4b800f9cfc762c12d.jpg?w=600,클라리 세이지,나르시스,"스클라렌, 우디 노트","아로마틱, 앰버, 그린, 모던","허브와 나르시스의 그린함 위로 앰버리한 스클라렌과 우디 노트가 더해져, 메탈릭한 도시의 공기를 닮은 깊고 현대적인 아로마틱 앰버 향"
10304,https://www.bysuco.com/product/show/10304,상탈 33 오 드 퍼퓸,르 라보,458000.0,https://cf.bysuco.net/9d770ad6f633d72b9de1122bb78cec6a.jpg?w=600,"샌달우드, 레더, 파피루스, 버지니아 시더, 카다멈, 바이올렛, 아이리스, 앰버",,,"우디, 파우더리, 레더","타오르는 모닥불과 스모키하게 날리는 연기, 빛이 사라지고 난 이후에 느껴지는 센슈얼한 무드를 표현한 향"
10363,https://www.bysuco.com/product/show/10363,우드 세이지 앤 씨 솔트 오 드 코롱,조 말론,110000.0,https://cf.bysuco.net/57e6edb36181775481850b04c5c6198e_cvt.webp?w=600,"씨 솔트, 앰브레트",세이지,우디 노트,"아쿠아틱, 우디, 미네랄, 내추럴","바닷바람에 씻긴 소금기와 미네랄이 시원하게 퍼지며, 우드 세이지의 드라이한 허브 결이 이어져 자유롭고 자연스러운 무드로 남는 맑은 아쿠아틱 우디 향"
225137,https://www.bysuco.com/product/show/225137,소바쥬 퍼퓸,디올,188000.0,https://cf.bysuco.net/73c13c2fd5670d543dc785ca5defac90.jpg?w=600,"베르가못, 만다린 오렌지, 엘레미",샌달우드,"올리바넘, 통카 빈, 바닐라","시트러스, 우디, 앰버","앰버 톤과 어우러지며 만다린과 통카 빈, 샌달우드가 독특항 향을 선사"
22759,https://www.bysuco.com/product/show/22759,우드 세이지 앤 씨 솔트 오 드 코롱,조 말론,168000.0,https://cf.bysuco.net/247d676d85f64588ab7f42ddef3322ff.jpg?w=600,"씨 솔트, 앰브레트",세이지,우디 노트,"아쿠아틱, 우디, 미네랄, 내추럴","차가운 바닷바람에 실린 소금기와 미네랄이 맑게 퍼지며, 우드 세이지의 드라이한 허브 결이 이어져 자유롭고 자연스럽게 남는 깨끗한 아쿠아틱 우디 향"
10396,https://www.bysuco.com/product/show/10396,세일링 데이 오 드 뚜왈렛,메종 마르지엘라,110000.0,https://cf.bysuco.net/88dbe39fc75b3fa8f31a1e6fa9583e1e.jpg?w=600,"알데하이드, 레드 씨위드","주니퍼 베리, 코리앤더","앰버우드, 시더우드","아쿠아틱, 마린, 프레시, 쿨","탁 트인 바다 위를 가르는 바람처럼 시원한 아쿠아틱 노트가 퍼지며, 알데하이드의 깨끗한 공기감과 주니퍼가 어우러져 산뜻하고 자유롭게 남는 청량한 마린 프레시 향"
3407406,https://www.bysuco.com/product/show/3407406,웬 더 레인 스탑스 오 드 뚜왈렛,메종 마르지엘라,40000.0,https://cf.bysuco.net/0e35aee52d954a9ebcbcba36144355b9.jpg?w=600,"그린 노트, 베르가못, 핑크 페퍼","워터리 노트, 레인 노트, 터키쉬 로즈, 자스민","소나무, 모스, 패패츌리","아쿠아틱, 우디, 그린","기억 속, 다양한 순간의 시간과 장소를 담아 낸 향수"
3406669,https://www.bysuco.com/product/show/3406669,유 오어 썸원 라이크 유 오 드 퍼퓸,에따 리브르 도량쥬,150000.0,https://cf.bysuco.net/f328e369b138248c25d92a65c2fa75dc.webp?w=600,"베르가못, 블랙커런트, 그린 노트, 레몬, 토마토 잎","스민, 민트, 퍼티 트리","앰브록스, 시더, 머스크","그린, 아로마틱, 프레쉬 스파이시","생동감 넘치고 활력 넘치는 블렌딩 노트로 감각을 라로 잡는 향
    향기의 핵심은 싱그러운 그린 노트, 카시스, 장미, 그리고 헤디온으로 이루어져 세련되고 향기로운 깊이를 더합니다. 
    마지막으로, 화이트 머스크의 베이스 노트는 부드럽고 오래 지속되는 여운을 선사하며 잊을 수 없는 인상을 남깁니다."
10554,https://www.bysuco.com/product/show/10554,롬브르 단 로 오 드 뚜왈렛,딥티크,198000.0,https://cf.bysuco.net/fb4f8e687deadc56c62aac75dd7dccea_cvt.webp?w=600,"블랙커런트 잎, 페티그레인",로즈,파출리,"그린, 플로럴, 드라이, 내추럴","비에 젖은 정원을 스치는 블랙커런트 잎의 그린함이 선명하게 퍼지며, 로즈와 흙 내음의 파출리가 어우러져 자연 그대로의 생동감을 전하는 깊고 드라이한 그린 플로럴 향"
3406000,https://www.bysuco.com/product/show/3406000,패러독스 버츄얼 플라 오 드 퍼퓸,프라다,220000.0,https://cf.bysuco.net/a129a563bd50d4995f52285e85fb3092.webp?w=600,베르가못,"네롤리, 자스민","앰버, 머스크","화이트 플로랄, 머스크, 시트러스",안개속에서 피어난 플로럴 머스크 향
22414,https://www.bysuco.com/product/show/22414,엉 빠썽 오 드 퍼퓸,프레데릭 말,115000.0,https://cf.bysuco.net/6a8a34ac618082c25f395d768a8ae2a3.jpg?w=600,"라일락, 워터리 노트, 오이, 밀, 페티그레인",,,"플로랄, 아쿠아틱","봄, 가든 한 켠 바람에 스친 향기로운 라일락, 따스하고 빛나며 고요하고 평화로운 향"
1793989,https://www.bysuco.com/product/show/1793989,떼 마차 26 오 드 퍼퓸 (벌크제품),르 라보,250000.0,https://cf.bysuco.net/ebe2cc3112c7cd290d3d98473fa859fa.webp?w=600,"튜베로즈, 릴리, 자스민, 바닐라, 머스크, 우디 노트",,,"우디, 프루티, 시트러스",외부의 소란으로부터 벗어나게 하고 내면으로 돌아오게 하는 향
22164,https://www.bysuco.com/product/show/22164,로얄 워터 오 드 퍼퓸,크리드,410000.0,https://cf.bysuco.net/bca4ed3e30765a389dfc672716ef6fb8.jpg?w=600,"시트러스, 레몬 버베나, 만다린 오렌지, 베르가못","바질, 올스파이스, 큐민","머스크, 시더우드","프레쉬 스파이시, 아로마틱, 그린",영국왕실에 의해 영감을 받은 향
3405894,https://www.bysuco.com/product/show/3405894,떼르 데르메스 오 지브레 오 드 퍼퓸,에르메스,58000.0,https://cf.bysuco.net/945f4e74a4abf2d31ef252dedb346b3c.webp?w=600,시트론,"주니퍼 베리, 티무르","우디 노트, 미네랄 노트","시트러스, 우디, 프레쉬 스파이시",얼음의 열기를 담은 시트러스와 우디의 조화
3406087,https://www.bysuco.com/product/show/3406087,레이지 선데이 모닝 오 드 뚜왈렛,메종 마르지엘라,40000.0,https://cf.bysuco.net/670e165efbec76779789d766af650b8b.webp?w=600,"알데하이드, 릴리오브더밸리, 페어","장미, 아이리스, 오렌지 블로썸","화이트 머스크, 암브레트, 인도네시아 페출리 리프","머스크, 프레쉬, 화이트 플로랄","여름의 일요일 아침, 갓 세탁한 린넨 시트의 부드러움에 잠에서 깨어나 깨끗한 햇살이 피부를 부드럽고 따뜻하게 하는 것을 느낄 수 있는 향"
32445,https://www.bysuco.com/product/show/32445,버블 바스 오 드 뚜왈렛,메종 마르지엘라,110000.0,https://cf.bysuco.net/9f52a71bf9cf9644798af4fa5b40d45a.jpg?w=600,"비누, 베르가못","라벤더, 자스민, 로즈","코코넛, 화이트 머스크, 패츌리","솝, 코코넛, 머스크",따뜻하고 완벽한 목욕시간이 떠오르는 향
10532,https://www.bysuco.com/product/show/10532,롤링 인 러브 오 드 퍼퓸,킬리안,450000.0,https://cf.bysuco.net/b395850a7cdef7adee57dc56c12041bd.jpg?w=600,"아몬드 밀크, 프리지아","아이리스, 튜베로즈","바닐라, 통카빈, 머스크","앰버, 스위트, 머스크, 크리미","부드러운 아몬드 밀크의 크리미한 포근함이 피부에 밀착되듯 퍼지며, 아이리스와 머스크가 겹쳐져 바닐라와 통카빈으로 달콤하고 관능적으로 이어지는 깊은 러브 앰버 향"
10645,https://www.bysuco.com/product/show/10645,오 로즈 오 드 뚜왈렛,딥티크,198000.0,https://cf.bysuco.net/4400f08fe0ad2207c95d85f5386423ae_cvt.webp?w=600,"리치, 블랙커런트","다마스크 로즈, 센티폴리아 로즈","머스크, 허니 노트","로즈, 플로럴, 프레시, 내추럴","막 피어난 장미 꽃잎의 생기와 과즙이 투명하게 퍼지며, 리치와 블랙커런트의 상큼함이 더해져 머스크로 깨끗하게 마무리되는 밝고 싱그러운 로즈 플로럴 향"
3408170,https://www.bysuco.com/product/show/3408170,피그 에로티크 오 드 퍼퓸,톰 포드,360000.0,https://cf.bysuco.net/76db190ece2196ef37e5bd2c85fb755b.jpg?w=600,,,,,
225458,https://www.bysuco.com/product/show/225458,떼 누아 29 오 드 퍼퓸,르 라보,138000.0,https://cf.bysuco.net/c079a9ca6b61f84d73c823b53e001e48.jpg?w=600,"무화과, 월계수잎, 베르가못","시더, 베티버, 머스크","토바코, 건초","우디, 프레쉬 스파이시, 스위트",블랙 티 잎의 우아하고 아름다운 향에 바치는 찬가와도 같은 향
23150,https://www.bysuco.com/product/show/23150,아쿠아 유니버셜 오 드 뚜왈렛,메종 프란시스 커정,220000.0,https://cf.bysuco.net/437480cdb52ea525bc38f156d89ada36.jpg?w=600,"릴리오브더밸리, 아말피 레몬, 베르가못, 머스크, 오렌지 블라썸, 오렌지, 우디 노트",,,"시트러스, 화이트 플로랄, 프레쉬",상쾌한 느낌의 관능적이고 부드러운 향
10538,https://www.bysuco.com/product/show/10538,세이크리드 우드 오 드 퍼퓸,킬리안,450000.0,https://cf.bysuco.net/f2c0c32a1bc49a5e22203912b4504f18_cvt.webp?w=600,"우디, 밀크, 핑크 페퍼","카라웨이, 당근, 스파이시","앰버, 샌달우드","우디, 파우더리, 웜 스파이시",아시아의 매력을 담은 향기로운 나무가 지닌 신비로운 마법을 불러내는 향
9630,https://www.bysuco.com/product/show/9630,쟈도르 오 드 퍼퓸,디올,128000.0,https://cf.bysuco.net/a1f46e4888acaaa454ab2ccb6312fdfd.jpg?w=600,"배, 멜론, 매그놀리아","자스민, 로즈, 튜베로즈","바닐라, 머스크, 시더우드","플로럴, 화이트 플로럴, 프루티, 클래식","잘 익은 배와 멜론의 투명한 과즙이 화사하게 열리며, 자스민과 로즈가 풍성하게 피어나 바닐라와 머스크로 우아하고 부드럽게 남는 클래식한 플로럴 부케 향"
22171,https://www.bysuco.com/product/show/22171,그린 아이리쉬 트위드 오 드 퍼퓸,크리드,410000.0,https://cf.bysuco.net/b5b8dd6b666ee950130c04b42402de6e.jpg?w=600,"레몬 버베나, 아이리스",바이올렛 리프,"앰버그리스, 샌달우드","시트러스, 오조닉, 파우더리",클래식한 푸제르 계열이 만들어내는 독특한 수목의 향
9310,https://www.bysuco.com/product/show/9310,슈퍼 시더 오 드 퍼퓸,바이레도,280000.0,https://cf.bysuco.net/89c795481ee84a1717fd68cfeed5faa1.jpg?w=600,로즈페탈,버지니안 시더우드,"하이티안 베티버, 실크 머스크","우디, 아로마틱, 파우더리",삼나무로된 통나무집에서 사는 인물이 연상되는 향
21143,https://www.bysuco.com/product/show/21143,필로시코스 오 드 퍼퓸,딥티크,315000.0,https://cf.bysuco.net/bb54518a5e0ff96617b826d6f4379015_cvt.webp?w=600,"무화과 잎, 무화과","코코넛, 그린 노트","시더우드, 우디 노트","그린, 프루티, 우디, 크리미","햇볕에 데워진 무화과 나무 아래서 무화과 잎의 그린함과 과즙의 달콤함이 자연스럽게 어우러지며, 코코넛과 우디 노트가 크리미하게 감싸는 깊고 부드러운 그린 프루티 향"
13998,https://www.bysuco.com/product/show/13998,H24 오 드 뚜왈렛,에르메스,120000.0,https://cf.bysuco.net/20ff4593b847be9f0e5b5d45b8e1322c.webp?w=600,"클레어리 세이지, 나르시소스, 브라질리안 로즈우드, 스클라렌",,,"아로마틱, 옐로우 플로랄, 소프트 스파이시",뜨거운 철을 닮은 강렬하고 감각적인 향
10597,https://www.bysuco.com/product/show/10597,필로시코스 오 드 뚜왈렛,딥티크,275000.0,https://cf.bysuco.net/a53fb8f45d1af014a957a4fecbde5c4d_cvt.webp?w=600,"무화과 잎, 무화과","코코넛, 그린 노트","시더우드, 우디 노트","그린, 프루티, 우디, 내추럴","햇볕에 데워진 무화과 나무 아래서 잘 익은 무화과 잎과 과즙이 자연스럽게 어우러지며, 코코넛과 우디 노트가 부드럽게 감싸는 싱그럽고 크리미한 그린 프루티 향"
3407967,https://www.bysuco.com/product/show/3407967,애플 브랜디 온 더 락스 오 드 퍼퓸,킬리안,129000.0,https://cf.bysuco.net/3f3a2676bd9e223c57147e5eab8744f1.jpg?w=600,"카다멈, 베르가못","애플, 럼, 브랜디, 파인애플, 바닐라, 모스","암브록산, 시더","프루티, 우디, 웜 스파이시","사과의 프루티한 블렌드가 브랜디와 조화를 이루며 럼주, 모스, 바닐라의 향을 이용해 재구성한 향"
10074,https://www.bysuco.com/product/show/10074,오 카피탈 오 드 퍼퓸,딥티크,315000.0,https://cf.bysuco.net/745c9753a57f3156658faf320a10e2ea_cvt.webp?w=600,"핑크 페퍼, 베르가못",로즈,페출리,"로즈, 페출리, 우디",은은하면서 관능적인 조화로움이 담긴 향
32446,https://www.bysuco.com/product/show/32446,온 어 데이트 오 드 뚜왈렛,메종 마르지엘라,110000.0,https://cf.bysuco.net/2935c4552e92a5e5a0c06f2038321ec1.jpg?w=600,"블랙커런트 시럽, 핑크 페퍼, 베르가못","로즈, 제라늄, 다바나","페출리, 모스, 베티버, 머스크","로즈, 프루티, 우디",해질녘 마법 같은 데이트와 같은 향
10722,https://www.bysuco.com/product/show/10722,쏠레이 블랑 오 드 퍼퓸,톰 포드,260000.0,https://cf.bysuco.net/b45c45675eba4a6496fd5fcc7bb677c7.jpg?w=600,"베르가못, 피스타치오, 카다몸","일랑일랑, 자스민, 튜베로즈","코코넛, 앰버, 벤조인","앰버, 플로럴, 크리미, 썸머","눈부신 햇살 아래 코코넛과 피스타치오의 크리미한 달콤함이 퍼지며, 화이트 플로럴과 앰버가 어우러져 휴양지의 여유처럼 따뜻하고 관능적으로 남는 선키스드 앰버 플로럴 향"
3406437,https://www.bysuco.com/product/show/3406437,에흐.베. 오 드 퍼퓸,도르세,179000.0,https://cf.bysuco.net/b639cce309ddd7cc58f1e7891bfa6555.jpg?w=600,"알데하이드, 핑크 페퍼","캐시메란, 터키쉬 로즈, 프리지아","머스크, 인센스, 샌달우드","머스크, 파우더리, 알데하이드","사랑을 상징하는 가장 아름다운 꽃, 장미를 중심으로 만들어진 향"
9791,https://www.bysuco.com/product/show/9791,로르프린느 오 드 퍼퓸,세르주 루텐,205000.0,https://cf.bysuco.net/d39c594b533b01d12b381c8ae3ebbd9a.jpg?w=600,"인센스, 머스크",,,"머스크, 앰버, 스모크",잿빛의 다크한 머스크 향
15614,https://www.bysuco.com/product/show/15614,롬브르 단 로 오 드 퍼퓸,딥티크,315000.0,https://cf.bysuco.net/cac6b39557139168fb0032745ef1d619_cvt.webp?w=600,"블랙커런트 잎, 페티그레인",로즈,파출리,"그린, 플로럴, 어시, 내추럴","비에 젖은 정원의 블랙커런트 잎이 짙게 퍼지며 로즈의 생기와 파출리의 흙 내음이 겹쳐져, 자연의 그림자처럼 깊고 촉촉하게 남는 그린 플로럴 향"
10739,https://www.bysuco.com/product/show/10739,비터 피치 오 드 퍼퓸,톰 포드,360000.0,https://cf.bysuco.net/f4957650caf3ac35e062428dc66ec671.jpg?w=600,"복숭아, 블러드 오렌지, 카다멈, 헬리오트로프","럼, 코냑, 다바나, 자스민","인도네시안 패츌리 리프, 바닐라, 샌달우드, 통카빈, 벤조인, 캐쉬미란, 때죽나무, 랍다넘, 베티버","우디, 웜스파이시, 앰버",패츌리 덤불사이로 흘러나오는 복숭아 과즙의 향
694052,https://www.bysuco.com/product/show/694052,언더 더 레몬 트리 오 드 뚜왈렛,메종 마르지엘라,220000.0,https://cf.bysuco.net/85dbe2cedebc4bc3218363578f0e3256.jpg?w=600,"라임, 페티그레인, 카다멈","그린티, 마테, 코리안더","화이트 머스크, 시더, 록 로즈","시트러스, 그린, 아로마틱",따뜻한 여름날 레몬나무 아래서 낮잠을 자는듯한 상쾌한 시트러스의 상큼한 향
225718,https://www.bysuco.com/product/show/225718,바닐 파탈 오 드 퍼퓸,톰 포드,353000.0,https://cf.bysuco.net/c605b2b75e46cf944bfa4927a13e8586.jpg?w=600,"럼, 몰약, 올리바넘, 사프란, 코리앤더, 오렌지, 라임","보리, 커피, 자두, 프랑지파니, 수선화, 쑥, 로즈","마다가스카르, 바닐라, 스웨이드, 담배, 마호가니, 파출리, 오크모스, 바이올렛","바닐라, 웜 스파이시, 스위트","진하고 매혹적인 바닐라를 중심으로 커피, 사프란, 코리앤더 같은 스파이스와 다크 우드 향이 어우러진 유니섹스 향수
은은한 달콤함 속에 스모키하고 깊은 베이스가 느껴져 가을·겨울 야간이나 특별한 자리에서 세련된 존재감을 발휘하는 향"
10776,https://www.bysuco.com/product/show/10776,오 로즈 오 드 퍼퓸,딥티크,315000.0,https://cf.bysuco.net/f0e8f75d7fe40a0664e0b9a6956835e5_cvt.webp?w=600,리치,"다마스크 로즈, 그라스 로즈, 로즈 워터, 카모마일, 아티초크","머스크, 우디 노트","로즈, 플로랄, 프루티",장미 본연의 향기를 더욱 생생하게 느낄 수 있는 향수
34192,https://www.bysuco.com/product/show/34192,베티버 엑스트라오디네르 오 드 퍼퓸,프레데릭 말,115000.0,https://cf.bysuco.net/8f75d325719e0db6bc6bd2f45f8a45c5.jpg?w=600,"비터 오렌지, 베르가못","베티버, 핑크 페퍼, 클로브","시더, 오크모스, 미르, 샌달우드, 머스크","우디, 아로마틱, 시트러스",매우 높은 함량의 맑고 신선한 베티버 향
3406956,https://www.bysuco.com/product/show/3406956,프리베 테 울롱 오 드 뚜왈렛,조르지오 아르마니,230000.0,https://cf.bysuco.net/a912daa7c1aa342e153d788e42eac96c.jpg?w=600,"그린 만다린, 라임, 페티그레인","그린티, 블랙티, 자스민, 오렌지 블로섬","베티버, 가이악 우드","시트러스, 그린, 화이트 플로랄",짙은 안개가 어린 울룩산 블랙티 밭에서의 산책
3407968,https://www.bysuco.com/product/show/3407968,굿걸 곤 배드 오 드 퍼퓸,킬리안,129000.0,https://cf.bysuco.net/261374048948686188ea69df498ce42c.jpg?w=600,"오스만투스, 자스민, 로즈","튜베로즈, 나르시소스","앰버, 시더","플로랄, 화이트 플로랄, 프루티",바람에 흩날리는 꽃의 향이 순수하지만 동시에 유혹적인 바이브를 전달하는 관능적인 향
3407403,https://www.bysuco.com/product/show/3407403,바카라 루쥬 540 엑스트레 드 퍼퓸,메종 프란시스 커정,139000.0,https://cf.bysuco.net/cab27dbbd0b0c78c65cc66467374fc5f.jpg?w=600,"비터 오렌지, 샤프론","이집트 자스민, 시더","앰버그리스, 우디 노트, 머스크","우디, 앰버, 웜 스파이시",프란시스 커정이 선사하는 매혹적인 감각의 연금술
9367,https://www.bysuco.com/product/show/9367,밀레지움 임페리얼 오 드 퍼퓸,크리드,410000.0,https://cf.bysuco.net/c860ee685fbe74f79d68920214400fa9.jpg?w=600,"베르가못, 만다린, 레몬","아이리스, 마린 노트","머스크, 샌달우드, 앰버","마린, 프루티, 프레시, 클래식","소금기 머금은 바닷바람 같은 시트러스와 과일의 산뜻함이 맑게 펼쳐지며, 머스크와 우디 노트가 부드럽게 이어져 귀족적인 여유와 청량함을 남기는 세련된 마린 프루티 향"
641862,https://www.bysuco.com/product/show/641862,오드 우드 오 드 퍼퓸 세트,톰 포드,422000.0,https://cf.bysuco.net/fed05157cfafd20ee11c0a71ac4fc7df.webp?w=600,"로즈우드, 카다몸","우드 노트, 베티버","앰버, 바닐라, 통카빈","우디, 스파이시, 웜, 럭셔리","스모키한 우드와 스파이스가 깊게 어우러지며, 따뜻한 앰버와 바닐라가 잔향으로 남는 묵직하고 세련된 우디 스파이시 향"
22994,https://www.bysuco.com/product/show/22994,001 우먼 오 드 퍼퓸,로에베,157000.0,https://cf.bysuco.net/1499a1eabd965c1243ef159a582fd952.jpg?w=600,"탠저린, 핑크 페퍼, 베르가못","샌달우드, 이집트 자스민, 린넨 어코드","바닐라, 앰버, 머스크","우디, 파우더리, 시트러스",첫날 밤 이후의 속삭임처럼 부드럽고 은밀한 우디 향
23665,https://www.bysuco.com/product/show/23665,헤로드 오 드 퍼퓸,퍼퓸 드 말리,355000.0,https://cf.bysuco.net/6eb189bb8413d147141e9d6cfcfc57e9.jpg?w=600,"시나몬, 페퍼우드","타바코 리프, 인센스, 오스만투스, 랍다넘","바닐라, 이소이수퍼, 시더, 머스크, 나가르모타, 베티버","타바코, 바닐라, 웜 스파이시",부드럽고 따뜻한 우디 프루티 구어망드 향
20891,https://www.bysuco.com/product/show/20891,도손 오 드 퍼퓸,딥티크,315000.0,https://cf.bysuco.net/7f25d25d9e55f6356ea59a70932c1930.jpg?w=600,오렌지 블로썸,"튜베로즈, 자스민",머스크,"화이트 플로럴, 플로럴, 크리미, 관능적인","따뜻한 햇살 아래 만개한 튜베로즈의 크리미한 꽃향이 깊게 퍼지며, 오렌지 블로썸과 머스크가 어우러져 관능적이면서도 부드럽게 남는 풍성한 화이트 플로럴 향"
21141,https://www.bysuco.com/product/show/21141,샹스 오 땅드르 오 드 퍼퓸,샤넬,139000.0,https://cf.bysuco.net/f1bdb5479cef90ee3c443db7a6ace539.jpg?w=600,"자몽, 퀸스","재스민, 로즈","화이트 머스크, 시더우드","프루티, 플로럴, 프레시, 로맨틱","자몽과 퀸스의 상큼한 과즙이 부드럽게 열리며, 재스민과 로즈의 맑은 플로럴이 겹쳐져 화이트 머스크로 산뜻하고 사랑스럽게 남는 밝고 로맨틱한 프루티 플로럴 향"
3405279,https://www.bysuco.com/product/show/3405279,낫 어 퍼퓸 오 드 퍼퓸,줄리엣 헤즈 어 건,59000.0,https://cf.bysuco.net/308779bc0bd7bd8878f3b134bff2c646.jpg?w=600,"암브록산, 세타록스",,,"앰버, 머스크, 우디",세타록스를 단일 향조로 내세우며 클린하고 미니멀한 감성을 강조한 향수입니다.
9542,https://www.bysuco.com/product/show/9542,떼르 데르메스 오 드 퍼퓸,에르메스,58000.0,https://cf.bysuco.net/212bb6f2cc5b058bd9cfceb678a05bf3.jpg?w=600,"오렌지, 그레이프 프룻","페퍼, 펠라고늄, 플린트","베티버, 시더, 페출리, 벤조인","시트러스, 우디, 프레쉬 스파이시",강렬하고 따뜻한 우드가 부드러운 안식향 및 화사한 시소와 이루는 조화
3406307,https://www.bysuco.com/product/show/3406307,키스 프롬 어 로즈 오 드 퍼퓸,킬리안,450000.0,https://cf.bysuco.net/78ce82df9f0b86665494779bcb57c3bb.webp?w=600,"그린노트, 블랙 커런트","메이 로즈, 자스민 삼박","시프리올 오일, 화이트 머스크","그린, 로즈, 우디","벨벳처럼 부드러운 장미 꽃잎과 가시처럼 날카로운 초록색 풀잎 어코드가 흔들리는 펜듈럼처럼 아름다움과 위험함,
 화려함과 투명함 사이를 넘나드는 향."
23449,https://www.bysuco.com/product/show/23449,오스만투스 오 드 퍼퓸,아쿠아 디 파르마,425000.0,https://cf.bysuco.net/b060ff383843b36f74939ac0031dac36.jpg?w=600,"네롤리, 그린 만다린","피오니, 암브레트, 핑크페퍼","오스만투스, 패츌리","플로랄, 프루티, 시트러스",오스만투스를 조력하는 향조들로 인해 더욱 풍성하고 활기찬 아름다움을 연출
3408345,https://www.bysuco.com/product/show/3408345,허 마제스티 오 드 퍼퓸,킬리안,450000.0,https://cf.bysuco.net/e108286199874d863d571e492ee5c2c9.jpg?w=600,,,,"우디, 로즈, 프루티",산들바람에 눈처럼 흩어지는 벚꽃잎의 우아함과 강인함을 표현한 향
9874,https://www.bysuco.com/product/show/9874,토바코 바닐 오 드 퍼퓸,톰 포드,260000.0,https://cf.bysuco.net/c256278d97b3686546bebc6800199268.jpg?w=600,"타바코 리프, 스파이시 노트","바닐라, 카카오, 통카 빈, 타바코 블라썸","건조과일, 우디 노트","바닐라, 스위트, 타바코",꼬냑으로 가득한 영국 신사들의 클럽에서 영감을 받아 클래식한 향을 재창조했다.
3406011,https://www.bysuco.com/product/show/3406011,토리노 21 오 드 퍼퓸,제르조프,280000.0,https://cf.bysuco.net/bdc57a00e06aa3a4dec51fd5d085e952.jpg?w=600,"민트, 레몬, 바질, 타임","블랙 커런트, 로즈마리, 라벤더, 자스민","머스크, 버베나","아로마틱, 프레쉬 스파이시, 그린",활력을 북돋고 신선함을 선사하는 활기찬 에너지가 담긴 향수
10606,https://www.bysuco.com/product/show/10606,레이튼 오 드 퍼퓸,퍼퓸 드 말리,355000.0,https://cf.bysuco.net/13da2b6cd5583981c25c0d4826533489.jpg?w=600,"애플, 라벤더, 베르가못, 만다린 오렌지","제라늄, 바이올렛, 자스민","바닐라, 카다멈, 샌달우드, 페퍼, 가이악우드, 페출리","웜 스파이시, 바닐라, 프레쉬 스파이시",성공한 남자의 향
3405849,https://www.bysuco.com/product/show/3405849,데저트 던 오 드 퍼퓸,바이레도,280000.0,https://cf.bysuco.net/620781f22d2e88fb30d064a66213da60.jpg?w=600,"카다멈, 로즈 폐탈","시더우드, 샌달우드, 캐롯 시드","파피루스, 베티버, 실크 머스크","우디, 파우더리, 머스크",스파이시하면서 따뜻하게 감싸주는
22998,https://www.bysuco.com/product/show/22998,솔로 엘라 오 드 퍼퓸,로에베,157000.0,https://cf.bysuco.net/d904a5e778f9b4a7303cc359a8aafc05.jpg?w=600,"사과, 배, 복숭아, 비터 오렌지","자스민 삼박, 오렌지 블라썸, 그린티, 헬리오트로프, 바이올렛, 다마스크 로즈","화이트우드, 앰버, 버지니아 시더","화이트 플로랄, 프루티, 프레쉬",달콤한 과일과 화이트 플로랄이 선사하는 페미닌하면서도 다채로움
10237,https://www.bysuco.com/product/show/10237,포트레이트 오브 어 레이디 오 드 퍼퓸,프레데릭 말,310000.0,https://cf.bysuco.net/a5b284da3da17dcc0a57091be03a2f98.jpg?w=600,"로즈, 클로브, 라즈베리, 블랙 커런트, 시나몬","페출리, 인센스, 샌달우드","머스크, 벤조인, 앰버","웜 스파이시, 앰버, 로즈",새로운 개념의 오리엔탈 로즈향의 향수
225417,https://www.bysuco.com/product/show/225417,리에종 데인저러스 오 드 퍼퓸,킬리안,450000.0,https://cf.bysuco.net/31154897cf0cb06105ad66add9201797.jpg?w=600,"피치, 플럼, 블랙 커런트, 코코넛","로즈, 제라늄, 암브레트, 시나몬","머스크, 샌달우드, 우디 노트, 오크모스, 베티버, 바닐라","프루티, 스위트, 우디",격정스런 밤의 열정을 닮은 프루티 향
10238,https://www.bysuco.com/product/show/10238,뮤스크 라바줴 오 드 퍼퓸,프레데릭 말,310000.0,https://cf.bysuco.net/9888735b5f6908556b3548f5c46a0e2b.jpg?w=600,"라벤더, 탠저린, 베르가못","시나몬, 클로브","머스크, 바닐라, 통카 빈, 앰버, 샌달우드, 과이액목, 시더","웜 스파이시, 바닐라, 파우더리",섹시하고 격동적인 향
9888,https://www.bysuco.com/product/show/9888,옴브레 레더 오 드 퍼퓸,톰 포드,252000.0,https://cf.bysuco.net/ec1c5dce39347eeb418cfd13ae50da79.jpg?w=600,카다몸,"레더, 자스민","앰버, 모스, 파출리","레더, 스파이시, 우디, 인텐스","거칠고 묵직한 블랙 레더의 질감이 강렬하게 펼쳐지며, 스파이스와 우디 노트가 어둡게 겹쳐져 관능적이고 대담한 여운으로 남는 인텐스 레더 향"
34139,https://www.bysuco.com/product/show/34139,프로미스 오 드 퍼퓸,프레데릭 말,430000.0,https://cf.bysuco.net/aa1547f79633a745d473c492ad3a0e0d.jpg?w=600,"사과, 핑크페퍼, 로즈마리","불가리안 로즈, 터키쉬 로즈, 클로브","사이프리올 오일, 패츌리, 캐스토리움, 랍다넘, 암브록산","우디, 얼씨, 로즈",사과의 상큼함과 어우러지는 고혹적인 장미와 스모키한 우디함의 만남
3408115,https://www.bysuco.com/product/show/3408115,콜로니아 에센자 오 드 코롱,아쿠아 디 파르마,210000.0,https://cf.bysuco.net/c814851762bd7bf05d4fcd496fabe3dc.webp?w=600,"베르가못, 레몬, 오랜지, 네롤리","로즈마리, 로즈, 릴리 오브 더 밸리, 클로브","베티버, 패츌리, 머스크, 앰버","시트러스, 아로마틱",웅축된 콜로니아에 우디함을 더해 시원하면서도 고급스럽지만 편안한 이미지 연출
3407405,https://www.bysuco.com/product/show/3407405,버블 바스 오 드 뚜왈렛,메종 마르지엘라,40000.0,https://cf.bysuco.net/a26302823025e4a939da40f1b69606ac.jpg?w=600,"비누, 베르가못","라벤더, 자스민, 로즈","코코넛, 화이트 머스크, 패츌리","솝, 코코넛, 머스크",따뜻하고 완벽한 목욕시간이 떠오르는 향
3405998,https://www.bysuco.com/product/show/3405998,비레레 오 드 퍼퓸,이솝,199000.0,https://cf.bysuco.net/4d40b67f9b9b8864d5fd5a416191053c.webp?w=600,"페티스레인, 시트러스",바질,"베티버, 클로브","그린, 프레쉬 스파이시, 아로마틱",마음을 반짝이는 추억으로 이끌어 주는 향기
3405215,https://www.bysuco.com/product/show/3405215,화이트 스웨이드 오 드 퍼퓸 세트,톰 포드,422000.0,https://cf.bysuco.net/57e01c70511dfac4a9001a32935e7ae2.webp?w=600,"로즈, 사프란","스웨이드, 자스민","머스크, 앰버, 샌달우드","레더, 머스크, 플로럴, 소프트","부드러운 스웨이드 가죽의 결을 닮은 머스크와 로즈가 은은하게 스며들며, 앰버와 샌달우드가 차분한 온기로 감싸는 깨끗하고 관능적인 레더 머스크 향"
3406971,https://www.bysuco.com/product/show/3406971,엔젤스 쉐어 오 드 퍼퓸,킬리안,85000.0,https://cf.bysuco.net/9ba9ea425f7ec859d3ebb3194b4fc496.jpg?w=600,코냑,"시나몬, 통카 빈, 오크","바닐라, 프랄린, 샌달우드","우디, 웜 스파이시, 스위트",오크통에서 오래 숙성된 코냑을 떠올리며 만든 향
9212,https://www.bysuco.com/product/show/9212,프리지아 오 드 코롱,산타 마리아 노벨라,210000.0,https://cf.bysuco.net/dec0fb3fe3ca202108fd0f5756e46fa9.jpg?w=600,그린 노트,프리지아,머스크,"플로럴, 그린, 프레시, 라이트","햇살 아래 막 피어난 프리지아의 맑고 투명한 꽃향이 은은하게 퍼지며, 그린 노트와 머스크가 가볍게 이어지는 깨끗하고 순수한 플로럴 코롱 향"
225113,https://www.bysuco.com/product/show/225113,쟈도르 퍼퓸 도 오 드 퍼퓸,디올,212000.0,https://cf.bysuco.net/68350ea6b864397b495044bf167c8b20.jpg?w=600,"자스민 삼박, 그린 노트, 매그놀리아, 허니써클, 네롤리, 로즈",,,"화이트 플로랄, 플로랄, 그린",강렬하면서도 부드러운 향
22178,https://www.bysuco.com/product/show/22178,러브 인 화이트 오 드 퍼퓸,크리드,330000.0,https://cf.bysuco.net/086d71b8e748cf707d6ac8c75578d658.jpg?w=600,오렌지 필,"매그놀리아, 라이스, 나르시소스, 이탈리안 자스민, 아이리스, 불가리안 로즈","앰버그리스, 샌달우드, 바닐라","플로랄, 시트러스",진정한 그린 계열의 상쾌한 플로럴향
3406678,https://www.bysuco.com/product/show/3406678,엑시트 더 킹 오 드 퍼퓸,에따 리브르 도량쥬,150000.0,https://cf.bysuco.net/05017640fb857933a9866a142f9c6a45.jpg?w=600,"비누, 알데하이드, 머스크, 핑크 페퍼, 티무르","장미, 재스민, 은방울꽃","이끼, 파출리, 앰브록산, 샌달우드","솝, 화이트 플로랄, 로즈","엑시트 더 킹은 낡은 규범으로 가득 찬 세상을 떠나 새로운 세상으로 나아가는 이야기를 담고 있습니다. 
   자유와 발견으로 가득한 세상. 
   꽃, 거품, 이끼의 균형 잡힌 조화와 확고한 시프르 향이 변화를 갈망하는 이들을 위해 탄생했습니다."
10305,https://www.bysuco.com/product/show/10305,떼 누아 29 오 드 퍼퓸,르 라보,458000.0,https://cf.bysuco.net/b653cdb88541f637e77be9eca47f8f95.jpg?w=600,"무화과, 월계수잎, 베르가못","시더, 베티버, 머스크","토바코, 건초","우디, 프레쉬 스파이시, 스위트",블랙 티 잎의 우아하고 아름다운 향에 바치는 찬가와도 같은 향
225429,https://www.bysuco.com/product/show/225429,플레잉 위드 더 데빌 오 드 퍼퓸,킬리안,450000.0,https://cf.bysuco.net/d00491ef7ecb459f5f29069f7a2d3c36.jpg?w=600,"블랙커런트, 화이트 피치, 리치, 블러드 오렌지","피멘토, 페퍼, 로즈, 자스민","바닐라, 샌달우드, 패출리, 시더, 벤조인, 통카빈","프루티, 웜스파이스, 우디",드라이 다운된 크리미한 샌달우드의 그을린 듯한 향
9304,https://www.bysuco.com/product/show/9304,인플로레센스 오 드 퍼퓸,바이레도,280000.0,https://cf.bysuco.net/c38186bd24edf606170b7baacf52bf9e.jpg?w=600,"핑크 페퍼, 프리지아","로즈, 릴리 오브 더 밸리",머스크,"플로럴, 그린, 프레시, 내추럴","봄날 숲속에서 막 피어난 꽃들의 생기와 그린함이 투명하게 퍼지며, 장미와 프리지아가 자연스럽게 어우러져 햇살처럼 맑고 순수하게 남는 프레시 플로럴 향"
22181,https://www.bysuco.com/product/show/22181,카미나 오 드 퍼퓸,크리드,350000.0,https://cf.bysuco.net/a8cddb817ccbc59564697d04737b41d9.jpg?w=600,"블랙체리, 샤프란, 핑크페퍼","5월의 장미, 피오니, 바이올렛, 캐시미어 우드","머스크, 암브록산, 미르, 프랑킨센스","로즈, 앰버, 머스크",를로럴과 앱버 우디가 만나 대담하면서도 관능적인 따뜻한 향
224901,https://www.bysuco.com/product/show/224901,넘버5 오 드 퍼퓸,샤넬,139000.0,https://cf.bysuco.net/35b32c0fd0a93d2aa8c694bfaa71fb2c.jpg?w=600,"알데하이드, 네롤리","로즈, 자스민","바닐라, 샌달우드, 머스크","알데하이드, 플로럴, 파우더리, 클래식","알데하이드의 파우더리한 광채가 우아하게 퍼지며, 장미와 자스민의 클래식한 플로럴이 겹쳐져 바닐라와 샌달우드로 깊고 부드럽게 남는 아이코닉한 알데하이드 플로럴 향"
610024,https://www.bysuco.com/product/show/610024,프롬 더 가든 오 드 뚜왈렛,메종 마르지엘라,110000.0,https://cf.bysuco.net/145f1bab9ef9c3b1a922cc0cec2bbd49.webp?w=600,"토마토잎, 그린 만다린",제라늄,패출리,"아로마틱, 프레쉬 스파이시",정원에서 보낸 화창한 오후의 기억을 떠올리게 하는 향
32957,https://www.bysuco.com/product/show/32957,바이 더 파이어플레이스 오 드 뚜왈렛,메종 마르지엘라,110000.0,https://cf.bysuco.net/38d01934a11b8b4a5c60965d585ab457.jpg?w=600,"핑크 페퍼, 오렌지 블로썸","체스트넛, 클로브","바닐라, 가이악우드, 캐시메란","우디, 스모키, 구르망, 웜","장작이 타오르는 벽난로 앞에 앉아 있는 듯 스모키한 우드와 구운 체스트넛의 온기가 퍼지며, 바닐라와 발삼이 더해져 포근하고 깊게 남는 따뜻한 스모키 우디 향"
20820,https://www.bysuco.com/product/show/20820,사이프러스 앤 그레이프바인 코롱 인텐스,조 말론,225000.0,https://cf.bysuco.net/d422b2de6d97e0df39e7a06ba8c2307d.jpg?w=600,"시프레, 우디 노트, 포도 나무",,,"우디, 아로마틱, 그린",아로마틱하고 감각적인 향
224918,https://www.bysuco.com/product/show/224918,가브리엘 샤넬 에쌍스 오 드 빠르펭,샤넬,139000.0,https://cf.bysuco.net/048bc345b78fd546775710731e18c4b2.jpg?w=600,"사이트러스, 피치, 레드 프룻, 페티그레인","하이트 플로랄, 튜베로즈, 일랑일랑, 자스민, 오렌지 블로썸, 코코넛","머스크, 바닐라, 샌달우드","화이트 플로랄, 시트러스, 프루티",자신이 무엇을 원하는지 잘 알고 있고 자유롭게 자신의 생각을 표현하는 여성을 위한 향수
23754,https://www.bysuco.com/product/show/23754,루나 오 드 뚜왈렛,펜할리곤스,154000.0,https://cf.bysuco.net/b6c37df0cc557beee1ed9ff06a16ea55.jpg?w=600,"레몬, 베르가못, 비터 오렌지","로즈, 주니퍼 베리, 자스민","머스크, 발삼전나무, 앰버그리스","시트러스, 아로마틱, 프레쉬 스파이시",달의 여신의 향기
22180,https://www.bysuco.com/product/show/22180,러브 인 블랙 오 드 퍼퓸,크리드,490000.0,https://cf.bysuco.net/de885afb226455432bf29aaaafa44710.jpg?w=600,"이탈리안 바이올렛, 버지니아 시더, 와일드 플라워","아이리스, 머스크, 클로브","블랙 커런트, 불가리안 로즈","파우더리, 바이올렛, 플로랄",검은 실루엣의 런웨이 장면에서 영감 받은 향
3406088,https://www.bysuco.com/product/show/3406088,재즈 클럽 오 드 뚜왈렛,메종 마르지엘라,40000.0,https://cf.bysuco.net/793292d44b5349753fdaed8ff2b2169d.webp?w=600,"핑크페퍼, 네롤리, 레몬","럼, 자바 제티버 오일, 세이지","타바코 리프, 바닐라 빈, 때죽나무","타바코, 스위트, 럼",프라이빗 재즈 클럽에서 느껴지는 남성적이고 활기찬 향
3406287,https://www.bysuco.com/product/show/3406287,아미 아이레 오 드 뚜왈렛,로에베,238000.0,https://cf.bysuco.net/863dc1aac2e7b67a1e3f0fea8c5493d7.webp?w=600,"베르가못, 만다린, 탠저린, 클로브","티, 장미, 재스민, 페퍼, 카네이션","히노키 우드, 시더 우드, 머스크, 모스(이끼)","시트러스, 우디, 프레쉬 스파이시","상쾌한 지중해의 향
  신선하고 지중해적인 로에베 아 미 아이레 오 드 뚜왈렛은 귤, 클로버, 자스민의 음표를 결합한다."
9974,https://www.bysuco.com/product/show/9974,카르스트 오 드 퍼퓸,이솝,225000.0,https://cf.bysuco.net/cabbb56cecc573a967ae26710f2708bf.jpg?w=600,"베르가못, 주니퍼","로즈마리, 세이지","베티버, 샌달우드","미네랄, 시트러스, 그린, 프레시","젖은 바위와 바닷공기를 닮은 미네랄한 시트러스가 차갑게 열리며, 주니퍼와 허브의 드라이한 그린함이 이어져 바다 절벽처럼 날것의 청량함으로 남는 미네랄 시트러스 향"
9926,https://www.bysuco.com/product/show/9926,플로라 고저스 가드니아 오 드 퍼퓸,구찌,142000.0,https://cf.bysuco.net/b2e6f97ae8a1f96489481131982c8a9f_cvt.webp?w=600,"페어 블라썸, 레드베리, 이탈리안 만다린","가드니아, 자스민, 프랑지파니","브라운 슈가, 패츌리","화이트 플로랄, 플로랄",가드니아 정원에서 달콤한 디저트 파티에 와 있는 착각을 불러일으키는 향.
23451,https://www.bysuco.com/product/show/23451,피오니아 노빌레 오 드 퍼퓸,아쿠아 디 파르마,250000.0,https://cf.bysuco.net/be8fa18703505fe7de1849b11b993fff.jpg?w=600,"블랙페퍼, 라즈베리","피오니, 제라늄, 터키쉬로즈, 프리지아","머스크, 패츌리, 앰버","플로랄, 로즈",섬세하게 다듬어진 이탈리아 정원이 떠오르는 활기차고 역동적인 이미지 연출
10521,https://www.bysuco.com/product/show/10521,보드카 온 더 락스 오 드 퍼퓸,킬리안,450000.0,https://cf.bysuco.net/27ca7fa804450944cc8d9e0eaad248c6_cvt.webp?w=600,"코리안더, 알데하이드, 카다멈","루바브, 릴리오브더밸리, 핑크 로즈","암브록산, 오크 모스, 샌달우드","아로마틱, 앰버, 알데하이드",한여름밤 야외에서 얼음과 함께 담긴 보드카를 떠오르게 하는 향수
10527,https://www.bysuco.com/product/show/10527,포비든 게임즈 오 드 퍼퓸,킬리안,398000.0,https://cf.bysuco.net/292cf15c5a1145d34e6c0c4c3727f1c7_cvt.webp?w=600,"피치, 애플, 플럼, 시나몬","불가리안 로즈, 자스민, 버번 제라늄","허니, 바닐라, 오포포낙스","프루티, 스위트, 로즈",오묘하고 중독적인 향수
3407115,https://www.bysuco.com/product/show/3407115,모하비 고스트 앱솔뤼 드 퍼퓸,바이레도,340000.0,https://cf.bysuco.net/9e32f51a007005f51a65554158ee5fa3.jpg?w=600,"암브레트, 네즈베리
- 하트 노트: 매그놀리아, 샌달우드, 바이올렛",,"시더우드, 머스크, 앰버","플로랄, 머스크, 파우더리","자메이카 네즈베리의 달콤함과 파우더리한 바이올렛의 섬세함, 감각적인 샌달우드의 따뜻함이
조화를 이루고 포근한 머스크, 톡쏘는 앰버향과 시더우드로 보완됩니다."
3406671,https://www.bysuco.com/product/show/3406671,헤르만 오 드 퍼퓸,에따 리브르 도량쥬,150000.0,https://cf.bysuco.net/4869ee8cab25de7e677172e4ec7a6c90.webp?w=600,"블랙페퍼, 갈바넘, 블랙커런트","인센스, 지오스민, 로즈 앱솔루트","베티버, 패출리, 암브록산","엠버, 로즈, 아쿠아틱","고독한 시간이지만 외롭지 않은, 사색적인 산책길을 떠올리게 하는 블랙커런트와 베티버 숲과 흙의 냄새를 
    그려주는 파출리와 갈바넘 온통 어둠으로 가득한 밤 길게 늘어선 나무 숲 사이를 거니는 듯한 기분이 들게 하는 향"
21125,https://www.bysuco.com/product/show/21125,블랙베리 앤 베이 오 드 코롱,조 말론,239000.0,https://cf.bysuco.net/b31e9aa1dfd1c377ce47ccc4de4b6559.jpg?w=600,"블랙베리, 자몽","베이 리프, 플로럴 노트","시더우드, 머스크","프루티, 그린, 프레시, 내추럴","잘 익은 블랙베리의 상큼한 과즙이 산뜻하게 터지며, 베이 리프의 그린함과 시더우드가 어우러져 자연스럽고 생기 있게 남는 프루티 그린 향"
9276,https://www.bysuco.com/product/show/9276,베르가모또 디 칼라브리아 오 드 뚜왈렛,아쿠아 디 파르마,135000.0,https://cf.bysuco.net/c84a7717fce19bbd3d722219f291c899.jpg?w=600,"베르가못, 시트러스 노트","진저, 시더우드","베티버, 머스크","시트러스, 아로마틱, 프레시, 라이트","칼라브리아 해안의 햇살을 머금은 베르가못이 투명하게 터지며, 시트러스의 상쾌함과 우디 노트가 어우러져 가볍고 정제된 여운으로 남는 밝은 시트러스 아로마틱 향"
20832,https://www.bysuco.com/product/show/20832,머르 앤 통카 코롱 인텐스,조 말론,225000.0,https://cf.bysuco.net/46aa0603e2979b23b438d174900e377f.jpg?w=600,라벤더,미르,"통카빈, 바닐라, 앰버","앰버, 스위트, 스모키, 웜","짙은 미르의 스모키한 깊이가 차분하게 퍼지며, 통카빈과 바닐라의 달콤한 온기가 더해져 포근하고 관능적으로 감싸는 웜 앰버 향"
23669,https://www.bysuco.com/product/show/23669,세들리 오 드 퍼퓸,퍼퓸 드 말리,350000.0,https://cf.bysuco.net/d6c3aaab8adf31ebbefc16a49c617536.jpg?w=600,"레몬, 민트, 베르가못, 자몽, 만다린 오렌지","라벤더, 로즈마리, 제라늄, 올리바넘","암브록산, 샌달우드, 캐쉬미란, 베티버, 시더, 페출리","시트러스, 아로마틱, 프레쉬 스파이시",클래식과 모던의 절묘한 조화를 보여주는 향
20845,https://www.bysuco.com/product/show/20845,베이 19 오 드 퍼퓸,르 라보,310000.0,https://cf.bysuco.net/76e1052452765234f4856f1a351d4653.jpg?w=600,"주니퍼 베리, 베르가못","파출리, 그린 노트","머스크, 우디 노트","아로마틱, 우디, 그린, 미네랄","비가 막 그친 뒤의 흙 내음과 공기를 닮은 주니퍼와 파출리의 미네랄한 향이 퍼지며, 그린 노트와 머스크가 어우러져 차분하고 감각적으로 남는 젖은 대지 같은 아로마틱 우디 향"
3407613,https://www.bysuco.com/product/show/3407613,잉글리쉬 페어 앤 프리지아 코롱,조 말론,168000.0,https://cf.bysuco.net/62745095618fa11ae9ec2820eaf04f60.jpg?w=600,"피어, 멜론","프리지아, 로즈","머스크, 패스츌리, 앰버","플로랄, 프루티, 로즈","배의 신선함을 입히고 호박, 파출리, 우디향으로 은은함을 더했습니다."
3406953,https://www.bysuco.com/product/show/3406953,프리베 베르 말라키트 오 드 퍼퓸,조르지오 아르마니,365000.0,https://cf.bysuco.net/381f26e758f75bc93d21bf341163ffa7.jpg?w=600,"비터 오렌지, 페티그레인 에센스","릴리(백합) 어코드, 일랑일랑, 자스민","바닐라 익스트랙트, 벤조인 어코드","화이트 플로랄, 바닐라, 옐로우 플로랄",하얀 백합의 관능적인 순수함
3407118,https://www.bysuco.com/product/show/3407118,오르너 오 드 퍼퓸,이솝,225000.0,https://cf.bysuco.net/8b7587665edee46abf8381f230cd188b.jpg?w=600,"로만 카모마일, 카다멈, 핑크 페퍼","매그놀리아 리프, 제라늄, 카다멈","샌달우드, 시더 하트, 사이프리올 하트","플로럴, 허브, 프레쉬","상쾌한 그린 스파이스와 깊이 있는 허브 노트가 어우러지며, 고급스러운 우드 베이스 위에 풍부하게 퍼지는 매그놀리아 리프와의 예상치 못한 대비가 빚어낸 과감하고 독창적인 개성의 플로럴 향수"
9220,https://www.bysuco.com/product/show/9220,로사 가데니아 오 드 코롱,산타 마리아 노벨라,145000.0,https://cf.bysuco.net/521e25921497188443613db790a27905.jpg?w=600,"아몬드 블라썸, 오렌지 블라썸, 베르가못","가데니아, 5월의 장미, 자스민, 무화과 리프","머스크, 샌달우드, 바닐라","화이트 플로랄, 플로랄, 로즈",사랑스러운 장미 비누향
3405510,https://www.bysuco.com/product/show/3405510,프린세스 오 드 퍼퓸,킬리안,236000.0,https://cf.bysuco.net/5c2ab88333ace84dc1df1bd9de719b34.jpg?w=600,"marshmallow, matcha tea, ginger",,,"파우더리, 스위트, 그린",코에 생강을 살짝 묻힌 그린티 모카를 마시는 것과 같은 향을 느낄 수 있습니다.
225453,https://www.bysuco.com/product/show/225453,베이 19 오 드 퍼퓸,르 라보,138000.0,https://cf.bysuco.net/ef0511959615788ef69c49e0289dce9c.jpg?w=600,"페출리, 주니퍼 베리, 그린 리프, 머스크, 암브록산",,,"우디, 머스크, 아로마틱",비가 내린 뒤 물이 땅에 선사하는 상쾌하고 촉촉하면서도 흠뻑 젖어 드는 느낌을 담은 향
34197,https://www.bysuco.com/product/show/34197,프렌치 러버 오 드 퍼퓸,프레데릭 말,115000.0,https://cf.bysuco.net/119efaa774270da81117d8459a4a2d9f.jpg?w=600,"갈바늄, 스파이스","안젤리카, 시더, 인센스","베티버, 오크모스, 화이트 머스크","우디, 머스크",비온 뒤 느껴지는 울창한 나무숲의 향
9292,https://www.bysuco.com/product/show/9292,오스만투스 오 드 퍼퓸,아쿠아 디 파르마,195000.0,https://cf.bysuco.net/6a6367c625f4c7726958200ff80bd88c.jpg?w=600,"네롤리, 그린 만다린","피오니, 암브레트, 핑크페퍼","오스만투스, 패츌리","플로랄, 프루티, 시트러스",오스만투스를 조력하는 향조들로 인해 더욱 풍성하고 활기찬 아름다움을 연출
3406964,https://www.bysuco.com/product/show/3406964,프리베 아이리스 블루 오 드 뚜왈렛,조르지오 아르마니,230000.0,https://cf.bysuco.net/e1ee9a1c9671064ef619bb7dc3b73590.jpg?w=600,"갈바넘, 베르가못, 레몬","아이리스, 자스민","시더우드, 가이악우드, 화이트 머스크","화이트 플로럴, 시트러스, 우디",시원한 새벽 공기와 싱그러운 아이리스가 선사하는 평온함
22409,https://www.bysuco.com/product/show/22409,뮤스크 라바줴 오 드 퍼퓸,프레데릭 말,115000.0,https://cf.bysuco.net/e3df467beacbfb798bbefb64fc2ddc89.jpg?w=600,"라벤더, 텐저린, 베르가못","시나몬, 클로브","머스크, 바닐라, 통카빈, 앰버, 샌달우드, 가이악우드, 시더","웜 스파이시, 바닐라, 파우더리",관능적이고 섬세하며 드라마틱하고 신비스러운 성숙한 어른의 세련되고 고귀한 피부의 향
3408368,https://www.bysuco.com/product/show/3408368,샹스 오 스플렌디드 오 드 퍼퓸,샤넬,206000.0,https://cf.bysuco.net/8463bd589c86ff50098d2ae2e5715cc7.jpg?w=600,"레드 프루츠, 베르가못","로즈, 아이리스","머스크, 시더우드","프루티, 플로럴, 머스크, 브라이트","붉은 과일의 생기와 로즈의 화사함이 경쾌하게 퍼지며, 아이리스와 머스크가 부드럽게 겹쳐져 밝고 우아하게 빛나는 프루티 플로럴 향"
97185,https://www.bysuco.com/product/show/97185,그레이 베티버 퍼퓸,톰 포드,300000.0,https://cf.bysuco.net/de6109ea5ba5943682353541ba4265f3.jpg?w=600,오렌지 블라썸,샤프란,아이티 베티버,"아로마틱, 우디",따뜻한 오렌지 꽃과 풍부한 향신료와 베티버 향이 어우러진 순수한 남성성의 향
9448,https://www.bysuco.com/product/show/9448,영 로즈 오 드 퍼퓸,바이레도,280000.0,https://cf.bysuco.net/56f33584ae1542ea3bf61fc27e3ee099.jpg?w=600,"암브레트 씨드, 쓰촨페퍼","오리스, 다마스크 로즈 오일","모스크, 암브록산","머스키, 로즈, 플로랄",강렬한 시작과 감미로운 여운으로 마무리를 갖고 있는 로즈 향
3406969,https://www.bysuco.com/product/show/3406969,스모킹 핫 오 드 퍼퓸,킬리안,90000.0,https://cf.bysuco.net/f0c36ffb1d08751d5b3c4c2021ee7999.jpg?w=600,"애플, 스모크, 시나몬","토바코, 모스","버번 바닐라, 오르카녹스","토바코, 프루티, 바닐라",코냑의 오크 그리고 애플 타바코의 세련된 조화
23912,https://www.bysuco.com/product/show/23912,베르가모또 디 칼라브리아 오 드 뚜왈렛,아쿠아 디 파르마,205000.0,https://cf.bysuco.net/17e0b315c1c297522b6310e612beedef.jpg?w=600,"베르가못, 시트러스 노트","진저, 시더우드","베티버, 머스크","시트러스, 아로마틱, 프레시, 라이트","칼라브리아 해안의 햇살을 머금은 베르가못이 투명하게 터지며, 시트러스의 선명한 상쾌함과 우디 노트가 어우러져 가볍고 정제된 여운으로 남는 맑은 시트러스 아로마틱 향"
22412,https://www.bysuco.com/product/show/22412,베티버 엑스트라오디네르 오 드 퍼퓸,프레데릭 말,250000.0,https://cf.bysuco.net/0d3004c8c388c39391ed0fc68ace31a0.jpg?w=600,"비터 오렌지, 베르가못","베티버, 핑크 페퍼, 클로브","시더, 오크모스, 미르, 샌달우드, 머스크","우디, 아로마틱, 시트러스",매우 높은 함량의 맑고 신선한 베티버 향
3405608,https://www.bysuco.com/product/show/3405608,오드 우드 퍼퓸,톰 포드,613000.0,https://cf.bysuco.net/5404111dc021297364bc14968ffc2665.jpg?w=600,"카다멈, 핑크 페퍼, 로즈마리","샌달우드, 아가우드, 패춀리, 베티버","바닐라, 통카, 앰버","웜 스파이시, 우디, 바닐라",이국적인 향신료와 가다멈으로 풍부하며 깊은 센슈얼리티를 드러낸 향
22424,https://www.bysuco.com/product/show/22424,로즈 토네르 오 드 퍼퓸,프레데릭 말,430000.0,https://cf.bysuco.net/889e9b11a9171278fbb91114a4b9f541.jpg?w=600,"로즈, 허니, 와인 리스","터키쉬 로즈, 제라늄, 트러플","머스크, 페출리, 캐스토리움, 베티버","로즈, 아로마틱, 프레쉬 스파이시",최고의 경지에 이른 장미의 향
9873,https://www.bysuco.com/product/show/9873,누아르 드 누아르 오 드 퍼퓸,톰 포드,422000.0,https://cf.bysuco.net/8cfdacaf18cbfc0b9f4b5afd677a86a2.jpg?w=600,샤프론,"블랙 로즈, 트러플, 플로랄 노트","페출리, 바닐라, 아가우드, 오크모스","얼시, 로즈, 페출리",음양의 조화에서 영감을 받은 향수
224941,https://www.bysuco.com/product/show/224941,코코 마드모아젤 오 드 퍼퓸,샤넬,139000.0,https://cf.bysuco.net/c7c28a211d1532d6adf533bb3e4f89ae.jpg?w=600,오렌지 / 베르가못,자스민 / 터키쉬 로즈,패출리 / 베티버,"시트러스, 앰버, 플로랄",감각을 일깨우는 관능적인 향의 엠버리 계열 향수입니다.
20831,https://www.bysuco.com/product/show/20831,다크 앰버 앤 진저 릴리 코롱 인텐스,조 말론,225000.0,https://cf.bysuco.net/320144eefef17fcaed829b7eacb6d781.jpg?w=600,"진저, 블랙 카다멈, 핑크 페퍼","워터 릴리, 오키드, 자스민, 로즈","샌달우드, 블랙 앰버, 키아라 인센스, 페출리, 레더","웜 스파이시, 앰버, 우디",매력적이고도 독특한 향
20802,https://www.bysuco.com/product/show/20802,운 자르뎅 수 르 닐 오 드 뚜왈렛,에르메스,60000.0,https://cf.bysuco.net/950322a6c0f5e1a75a6fc1f234940bf4_cvt.webp?w=600,"그린 망고, 자몽","연꽃, 시카모어","인센스, 머스크","그린, 아쿠아틱, 프레시, 내추럴","나일강 강변의 정원을 거니는 듯 그린 망고와 연꽃의 투명한 수분감이 퍼지며, 인센스와 시카모어가 어우러져 맑고 생기 있게 이어지는 그린 아쿠아틱 향"
22736,https://www.bysuco.com/product/show/22736,떼르 데르메스 퍼퓸,에르메스,211000.0,https://cf.bysuco.net/6941a9632c701dd9a355433ad8bcc79f.jpg?w=600,"오렌지, 그레이프 프룻","페퍼, 펠라고늄, 플린트","베티버, 시더, 페출리, 벤조인","시트러스, 우디, 프레쉬 스파이시",강렬하고 따뜻한 우드가 부드러운 안식향 및 화사한 시소와 이루는 조화
3407969,https://www.bysuco.com/product/show/3407969,롤링 인 러브 오 드 퍼퓸,킬리안,129000.0,https://cf.bysuco.net/19a211b27c86c8e2649194431247ce88.webp?w=600,"아몬드 밀크, 암브레트","아이리스, 프리지아","튜베로즈, 바닐라, 통카 빈, 머스크","아몬드, 바닐라, 플로랄",사랑이 너무 커서 괴로움을 느낄 정도의 폭발적인 감정을 보여주는 머스크 향
22724,https://www.bysuco.com/product/show/22724,트윌리 데르메스 오 드 퍼퓸,에르메스,120000.0,https://cf.bysuco.net/0d19226778ecdefd89a1f554ef6abb61.jpg?w=600,"진저, 비터 오렌지, 베르가못","튜베로즈, 오렌지 블라썸, 자스민","샌달우드, 바닐라","화이트 플로랄, 웜 스파이시, 시트러스",에르메스 소녀들의 향기
18921,https://www.bysuco.com/product/show/18921,오 드 매그놀리아 오 드 뚜왈렛,프레데릭 말,350000.0,https://cf.bysuco.net/8c0d47aa3b2f6dee8ef1f675ac1b3a15_cvt.webp?w=600,"베르가못, 레몬",매그놀리아,"베티버, 시더우드","플로럴, 시트러스, 프레시, 우아한","막 피어난 매그놀리아의 크리미한 꽃향이 상큼한 시트러스와 어우러져 투명하게 퍼지며, 베티버와 우디 노트가 깔끔하게 정돈해 주는 맑고 우아한 플로럴 시트러스 향"
225434,https://www.bysuco.com/product/show/225434,머스크 우드 오 드 퍼퓸,킬리안,640000.0,https://cf.bysuco.net/e231dd2491b90b53daf3841e9495c690.jpg?w=600,"레몬, 카다멈, 코리앤더","불가리안 로즈, 제라늄, 사이프러스, 아르테미지아","아가우드, 머스크, 럼, 인센스, 패출리","아로마틱, 로즈, 오우드",따뜻한 스파이시가 만들어내는 독특하고 매혹적인 향
9685,https://www.bysuco.com/product/show/9685,미스 디올 오 드 퍼퓸,디올,125000.0,https://cf.bysuco.net/ebb516df65410065e4b58182da0f56d2.jpg?w=600,"베르가못, 만다린","센티폴리아 로즈, 아이리스","머스크, 바닐라, 파출리","플로럴, 로즈, 파우더리, 로맨틱","산뜻한 시트러스의 밝은 첫인상 위로 센티폴리아 로즈가 풍성하게 피어나며, 파우더리한 아이리스와 머스크가 어우러져 사랑스럽고 우아하게 남는 로맨틱 플로럴 향"
225396,https://www.bysuco.com/product/show/225396,굿걸 곤 배드 오 드 퍼퓸 트래블 세트,킬리안,350000.0,https://cf.bysuco.net/91b8c134492de690fc5d44d1032e0a59.jpg?w=600,"오스만투스, 자스민, 로즈","튜베로즈, 나르시소스","앰버, 시더","플로랄, 화이트 플로랄, 프루티",바람에 흩날리는 꽃의 향이 순수하지만 동시에 유혹적인 바이브를 전달하는 관능적인 향
21718,https://www.bysuco.com/product/show/21718,유자 오 드 퍼퓸,아쿠아 디 파르마,425000.0,https://cf.bysuco.net/b5390ac1b053f77fb80e864990869b74.jpg?w=600,"유자, 베르가못, 쓰촨페퍼","로투스, 미모사, 바이올렛 리프, 자스민","샌달우드, 머스크, 감초","시트러스, 플로랄",유자와 감귤의 조화로 활발하면서 자여스러운 이미지 연출
3406968,https://www.bysuco.com/product/show/3406968,선키스드 가디스 오 드 퍼퓸,킬리안,90000.0,https://cf.bysuco.net/cffb45ed6853415e17e4f63b89ca0e45.jpg?w=600,"베르가못, 네롤리","티아레 플라워, 일랑일랑","코코넛, 바닐라, 라다넘","화이트 플로랄, 스위트, 옐로우 플로랄","여름의 냄새, 태닝 오일, 피부에 쬐이는 태양의 따뜻함을 연상시키는 향수입니다."
9934,https://www.bysuco.com/product/show/9934,플로라 골저스 자스민 오 드 퍼퓸,구찌,142000.0,https://cf.bysuco.net/373a47aa40b9636db89d3b5d2893155e_cvt.webp?w=600,"이탈리안 만다린, 베르가못, 블랙페퍼","자스민, 자스민 삼박, 매그놀리아, 다마스크 로즈","벤조인, 오스트리안 샌달우드, 패츌리","시트러스, 화이트 플로랄",자스민 정원을 거니는 착각을 불러일으키는 향.
22418,https://www.bysuco.com/product/show/22418,오 드 매그놀리아 오 드 뚜왈렛,프레데릭 말,115000.0,https://cf.bysuco.net/ca65cddd37c83f2719c70ebd0cd34fce.jpg?w=600,칼라브리안 베르가못,"매그놀리아, 베티버, 패츌리","모스, 시더, 앰버","시트러스, 플로랄, 우디","빛나는 투명함을 드러내는 생기 넘치는 즐거움, 상쾌한 시트러스 스파클링 플라워 향"
10560,https://www.bysuco.com/product/show/10560,오에도 오 드 뚜왈렛,딥티크,198000.0,https://cf.bysuco.net/c81cc4cba27d394a788eabf691fc265f_cvt.webp?w=600,"만다린, 유자, 레몬, 라임",타임,우디 노트,"시트러스, 아로마틱, 프레쉬 스파이시",아시아에서 전해져온 감귤의 향을 지니고 있다고 하여 탄생한 향
225454,https://www.bysuco.com/product/show/225454,베르가못 22 오 드 퍼퓸,르 라보,138000.0,https://cf.bysuco.net/19ba2fe60958d87cfae245ab885832c3.jpg?w=600,"베르가못, 베티버, 자몽, 오렌지 블라썸, 페티그레인, 머스크, 시더, 바닐라, 앰버",,,"시트러스, 아로마틱, 우디",상큼한 자몽향으로 시작되어 후반부에 머스크가 올라오는 것이 매력적인 향
3406312,https://www.bysuco.com/product/show/3406312,H24 오 드 퍼퓸,에르메스,58000.0,https://cf.bysuco.net/6d3827274fd7a23667dd2198e108a3c4.jpg?w=600,"오크모스, 클라리 세이지, 스클라렌, 나르시소스, 브라질리안 로즈우드",,,"모씨, 아로마틱, 우디",새로운 에너지를 상징하는 강력한 힘의 발산을 표현한 아로마틱한 향
10505,https://www.bysuco.com/product/show/10505,오 드 민떼 오 드 퍼퓸,딥티크,315000.0,https://cf.bysuco.net/468b069663ad7ffdd909cb2e722d2e66_cvt.webp?w=600,"민트, 너트맥","제라늄, 로즈",페출리,"프레쉬 스파이시, 아로마틱, 그린",아로마틱한 신선함이 생생하게 돋보이는 향
21071,https://www.bysuco.com/product/show/21071,라임 바질 앤 만다린 오 드 코롱,조 말론,110000.0,https://cf.bysuco.net/eaebe92af6af36e01cf43baaa572d900.jpg?w=600,"라임, 만다린","바질, 타임","파출리, 베티버","시트러스, 아로마틱, 프레시, 데일리","톡 쏘는 라임과 만다린의 상큼함이 경쾌하게 터지며, 바질의 아로마틱한 그린함이 더해져 가볍고 생기 있게 남는 밝은 시트러스 허브 향"
31112,https://www.bysuco.com/product/show/31112,잉글리쉬 페어 앤 프리지아 오 드 코롱,조 말론,110000.0,https://cf.bysuco.net/9288804004e3cf8bcf29c569431965ec.jpg?w=600,"배, 멜론","프리지아, 로즈","머스크, 파출리, 앰버","플로럴, 프루티, 프레시, 데일리","가을 햇살 아래 잘 익은 배의 달콤한 과즙이 투명하게 퍼지며, 화이트 프리지아의 깨끗한 꽃향과 머스크가 어우러져 밝고 우아하게 마무리되는 산뜻한 플로럴 프루티 향"
3406085,https://www.bysuco.com/product/show/3406085,소울 오브 더 포레스트 오 드 퍼퓸,메종 마르지엘라,165000.0,https://cf.bysuco.net/df86be206ceea8b154a72cc92ef77ad5.jpg?w=600,"블랙 커런트, 이끼, 피멘토","발삼 전나무, 라브다넘, 메이플 수액","아틀라스 시더, 인센스, 패출리","우디, 앰버, 아로마틱",신비로운 숲의 분위기 속 강렬한 잔향
22760,https://www.bysuco.com/product/show/22760,라임 바질 앤 만다린 오 드 코롱,조 말론,168000.0,https://cf.bysuco.net/c07e0a5a6cdfd5373927487fbd5a3f7b.jpg?w=600,"라임, 만다린 오렌지, 베르가못","바질, 타임, 아이리스, 라일락","베티버, 페출리","프루티, 앰버, 우디",현대적인 감각의 클래식한 향
3405525,https://www.bysuco.com/product/show/3405525,일렉트릭 체리 오 드 퍼퓸,톰 포드,360000.0,https://cf.bysuco.net/c71458a3f6b0eb1f9932e5a9a17f6c76.jpg?w=600,"체리, 진저",자스민 삼박,"핑크 페퍼, 머스크, 암브레톨리드","머스크, 체리, 스위트",사랑에 빠지는 순간에 느끼는 짜릿한 전율처럼 활기차고 유쾌한 향
225397,https://www.bysuco.com/product/show/225397,굿걸 곤 배드 오 드 퍼퓸 익스트림,킬리안,487000.0,https://cf.bysuco.net/8dd9de8f52758a9001185206fb5b69a5.jpg?w=600,"오스만투스, 자스민, 메이로즈","튜베로즈, 밀크 어코드","앰버, 화이트 시더","화이트 플로랄, 흘로랄, 락토닉",꽃과 감미로운 우뮤빛이 감싸는 매우 화려한 향
141150,https://www.bysuco.com/product/show/141150,꼴론 앙델레빌 오 드 퍼퓸,프레데릭 말,350000.0,https://cf.bysuco.net/2751bc5b8c61872d62bc293c15d534af.jpg?w=600,"베르가못, 레몬","네롤리, 오렌지블라썸, 나르시소스",머스크,"시트러스, 화이트 플로랄, 머스크","오래도록 사라지지 않는 콜롱의 아이러니, 놀라울 만큼 상쾌한 신비로운 머스크 향"
9382,https://www.bysuco.com/product/show/9382,포푸리 오 드 코롱,산타 마리아 노벨라,145000.0,https://cf.bysuco.net/c3d837752a9d017be7e4ac39c374a6be.jpg?w=600,"로럴, 베르가못, 비터 오렌지","타임, 클로브, 로즈마리, 라벤더","페루 발삼, 페출리, 시더","아로마틱, 프레쉬 스파이시, 웜 스파이시","토스카나 언덕의 꽃잎, 잎사귀, 꽃봉오리가 자아내는 아로마를 재현한 향"
23450,https://www.bysuco.com/product/show/23450,로사 노빌레 오 드 퍼퓸,아쿠아 디 파르마,250000.0,https://cf.bysuco.net/cf603a285d6a163a796a3ff17ca39a2a.jpg?w=600,"만다린 오렌지, 페퍼, 베르가못","로즈, 피오니, 바이올렛, 릴리 오브 더 밸리","머스크, 시더, 앰버그리스","로즈, 시트러스, 플로랄",부드럽고 풍성한 장미 부케의 향으로 극강의 우아함을 연출
10777,https://www.bysuco.com/product/show/10777,탐 다오 오 드 뚜왈렛,딥티크,275000.0,https://cf.bysuco.net/5b76bf423b3b15f2a7b68d3affbfe01a.jpg?w=600,"사이프러스, 머틀","시더우드, 샌달우드","앰버, 스파이스","우디, 프레시, 드라이, 내추럴","이른 아침 숲의 공기를 닮은 사이프러스와 시더우드가 맑게 퍼지며, 샌달우드의 부드러운 결이 가볍게 이어지는 투명하고 차분한 우디 향"
9973,https://www.bysuco.com/product/show/9973,마라케시 인텐스 오 드 퍼퓸,이솝,199000.0,https://cf.bysuco.net/8b84f7aa51e20b1c43528a4b42f7ce1a.jpg?w=600,"카다멈, 샌달우드, 클로브",,,"웜 스파이시, 우디, 아로마틱",우디한 스파이시 노트와 산뜻한 플로랄 노트가 보여주는 생기넘치는 세련미를 연출
3407971,https://www.bysuco.com/product/show/3407971,스트레이트 투 헤븐 오 드 퍼퓸,킬리안,129000.0,https://cf.bysuco.net/00214f0c7391ec2db2cca07162d367d0.jpg?w=600,"럼, 바닐라, 드라이 프룻, 페출리, 시더우드, 너트맥",,,"우디, 페출리, 럼",중독적이고 강렬한 매력을 선사한다
10300,https://www.bysuco.com/product/show/10300,리스 41 오 드 퍼퓸,르 라보,310000.0,https://cf.bysuco.net/ddfce01990930401aaea3f31bea0579d.jpg?w=600,"백합, 자스민","튜베로즈, 플로럴 노트","바닐라, 머스크, 우디 노트","화이트 플로럴, 플로럴, 크리미, 우아한","갓 꺾은 백합의 투명한 꽃잎이 화사하게 피어오르며, 자스민과 튜베로즈의 크리미함이 더해져 바닐라와 머스크로 부드럽고 우아하게 남는 순수한 화이트 플로럴 향"
9315,https://www.bysuco.com/product/show/9315,블루 드 샤넬 오 드 뚜왈렛,샤넬,134000.0,https://cf.bysuco.net/8b8a0a3f576ce770430af470a823aef6.jpg?w=600,"그레이프 프룻, 레몬, 민트, 핑크 페퍼","진저, 너트맥, 자스민, 이소 이 수퍼","인센스, 베티버, 시더, 샌달우드, 패출리, 랍다넘, 화이트 머스크","시트러스, 우디, 웜 스파이시",자유롭고 열정적인 우아함을 지닌 남성을 위한 향수
10381,https://www.bysuco.com/product/show/10381,아쿠아 디 지오 옴므 오 드 뚜왈렛,조르지오 아르마니,135000.0,https://cf.bysuco.net/4c21c8bdcc434710fe965755bcf32329.jpg?w=600,"라임, 레몬, 베르가못, 자스민, 오렌지, 만다린 오렌지, 네롤리","시 노트, 자스민, 칼론, 로즈마리, 피치, 프리지아, 히아신스, 시클라멘, 바이올렛, 코리안더, 맥, 로즈","화이트 머스크, 시더 오크모스, 페출리, 앰버","시트러스, 아로마틱, 마린",내면의 자유와 평화를 선사하는 향.
22160,https://www.bysuco.com/product/show/22160,어벤투스 코롱 오 드 퍼퓸,크리드,410000.0,https://cf.bysuco.net/bcab379db992d8a76b6841c606e78beb.jpg?w=600,"만다린 오렌지, 진저, 핑크 페퍼","베티버, 패출리, 샌달우드","머스크, 자작나무, 통카 빈, 때죽나무","시트러스, 우디, 머스크",전설적인 ‘어벤투스’에서 영감을 받아 더욱 대중적인 향으로 재해석한 남녀노소 누구나 즐길 수 있는 향.
9214,https://www.bysuco.com/product/show/9214,멜로그라노 오 드 코롱,산타 마리아 노벨라,145000.0,https://cf.bysuco.net/358ad7e4b8b188b0e0b8f8946fe0ae44.jpg?w=600,"베르가못, 스파이시, 비터 오렌지","석류, 일랑일랑, 로즈","오크모스, 랍다넘, 페출리, 머스크","우디, 얼시, 앰버",달달한 플로럴 오리엔탈 노트와 은은한 비누 잔향을 전합니다
34195,https://www.bysuco.com/product/show/34195,로 디베 오 드 뚜왈렛,프레데릭 말,115000.0,https://cf.bysuco.net/82e221c44488ca4dcece29a50b56ec2d.jpg?w=600,"헬리오트로프, 아이리스, 화이트 머스크, 앤젤리카, 허니 베르가못, 자스민, 산사나무",,,"파우더리, 머스크, 아이리스",상쾌하면서도 깨끗한 물에 대한 섬세한 해석을 담은 겨울의 물이라 불리는 향
9471,https://www.bysuco.com/product/show/9471,포트레이트 더 커버드 더치스 로즈 오 드 퍼퓸,펜할리곤스,448000.0,https://cf.bysuco.net/ad2c8b73da98582d827611f44f0c8d14.jpg?w=600,"로즈, 머스크, 우디 노트, 만다린 오렌지",,,"로즈, 머스크, 우디",프레시한 모던함과 클래식이 공존하는 향
10094,https://www.bysuco.com/product/show/10094,오 듀엘르 오 드 뚜왈렛,딥티크,198000.0,https://cf.bysuco.net/850d8c7a3952bd8ab6b8242bdcfb7815.jpg?w=600,"버번 바닐라, 엘레미 레진, 카다멈, 주니퍼, 핑크 페퍼, 올리바넘, 블랙티, 베르가못, 앰버그리스, 머스크, 샤프론",,,"아로마틱, 바닐라, 프레쉬 스파이시","바닐라 깍지가 고아, 카르타고, 베니스, 바빌론 등의 향신료 항로를 따라 가는, 상상 속의 여행을 표현한 향"
694113,https://www.bysuco.com/product/show/694113,리브르 인텐스 오 드 퍼퓸,입생로랑,154000.0,https://cf.bysuco.net/25326c1018cdc5bc56792738e06fba82.jpg?w=600,"라벤더, 만다린 오렌지, 베르가못","라벤더, 오렌지 블라썸, 자스민 삼박, 오키드","마다카스카 바닐라, 통카 빈, 용연향, 베티버","바닐라, 화이트 플로랄, 라벤더",본능이 이끄는 대로 자유롭게 살아가는 여성들을 위한 강렬한 향수
20847,https://www.bysuco.com/product/show/20847,암브레트 9 오 드 퍼퓸,르 라보,310000.0,https://cf.bysuco.net/ce00c7bae3ed87af9762f71ac7a13601.jpg?w=600,"암브레트, 프루티 노트, 머스크, 알데하이드, 아말피 레몬, 앰버",,,"머스크, 프루티, 플로랄","암브레트 시드에 사과와 배의 시트러스, 프루티한 향이 더해져 아기처럼 부드럽고 순수한 향"
10230,https://www.bysuco.com/product/show/10230,카넬 플라워 오 드 퍼퓸,프레데릭 말,430000.0,https://cf.bysuco.net/e76b72c517e841c10e9c97552efb586d_cvt.webp?w=600,"튜베로즈, 유칼립투스, 자스민, 코코넛, 오렌지 블라썸, 일랑일랑, 화이트 머스크, 멜론, 베르가못",,,"화이트 플로랄, 튜베로즈, 우디",드라마틱 하고 관능적인 화려함을 가진 자연의 튜베로즈와 가장 가까운 향
10525,https://www.bysuco.com/product/show/10525,우먼 인 골드 오 드 퍼퓸,킬리안,450000.0,https://cf.bysuco.net/8ebbf549bc5d77c38a0bdbe5acd42ad5_cvt.webp?w=600,"베르가못, 만다린 오렌지, 알데하이드","바닐라 앰솔루트, 로즈, 제라늄, 프리지아","바닐라, 아키갈라우드, 통카 빈, 페출리","바닐라, 시트러스, 로즈",강렬한 반짝거림을 밝은 향
9899,https://www.bysuco.com/product/show/9899,옴브레 레더 퍼퓸,톰 포드,290000.0,https://cf.bysuco.net/77ab9ce0253a07a42ffeb78c8e9ca805_cvt.webp?w=600,"바이올렛 잎, 시더","자스민 삼박, 이리스","레더, 우디 노트, 타바코","레더, 우디, 오조닉","블랙 레더와 바이올렛 잎, 그리고 청초 느낌의 감각적인 시더우드가 조화를 이루는 향수"
20804,https://www.bysuco.com/product/show/20804,르 자르뎅 드 무슈 리 오 드 뚜왈렛,에르메스,60000.0,https://cf.bysuco.net/465149840f09454f6f2811637acaa157_cvt.webp?w=600,"금귤, 자스민, 민트",,,"시트러스, 화이트 플로랄, 아로마틱","젖은 돌, 자스민 초목과 금귤나무가 공생하는 현실과 상상사이의 자각과 조화의 정원"
10528,https://www.bysuco.com/product/show/10528,인톡시케이티드 오 드 퍼퓸,킬리안,450000.0,https://cf.bysuco.net/55dd79509920da1b64e623c4e68f2014_cvt.webp?w=600,"카다멈, 커피, 너트맥, 시나몬",,,"웜 스파이시, 커피, 프레쉬 스파이시",에스프레소의 쌉싸름함과 시나몬의 단맛이 조화로운 향수
3405611,https://www.bysuco.com/product/show/3405611,체리 스모크 오 드 퍼퓸,톰 포드,360000.0,https://cf.bysuco.net/de2ecb0048172086736fa06c5b1e86b4.jpg?w=600,"사워 체리, 샤프란","레더, 올리브, 차이니즈 오스만투스, 애브리콧","스모크, 우디 노트, 시프리올 오일 or 나가르모타","체리, 스모키, 우디",체리의 다크한 면을 쾌락적이고 은밀하게 담아낸 향
3408172,https://www.bysuco.com/product/show/3408172,쏠레이 네쥬 오 드 퍼퓸,톰 포드,250000.0,https://cf.bysuco.net/5d17068ec869b251a394bb0a496de739.jpg?w=600,,,,,
10359,https://www.bysuco.com/product/show/10359,비치 워크 오 드 뚜왈렛,메종 마르지엘라,110000.0,https://cf.bysuco.net/ffa39bc296e7d48943fbee4a86a21f04.jpg?w=600,"베르가못, 레몬, 핑크 페퍼","일랑일랑, 코코넛 밀크, 헬리오트로프","머스크, 벤조인, 시더","스위트, 옐로우 플로랄, 코코넛",해변에서 산책하는 여름날을 느낄 수 있다
3405507,https://www.bysuco.com/product/show/3405507,운 자르뎅 엉 메디테라네 오 드 뚜왈렛,에르메스,60000.0,https://cf.bysuco.net/ee670fe947e70be96e732f0e81a693ff.jpg?w=600,"베르가못, 레몬, 만다린 오렌지","오렌지 블라썸, 화이트 유도화","무화과 잎, 시프레, 레드 시더, 주니퍼, 피스타치오, 머스크","아로마틱, 우디, 시트러스",나무와 꽃으로 가득한 튀니지의 비밀 정원에서 즐기는 산책을 표현한 향
22082,https://www.bysuco.com/product/show/22082,아뜰리에 드 플뢰르 세드러스 오 드 퍼퓸,끌로에,210000.0,https://cf.bysuco.net/16dc3fa0a6960f41541e2a29599eefc4.jpg?w=600,"바닐라 오키드, 바닐라, 스파이시, 우디 노트",,,"바닐라, 플로랄, 스위트",어릴 적 어머니에게 나뭇가지 꽃다발을 건네는 모습에서 영감을 받은 향
225695,https://www.bysuco.com/product/show/225695,쏠레이 네쥐 오 드 퍼퓸,톰 포드,414000.0,https://cf.bysuco.net/b8e5c51ebb62d726ae8f10d4965d3f19.jpg?w=600,"베르가못, 캐롯 시드","화이트 플라워, 오렌지 블라썸, 자스민, 로즈, 터키쉬 로즈","벤조인, 바닐라, 라다넘","플로랄, 앰버, 시트러",하늘 아래에서 하얀 설원이 펼쳐지는 향
3408171,https://www.bysuco.com/product/show/3408171,바닐라 섹스 오 드 퍼퓸,톰 포드,139000.0,https://cf.bysuco.net/228b511275206d3496aecf5e935f9782.jpg?w=600,비터 아몬드,"바닐라, 플로럴 노트","바닐라 앱솔루트, 통카빈, 샌달우드","바닐라, 아몬드, 스위트",바닐라가 지닌 밝고 관능적인 면을 대조적으로 투영하여 매료되는 경험을 선사하는 향
610026,https://www.bysuco.com/product/show/610026,커피 브레이크 오 드 뚜왈렛,메종 마르지엘라,110000.0,https://cf.bysuco.net/dd6b02416d441918ef2e2175fe946cf3.webp?w=600,"페퍼, 오렌지 블로썸, 패출리","라벤더, 커피, 우유, 통카빈, 키프로올, 벤조인 시","바닐라, 시더, 베티","라벤더, 바닐라, 커피",부드러운 커피의 따뜻한 향기를 느낄 수 있는 향
9743,https://www.bysuco.com/product/show/9743,34번가 생제르망 오 드 퍼퓸,딥티크,358000.0,https://cf.bysuco.net/fd7b54c194789c1255c84dd9a64ad7c2_cvt.webp?w=600,"시나몬, 클로브, 핑크 페퍼, 카시스, 시트러스","아이리스, 제라늄, 바이올렛, 로즈, 튜베로즈","우디 노트, 샌달우드, 앰버, 바닐라","우디, 웜 스파이시, 파우더리",스파이시한 우디향으로 중성스럽고 묵직하다
9291,https://www.bysuco.com/product/show/9291,001 우먼 오 드 뚜왈렛,로에베,138000.0,https://cf.bysuco.net/2f36de08c6940313649f8281b3515dad.jpg?w=600,"탠저린, 핑크 페퍼, 베르가못","샌달우드, 이집트 자스민, 린넨 어코드","바닐라, 앰버, 머스크","우디, 파우더리, 시트러스",첫날 밤 이후의 속삭임처럼 부드럽고 은밀한 우디 향
10356,https://www.bysuco.com/product/show/10356,블랙베리 앤 베이 오 드 코롱,조 말론,110000.0,https://cf.bysuco.net/dbc92686156c5b9c3e5b8fb9a316ef20_cvt.webp?w=600,"블랙베리, 자몽","베이 리프, 플로럴 노트","시더우드, 머스크","프루티, 그린, 프레시, 내추럴","잘 익은 블랙베리의 상큼한 과즙이 터지듯 시작해, 월계수 잎의 그린함과 시더우드가 어우러지며 자연스럽고 생기 있게 마무리되는 프루티 그린 향"
9881,https://www.bysuco.com/product/show/9881,벨벳 오키드 오 드 퍼퓸,톰 포드,252000.0,https://cf.bysuco.net/f0a29122bd23d73513fc7194fe6c0144.jpg?w=600,"럼, 허니, 만다린 오렌지, 베르가못","블랙 오키드, 오키드, 자스민, 헬리오트로프, 히아신스, 로즈 오일, 나르시소스, 매그놀리아, 오렌지 블라썸","바닐라, 미르, 스웨이드, 샌달우드, 페루 발삼","플로랄, 스위트, 파우더리",톰 포드 블랙 오키드의 섹시함과 유혹적인 향을 풍부한 여성스러운 향으로 변화시킨 동양적인 플라워 향
34134,https://www.bysuco.com/product/show/34134,로즈 토네르 오 드 퍼퓸,프레데릭 말,115000.0,https://cf.bysuco.net/6c1176449a48c6318ee11a340acc13fb.jpg?w=600,"로즈, 허니, 와인 리스","터키쉬 로즈, 제라늄, 트러플","머스크, 페출리, 캐스토리움, 베티버","로즈, 아로마틱, 프레쉬 스파이시",최고의 경지에 이른 장미의 향
3405261,https://www.bysuco.com/product/show/3405261,엑스 베티버 오 드 퍼퓸,줄리엣 헤즈 어 건,195000.0,https://cf.bysuco.net/138927bbf0be2c0bb34b3ce93a267d0e.jpg?w=600,"레몬, 베르가못","아이티 베티버, 자바 베티버 오일, 베티버","암브록산, 머스크","시트러스, 아로마틱, 우디",시트러스의 상쾌하고 우아한 향에 이어서 풍부하고 스모키한 우디 향을 느낄 수 있습니다.
24824,https://www.bysuco.com/product/show/24824,마이셀프 오 드 퍼퓸,입생로랑,136000.0,https://cf.bysuco.net/64774e79eef2d2d5c3d2353e6be2ebf0.jpg?w=600,"칼라브리안 베르가못, 베르가못",튜니지안 오렌지 블라썸,"앰브로픽스, 패츌리","시트러스, 화이트 플로랄, 패츌리",욕망을 억누르지 않는 자유를 표현한 향
3408243,https://www.bysuco.com/product/show/3408243,앱솔루 어벤투스 오 드 퍼퓸,크리드,530000.0,https://cf.bysuco.net/754d981c8a2bd9dc30d2e8609f4d1d65.webp?w=600,"그레이프 프룻, 베르가못, 블랙 커런트","진저, 시나몬, 시트론, 카다멈","핑크 페퍼, 패츌리, 베티버","시트러스, 웜 스파이시, 아로마틱",시트러스 향이 강조된 어벤투스의 향
3405528,https://www.bysuco.com/product/show/3405528,바닐라 섹스 오 드 퍼퓸,톰 포드,360000.0,https://cf.bysuco.net/f07135e7679b09f91cab4a05a0906e2b.jpg?w=600,비터 아몬드,"바닐라, 플로럴 노트","바닐라 앱솔루트, 통카빈, 샌달우드","바닐라, 아몬드, 스위트",바닐라가 지닌 밝고 관능적인 면을 대조적으로 투영하여 매료되는 경험을 선사하는 향
22763,https://www.bysuco.com/product/show/22763,와일드 블루벨 오 드 코롱,조 말론,110000.0,https://cf.bysuco.net/20b2e03ac5e1d6e72d3da0c1404236ac.jpg?w=600,"캄파눌라, 듀 드랍, 그린 리프, 클로프","감, 피치","머스크, 파우더리 노트","플로랄, 화이트 플로랄, 프레쉬 스파이시",숲 속 깊은 곳에서 빛나고 있는 사파이어
224905,https://www.bysuco.com/product/show/224905,넘버5 오 프르미에르 오 드 퍼퓸,샤넬,206000.0,https://cf.bysuco.net/aa77a6836ed71229ac36569c897f4bb4.jpg?w=600,"알데하이드, 일랑일랑, 네롤리","자스민, 로즈","바닐라, 샌달우드, 베티버","알데하이드, 우디, 프레쉬","여성의 향기를 담은 여성미의 진수, 첫 번쨰로 선보이는 N°5의 현대적 재해석"
3406089,https://www.bysuco.com/product/show/3406089,세일링 데이 오 드 뚜왈렛,메종 마르지엘라,40000.0,https://cf.bysuco.net/7ed193cff8bf0be1b03584b62e27f0cb.webp?w=600,"시 노트, 알데하이드, 코리안더, 레드 페퍼","주니퍼, 아이리스, 로즈","해초, 앰버그리스, 시어, 앰버우드","마린, 아로마틱, 아쿠아틱","기억 속, 다양한 순간의 시간과 장소를 담아 낸 향"
34204,https://www.bysuco.com/product/show/34204,무슈 오 드 퍼퓸,프레데릭 말,370000.0,https://cf.bysuco.net/c0e640e2b1beffb322c00ae032940ad7.jpg?w=600,"럼, 텐저린","패출리, 인센스, 시더, 앰버","머스크, 바닐라","우디, 패출리, 앰버",남자의 동물적인 감각을 일깨우는 강렬한 패츌리 향
10599,https://www.bysuco.com/product/show/10599,멜리오라 오 드 퍼퓸,퍼퓸 드 말리,450000.0,https://cf.bysuco.net/3362b2d25eaaa175fafecb595ec60d35.jpg?w=600,"블랙 커런트, 레드 베리, 카시스","로즈, 릴리오브더밸리, 일랑일랑","머스크, 바닐라","프루티, 소프트 스파이시, 프레쉬",로맨티시즘의 절정을 느낄 수 있는 향
20803,https://www.bysuco.com/product/show/20803,운 자르뎅 수 르 뜨와 오 드 뚜왈렛,에르메스,60000.0,https://cf.bysuco.net/e0a5483e8509c2030cfd32149a95ebe1.jpg?w=600,"그라스, 레드 애플, 로즈, 페어, 로즈마리, 매그놀리아",,,"그린, 프레쉬, 프루티",사과나무와 무성한 잡초가 만나는 바삭하고 웃음기 가득한 기쁨과 축제의 정원.
23756,https://www.bysuco.com/product/show/23756,앤디미온 오 드 코롱,펜할리곤스,135000.0,https://cf.bysuco.net/cb5848b81378284efd73afc338b1319b.jpg?w=600,"라벤더, 베르가못, 세이지, 만다린 오렌지","커피, 제라늄","샌달우드, 레더, 미르, 카다멈, 너트맥, 블랙 페퍼, 머스크, 인센스, 베티버, 올리바넘","아로마틱, 프레쉬 스파이시, 웜 스파이시",달의 여신이 사랑한 소년의 향기
23162,https://www.bysuco.com/product/show/23162,우드 실크 무드 오 드 퍼퓸,메종 프란시스 커정,410000.0,https://cf.bysuco.net/7e720d7953326c59247b4f765a4ef1d8.jpg?w=600,"불가리안 로즈, 카모마일, 베르가못","가이악우드, 헤디온","아가우드, 파피루스","로즈, 오우드, 플로랄",실크와 장미 같은 매력적이고 신비로운 향
225711,https://www.bysuco.com/product/show/225711,에벤 퓨메 오 드 퍼퓸,톰 포드,260000.0,https://cf.bysuco.net/2d47d9471ab9dc518a7e352d44c97acf.jpg?w=600,"인센스, 팔로산토, 블랙 페퍼, 바이올렛 리프","레더, 라다넘, 로즈, 파피루스","레진, 에보니 트리, 가이악우드","우디, 앰버",신성한 나무를 태워 영혼을 정화하는 고대 의식에서 영감을 얻은 향
225077,https://www.bysuco.com/product/show/225077,에롤파 오 드 퍼퓸,크리드,410000.0,https://cf.bysuco.net/2c3bc119f11b25d49c4b2bdf739f5d96.jpg?w=600,"라임, 베르가못, 멜론, 그린 노트, 레몬, 바이올렛, 캐러웨","허벌 노트, 소나무, 진저, 자스민, 페퍼","앰버그리스, 머스크, 샌달우드, 오크모스, 시더","시트러스, 우디, 프레쉬 스파이시",광활한 바다에서 느낄 수 있는 상쾌함을 담은
22740,https://www.bysuco.com/product/show/22740,운 자르뎅 수 르 뜨와 오 드 뚜왈렛,에르메스,112000.0,https://cf.bysuco.net/0feef1169e2addadeeecac423565d7c1.jpg?w=600,"그라스, 레드 애플, 로즈, 페어, 로즈마리, 매그놀리아",,,"그린, 프레쉬, 프루티",사과나무와 무성한 잡초가 만나는 바삭하고 웃음기 가득한 기쁨과 축제의 정원.
3407615,https://www.bysuco.com/product/show/3407615,블랙베리 앤 베이 코롱,조 말론,168000.0,https://cf.bysuco.net/d368b72604c51da16632bb33451a7abf.jpg?w=600,"블랙베리, 베이 리프, 그레이프프루트, 시더, 베티버, 플로럴 노트",,,"프루티, 프레쉬 스파이시, 아로마틱",이제 막 수확한 월계수 잎의 신선함에 톡 쏘는 블랙베리 과즙을 가미하였습니다.
225436,https://www.bysuco.com/product/show/225436,백 투 블랙 오 드 퍼퓸,킬리안,450000.0,https://cf.bysuco.net/6e23c7f155ed5eaf292d4dc44e946109.jpg?w=600,"베르가못, 체리, 코리앤더, 라즈베리, 타바코","아몬드, 블루 카모마일, 카다멈, 제라늄, 진저브레드, 허니, 랍다넘, 카다멈 퓨어 정글 에쎼","앰버, 벤조인, 시더, 오크, 올리바넘, 패출리, 바닐라","스위트, 허니, 타바코","스모키함과 꿀, 바닐라의 대조가 선사하는 본질의 감각"
3406937,https://www.bysuco.com/product/show/3406937,미르토 디 파나레아 라 리제르바 오 드 퍼퓸,아쿠아 디 파르마,260000.0,https://cf.bysuco.net/cfb4b60fc1203174ed5c2b35a71efde8.jpg?w=600,"세이지, 세드랏, 주니퍼 베리","머틀(미르토), 라벤더, 미르라","패츌리, 라다넘, 렌티스크","아로마틱, 프레쉬 스파이시, 허브","작렬하는 한낮의 태양은 모든 것을 마치 형광빛처럼 선명하게 물들이며, 먿들과 라다넘의 향이 피어오릅니다."
9792,https://www.bysuco.com/product/show/9792,라 를르지외즈 오 드 퍼퓸,세르주 루텐,205000.0,https://cf.bysuco.net/6e439d254e14d044da234609c060b651.jpg?w=600,"자스민, 머스크, 인센스, 시벳",,,"화이트 플로랄, 머스크, 앰버",신비호운 딥한 무드를 주는 향
20821,https://www.bysuco.com/product/show/20821,오드 앤 베르가못 코롱 인텐스,조 말론,225000.0,https://cf.bysuco.net/59d186ba2c9c67da84aa986b890a7dba.jpg?w=600,"아가우드, 베르가못, 버지니아 시더, 오렌지, 아말피 레몬",,,"시트러스, 우디, 아로마틱",최면에 빠지는 듯한 고혹적인 향
3406121,https://www.bysuco.com/product/show/3406121,토리노 22 오 드 퍼퓸,제르조프,280000.0,https://cf.bysuco.net/dcb646d41b7904a50ded65f960239189.webp?w=600,"유칼립투스, 샤프란, 베르가","메이트, 클래리 세이지, 과이악 우","드라이 우드, 머스크","우디, 아로마틱, 웜 스파이시","달콤하고 스파이시한 우드 향이 생동감 넘치게 어우러져 선명하고 우아한 향으로 담아냅니다. 
세련된 화려함과 스포티한 감각이 조화를 이루는 이 상쾌한 향은 클래식 코롱 스타일에 세련되면서도 역동적인 감각을 더합니다."
3405997,https://www.bysuco.com/product/show/3405997,낙소스 오 드 퍼퓸,제르조프,360000.0,https://cf.bysuco.net/090a379eb84476a9053244d500ec84f4.webp?w=600,"베르가못, 레몬, 라벤더","시나몬, 허니, 캐시미어","토마코 잎, 통카, 바닐라빈","스위트, 바닐라, 허니",신선한노트와 달콤하고 부드러운 노트의 하모니가 색다른 분위기를 연출하는 향
10358,https://www.bysuco.com/product/show/10358,플라워 마켓 오 드 뚜왈렛,메종 마르지엘라,215000.0,https://cf.bysuco.net/d7902a5890c96ed6ac242bef832a87fe.webp?w=600,"프리지아, 그린 리프","튜베로즈, 자스민 삼박, 이집트 자스민, 5월의 장미","피치, 오크모스, 시더","화이트 플로랄, 플로랄, 튜베로즈",꽃이 가득한 시장을 산책하는 느낌을 느낄 수 있다
1793847,https://www.bysuco.com/product/show/1793847,피에베 베르테 오 드 퍼퓸,킬리안,420000.0,https://cf.bysuco.net/a9094a29c03fab79624a4ff3bbe3816a.jpg?w=600,"웜 우드, 사이프러스",바이올렛 리프,"패촐리, 바닐라, 베티버, 통카, 샌달우드","아로마틱, 우디, 소프트 스파이시",저녁 시간의 여유로움을 느낄 수 있는 향
10454,https://www.bysuco.com/product/show/10454,캔디 오 드 퍼퓸,프라다,135000.0,https://cf.bysuco.net/f7ff8047f6a31207c58f376245b5d635.jpg?w=600,카라멜,"파우더리 노트, 머스크","벤조인, 바닐라","카라멜, 파우더리, 앰버","풍부한 화이트 머스크와 고귀한 벤조인, 약간의 캐러멜이 만나 프라다 캔디만의 독특한 개성을 고스란히 드러내는 향"
23769,https://www.bysuco.com/product/show/23769,주니퍼 슬링 오 드 뚜왈렛,펜할리곤스,154000.0,https://cf.bysuco.net/db106cef900c3b30cfbff9e5ffdb0b79.jpg?w=600,"주니퍼 베리, 오렌지, 앤젤리카, 시나몬","페퍼, 카다멈, 레더, 이리스 뿌리","베티버, 슈가, 체리, 앰버","아로마틱, 프레쉬 스파이시, 우디",세련된 도시의 감각적인 사람들이 연상되는 상큼하고 발랄한 향기
3407409,https://www.bysuco.com/product/show/3407409,마이셀프 앱솔루 퍼퓸,입생로랑,41000.0,https://cf.bysuco.net/0decd36ee0d1830d63683c35fd11efd4.jpg?w=600,"베르가못, 진저, 카다몬","오렌지 블러썸, 플로럴 노트",패츌리,"시트러스, 화이트 플로럴, 프레쉬 스파이시","새로운 강렬함으로, 시원하고 빛나는 향신료 향이 더해져 즉각적으로 빛나는 즐거움을 선사합니다."
10610,https://www.bysuco.com/product/show/10610,그린리 오 드 퍼퓸,퍼퓸 드 말리,350000.0,https://cf.bysuco.net/8da2ab8ef34c48bb2753b11b19d59fa0.jpg?w=600,"그린 애플, 칼라브리안 베르가못, 만다린 오렌지","페티그레인, 시더, 캐쉬미란, 포마로즈, 바이올렛","오크모스, 머스크, 앰버우드","우디, 시트러스, 프루티","찬란한봄, 무성한 녹음과 과일의 풋풋하고 싱그러운 향"
15624,https://www.bysuco.com/product/show/15624,인레 오 드 퍼퓸,메모,390000.0,https://cf.bysuco.net/d7cd1579a358d8ae3c0987b91dd8a888_cvt.webp?w=600,"베르가못, 민트, 아르테미시아","오스만투스, 메이트, 자스민, 스파이시","아이리스, 머스크, 시더","플로랄, 아로마틱, 프루티",호수 위 아름답게 걸친 구름의 향
10738,https://www.bysuco.com/product/show/10738,로즈 프릭 오 드 퍼퓸,톰 포드,360000.0,https://cf.bysuco.net/b73b7897959ac6686a76e7ce2a0d8bc8.jpg?w=600,"사천 페퍼, 터메릭","5월의 장미, 불가리안 로즈, 터키쉬 로즈","페출리, 통카 빈","로즈, 웜 스파이시, 패츌리",대조적인 장미향의 매력을 보여주는 향
13996,https://www.bysuco.com/product/show/13996,운 자르뎅 수르 라 라군 오 드 뚜왈렛,에르메스,165000.0,https://cf.bysuco.net/14ce4b20f63be2c84fa3c7d5936d20b5.jpg?w=600,"시 노트, 매그놀리아, 우디 노트, 릴리",,,"화이트 플로랄, 마린, 플로랄",감미로운 생동감으로 충만한 꿈의 정원
10343,https://www.bysuco.com/product/show/10343,넥타린 블로썸 앤 허니 오 드 코롱,조 말론,110000.0,https://cf.bysuco.net/ed174d8eeb842d7d843416bba4465a44_cvt.webp?w=600,"그린 노트, 블랙 커런트, 페티그레인","넥타린, 아카시아 나무","피치, 플럼, 베티버","프루티, 스위트, 그린",유쾌하고 활발한 느낌의 달콤한 향수
97109,https://www.bysuco.com/product/show/97109,오 드 메르베이 블루 오 드 뚜왈렛,에르메스,92000.0,https://cf.bysuco.net/813146b6d9e8c5f650750941626c3588.jpg?w=600,"시 노트, 우디 노트, 페출",,,"마린, 우디, 아로마틱",산뜻하고 섬세한 시원함을 풍기는 향
3405270,https://www.bysuco.com/product/show/3405270,페어 잉크 오 드 퍼퓸,줄리엣 헤즈 어 건,195000.0,https://cf.bysuco.net/8facf9fd8e18caef6317aa62419bee6b.jpg?w=600,페어,암브록산,머스크,"머스크, 앰버, 스위트",화장한 날에 긍정적인 기운을 느끼게 해주는 향수
24610,https://www.bysuco.com/product/show/24610,티파니 앤 러브 포 허 오 드 퍼퓸,티파니앤코,239000.0,https://cf.bysuco.net/0b574616803f6eb8ebb8a5962ef35347.jpg?w=600,"자몽, 바질",네롤리,"시더, 베티버, 세쿼이아","시트러스, 프레쉬 스파이시, 아로마틱",현대적이면서도 여성적인 플로럴 우디 향
3407085,https://www.bysuco.com/product/show/3407085,솔로 엘라 오 드 뚜왈렛,로에베,138000.0,https://cf.bysuco.net/2ea50c085ba61ba70e30956bb5032364.jpg?w=600,"피타야, 패션프루트","캔디 코튼, 핑크 피오니","앰버, 바닐라, 프랄린, 샌달우드","스위트, 트로피칼, 프루티","따뜻하고 조화로운 무드를 지닌 로에베 솔로 엘라 EDT는 패션프루트(백향과)와 피타야(드래곤프루트)의 이국적인 과일 향을
섬세하면서도 변함없이 오래 지속되는 조화 속에 담아냈습니다."
1793979,https://www.bysuco.com/product/show/1793979,베르가못 22 오 드 퍼퓸 (벌크제품),르 라보,310000.0,https://cf.bysuco.net/9bf4d4da30d0f6d60e07ea2796a38178.jpg?w=600,"베르가못, 베티버, 자몽, 오렌지 블라썸, 페티그레인, 머스크, 시더, 바닐라, 앰버",,,"시트러스, 아로마틱, 우디",상큼한 자몽향으로 시작되어 후반부에 머스크가 올라오는 것이 매력적인 향
225075,https://www.bysuco.com/product/show/225075,퀸 오브 실크 오 드 퍼퓸,크리드,350000.0,https://cf.bysuco.net/e24d5b1653588594c3beb7ad3b06e478.jpg?w=600,"사프란, 오스만투스, 매그놀리아","백향과, 튜베로즈, 패츌리, 아가우드","마다가스카, 바닐라, 앰브로닉, 머스크, 샌달우드, 인센스","앰버, 웜 스파이시, 플로랄","매혹적이면서도 부드럽고, 밝으면서도 따뜻한 향"
224977,https://www.bysuco.com/product/show/224977,샹스 오 땅드르 오 드 뚜왈렛,샤넬,166000.0,https://cf.bysuco.net/8e544c05128c60876aac77d10dd8f3ab.jpg?w=600,"모과, 자몽","히아신스, 자스민","머스크, 아이리스, 시더, 버지니아 시더, 앰버","플로랄, 프루티, 시트러스",행복을 믿고 기회를 놓치지 않는 낙천적인 여성의 향기
3405865,https://www.bysuco.com/product/show/3405865,쁘띠 마땅 오 드 퍼퓸,메종 프란시스 커정,229000.0,https://cf.bysuco.net/743870d8586a6e99fac31f62af9aa4e6.webp?w=600,"레몬, 오렌지 블로썸, 머스크, 라벤더. 암브록산, 산사나",,,"시트러스, 머스크, 화이트 플로",새벽에 일어나 파리의 이른 아침의 유쾌한 상쾌한 향입니다.
97102,https://www.bysuco.com/product/show/97102,오 드 루바브 에칼라트 오 드 코롱,에르메스,139000.0,https://cf.bysuco.net/1114c819b7937399bbeb88d91f5b6c36.webp?w=600,루바브,"레드베리, 란타나",화이트 머스크,"프루티, 스위트, 그린",풀에 가까운 식물인 루바브의 유일하고 특별한 신선함을 새롭게 표현한 향
23164,https://www.bysuco.com/product/show/23164,젠틀 플루이디티 골드 오 드 퍼퓸,메종 프란시스 커정,220000.0,https://cf.bysuco.net/6c9082f0a2ba5f85950e32b6a5ffe9b1.jpg?w=600,"바닐라, 앰버, 머스크, 우디노트, 주니퍼베리, 너트맥, 코리앤더",,,"바닐라, 파우더리, 우디",젠더리스한 머스키하고 오리엔탈한 향
22532,https://www.bysuco.com/product/show/22532,블룸 인텐스 오 드 퍼퓸,구찌,142000.0,https://cf.bysuco.net/427feb2efccec412eae61f188e7a42d5.jpg?w=600,"배, 진저, 만다린 오렌지","튜베로즈, 나이트 블루밍 자스민, 자스민 삼박, 오렌지 블라썸","패츌리, 모스, 코코넛",화이트 플로랄,몽환적인 화이트플로랄 부케의 향
10519,https://www.bysuco.com/product/show/10519,로즈 온 아이스 오 드 퍼퓸,킬리안,420000.0,https://cf.bysuco.net/2f44f0aed54a121df72667b33f6956e9.jpg?w=600,"큐컴버, 주니퍼 베리, 라임",로즈,"머스크, 샌달우드","아쿠아틱, 아로마틱",어둠이 내려앉은 밤부터 동이 틀 때까지 취하게 만들어주는 술 한잔의 향
3408214,https://www.bysuco.com/product/show/3408214,오 로즈 오 드 뚜왈렛,딥티크,40000.0,https://cf.bysuco.net/8d476be2b45e7b9216facf9e09bd9955.jpg?w=600,"리치, 블랙 커런트, 베르가못","로즈, 제라늄, 자스민","머스크, 화이트 허니, 버지니아 시더","로즈, 프루티, 플로랄",장미 본연의 향기를 더욱 생생하게 느낄 수 있는 향
3407084,https://www.bysuco.com/product/show/3407084,에센시아 오 드 뚜왈렛,로에베,172000.0,https://cf.bysuco.net/9d950fc0bcdce302f39344f20945b3f6.jpg?w=600,"라벤더, 그린노트, 주니퍼 베리, 베르가못, 타라곤, 레몬, 갈바넘, 아르테미시아, 프티그레인","파인 니들, 바질, 글라리 세이지, 제라늄, 넛맥, 네롤리, 로즈, 자스민, 블랙커런트, 릴리 오브 더 밸리","오크모스, 레더, 베티버, 스티락스, 시더우드, 파츌리, 샌달우드, 머스크, 앰버, 통카빈","아로마틱, 우디, 프레쉬 스파이시","강렬하고 진정성 있는 향,로에베 에센시아 오 드 뚜왈렛은 베티버, 라벤더, 타라곤을 포함한 200가지 이상의 향료가 조화롭게 어우러진 향수입니다."
225392,https://www.bysuco.com/product/show/225392,코롱 쉴드 오브 프로텍션  오 드 퍼퓸,킬리안,450000.0,https://cf.bysuco.net/0e802f056dbd21fe4f123a1c57da6773.jpg?w=600,"그린 만다린, 비터 오렌지, 민트","로즈마리, 페티그레인, 네롤리","시더, 그린 수액, 캐시미어 우드","시트러스, 아로마틱, 우디",순수함과 활력의 아우라처럼 몸 전체에 퍼지는 향입니다.
3406963,https://www.bysuco.com/product/show/3406963,프리베 상탈 단샤 오 드 뚜왈렛,조르지오 아르마니,350000.0,https://cf.bysuco.net/ee3e7b1f71fe9e25d4f6d3773294583a.jpg?w=600,"베르가못, 카다멈, 바이올렛 리브","엘레미 익스트랙트, 인센스 익스트랙트, 머스크","샌달우드, 시더 에센스","우디, 웜 스파이시, 아로마틱","노을이 지기 전, 주황빛으로 물든 공간 속 피어오르는 따스한 샌달우드의 향"
10192,https://www.bysuco.com/product/show/10192,제라늄 오도라타 오 드 뚜왈렛,딥티크,275000.0,https://cf.bysuco.net/3a5a7f0c765ebc67eeb7ebc34a86dbc6_cvt.webp?w=600,"베르가못, 그린 카다멈, 주니퍼, 베버나",제라늄,"시더, 통카 빈, 해이티안 베티버","아로마틱, 프레쉬 스파이시, 우디",청량하고 톡 쏘는 듯한 프레쉬 스파이시 향
3405609,https://www.bysuco.com/product/show/3405609,네롤리 포르토피노 오 드 퍼퓸,톰 포드,99000.0,https://cf.bysuco.net/d1236f4782d52089f6484eabef88dd3d.jpg?w=600,"베르가못, 만다린 오렌지, 레몬, 비터 오렌지, 라벤더, 로즈마리, 머틀","아프리칸 오렌지 플라워, 네롤리, 자스민, 피토스포룸","앰버, 암브레트, 앤젤리카","시트러스, 화이트 플로랄, 아로마틱",가슴 깊이 시원해지는 존재감 있는 향
10298,https://www.bysuco.com/product/show/10298,베르가못 22 오 드 퍼퓸,르 라보,310000.0,https://cf.bysuco.net/9bf4d4da30d0f6d60e07ea2796a38178.jpg?w=600,"베르가못, 베티버, 자몽, 오렌지 블라썸, 페티그레인, 머스크, 시더, 바닐라, 앰버",,,"시트러스, 아로마틱, 우디",상큼한 자몽향으로 시작되어 후반부에 머스크가 올라오는 것이 매력적인 향
3408388,https://www.bysuco.com/product/show/3408388,네버 엔딩 썸머 오 드 뚜왈렛,메종 마르지엘라,115000.0,https://cf.bysuco.net/23c82b1a50720f57eafcce8b9dd6d636.webp?w=600,"스프리츠 어코드, 비터 오렌지, 페퍼 듀오","얼그레이 어코드, 카다몸 하트, 머스케이드 에센스","베티버, 시더우드, 파출리, 바닐라, 페루 발삼, 캐시메란","시트러스, 우디, 프레시스파이시",뜨거운 햇살이 내리쬐는 아말피 해안에서 보내는 끝없는 여름의 향
3407954,https://www.bysuco.com/product/show/3407954,마이셀프 르 퍼퓸,입생로랑,155000.0,https://cf.bysuco.net/731b538919c19739023b566af667c961.jpg?w=600,,,,"화이트 플로럴, 바닐라, 우디","신선한 스파이시 향으로 시작되어, 10배 더 풍부해진 오렌지 블라썸의 감각적인 향이 강조되고,
뒤이어 앰버노트가 가미된 패츌리와 바닐라의 부드러우면서 풍부한 향조가
향의 깊이를 더하며 깊고 강렬한 자취를 남깁니다."
224969,https://www.bysuco.com/product/show/224969,샹스 오 후레쉬 오 드 퍼퓸,샤넬,206000.0,https://cf.bysuco.net/5a4a8146e86f5a5e4161f4d8f1074c0d.jpg?w=600,"사이트론, 알데하이드",자스민,"티크 우드, 앰버","시트러스, 우디, 알데하이드",강렬한 에너지와 생기를 채워 주는 반짝이는 플로랄 우디 향
10449,https://www.bysuco.com/product/show/10449,리브르 오 드 뚜왈렛,입생로랑,110000.0,https://cf.bysuco.net/ee2e8da493f3ff991876a0dc106886e4.jpg?w=600,"라벤더, 베르가못, 만다린 오렌지","오렌지 블라썸, 자스민 티, 자스민","머스크, 바닐라, 앰버그리스","화이트 플로랄, 시트러스, 라벤더",상쾌한 화이트 플로럴 향수
23147,https://www.bysuco.com/product/show/23147,로 아 라 로즈 오 드 뚜왈렛,메종 프란시스 커정,220000.0,https://cf.bysuco.net/f6e53e06b1a99d5d6ecbf7fc29f98134.jpg?w=600,"리치, 페어","다마스크 로즈, 그라스 로즈, 피오니, 바이올렛",머스크,"로즈, 플로랄, 프레쉬",400송이 장미 부케를 연상시키는 한방울의 향기
10378,https://www.bysuco.com/product/show/10378,블랙 오피움 오 드 퍼퓸,입생로랑,205000.0,https://cf.bysuco.net/f5e830327691f933879059c490909950.jpg?w=600,"페어, 핑크 페퍼, 오렌지 블라썸","커피, 자스민, 비터 아몬드, 감초","바닐라, 페출리, 캐쉬미란 우드, 시더","바닐라, 커피, 스위트",전설의 향수의 현대적 터치
33011,https://www.bysuco.com/product/show/33011,네롤리 소바쥬 오 드 퍼퓸,크리드,410000.0,https://cf.bysuco.net/e75ca4c13f7833f9ade12acc6b410c48.jpg?w=600,"베르가못, 자몽","버베나, 네롤리",용연향,"시트러스, 프레쉬 스파이시, 아로마틱",풀 내음과 함께 달콤하고 스파이시하면서도 프레시한 향이 선사하는 따뜻하고 활기찬 느낌
224937,https://www.bysuco.com/product/show/224937,코코 마드모아젤 오 드 퍼퓸 엥땅스,샤넬,212000.0,https://cf.bysuco.net/d30a821e6762a0f85e5031ee8b4bbb25.jpg?w=600,"시칠리아 오렌지, 칼라브리아 베르가못, 레몬","로즈, 자스민","패츌리, 마다가스카 바닐라, 통카빈","시트러스, 바닐라, 패츌리","자유 분방하고 사랑스러운, 장난기 가득하면서 도발적인 양면성의 매력을 가진 친근하면서도 넘치는 매력의 향"
24392,https://www.bysuco.com/product/show/24392,라 휘드 베홀랑 오 드 퍼퓸,세르주 루텐,205000.0,https://cf.bysuco.net/7fa74ce0f9ed2e9b9f286bae693186e9.jpg?w=600,"로즈, 제라늄",팔마로사,"허니, 패츌리, 모스","로즈, 프레쉬 스파이시",서늘하고 다크한 차가운 장미 향이 선사하는 세련미
34131,https://www.bysuco.com/product/show/34131,신테틱 네이처 오 드 퍼퓸,프레데릭 말,350000.0,https://cf.bysuco.net/683450e482efd1961e96266a385e858f.jpg?w=600,"갈바넘, 바질, 블랙 커런트","릴리오브더밸리, 히아신스, 자스민, 일랑일랑, 아몬드","오크모스, 페출리","그린, 화이트 플로랄, 프레쉬 스파이시",밝고 울창하며 신비롭고 관능적인 초현실주의 정글을 표현한 향
23154,https://www.bysuco.com/product/show/23154,아쿠아 셀레스티아 오 드 뚜왈렛,메종 프란시스 커정,339000.0,https://cf.bysuco.net/46eb86585aea26c9bb7a7f8ae2924a7d.jpg?w=600,"라임, 민트, 블랙 커런트, 네롤리","그린 노트, 미모사, 로즈",화이트 머스크,"그린, 시트러스, 아로마틱",파란 하늘과 푸른 바다의 맑고 평온한 상쾌함을 담은 향
21734,https://www.bysuco.com/product/show/21734,콜로니아 오 드 코롱,아쿠아 디 파르마,210000.0,https://cf.bysuco.net/ea280ca2536ed4e75d73e48189fc1900.jpg?w=600,"베르가못, 레몬, 스윗 오렌지","라벤더, 불가리안 로즈, 버베나, 로즈마리","베티버, 샌달우드, 패츌리, 머스크","시트러스, 아로마틱",시트러스와 플로랄향의 조화로 깨끗하지만 포근하고 부드러운 이미지를 연출
9883,https://www.bysuco.com/product/show/9883,누아르 익스트림 오 드 퍼퓸,톰 포드,252000.0,https://cf.bysuco.net/debbbedc7967178d05fdeb270ede4be8.jpg?w=600,"카다멈, 너트맥, 샤프론, 만다린 오렌지, 네롤리","쿨피, 로즈, 유향나무, 오렌지 블라썸, 자스민","바닐라, 앰버, 우디 노트, 샌달우드","웜 스파이시, 스위트, 바닐라",스파이시한 열기로 관능미를 발산하여 느와르 남성의 퇴폐미를 보여주는 향수
96938,https://www.bysuco.com/product/show/96938,브론즈 가디스 오 프레쉬 오 드 뚜왈렛,에스티 로더,159000.0,https://cf.bysuco.net/ccda027dcb820bdd721f1f0d443f38d3.jpg?w=600,베르가못,"티아레 플라워, 코코넛","바닐라, 앰버","화이트 플로랄, 코코넛, 바닐라","화이트 플라워와 코코넛, 바닐라의 조화가 선사하는 매혹적인 달콤함"
9890,https://www.bysuco.com/product/show/9890,투스칸 레더 오 드 퍼퓸,톰 포드,260000.0,https://cf.bysuco.net/830960f07708f310549c1f5eb9feddc0.jpg?w=600,"라즈베리, 샤프론, 타임","올리바넘, 자스민","레더, 스웨이드, 우디 노트, 앰버","레더, 프루티, 애니멀릭",독특하고 모던한 느낌과 더불어 거칠면서도 한편으로는 감각적인 느낌을 주는 향
3406676,https://www.bysuco.com/product/show/3406676,고스트 인 더 쉘 오 드 퍼퓸,에따 리브르 도량쥬,150000.0,https://cf.bysuco.net/829f17938be373661ebf58e9755f06ba.webp?w=600,"아쿠아, 유자, 헥실 아세테이트","자스민, 무가네, 밀키 스킨 어코드","모스 코드, 비닐 가이아콜, 이끼","락토닉, 시트러스, 플로랄","가볍고 상쾌한 시트러스 향은 해가 질 때 불어오는 차가운 바람을 떠올리게 합니다. 
    강렬한 재스민과 편안한 밀키 향이 어우러져 영원한 재시작을 의미합니다. 
    이 향수는 인간 본성의 복잡성과 스스로를 뛰어넘고 한계를 초월하는 능력을 상징합니다."
9924,https://www.bysuco.com/product/show/9924,로즈 골드 오 드 퍼퓸,티파니앤코,192000.0,https://cf.bysuco.net/c7a433370ec726c16c56bb0a80c3b7ec_cvt.webp?w=600,블랙 커런트,"블루 로즈, 아이리스","머스크, 암브레트","머스크, 로즈, 플로랄",밝고 상쾌한 향기
21144,https://www.bysuco.com/product/show/21144,베티베리오 오 드 퍼퓸,딥티크,315000.0,https://cf.bysuco.net/465fb354f1eb3ad036a4b62a09ccd62d_cvt.webp?w=600,"그레이프 프룻, 만다린 오렌지",터키쉬 로즈,"하이티안 베티버, 베티버, 페출리","시트러스, 우디, 아로마틱",남성과 여성 모두를 위한 플로리다 산 자몽과 터키산 장미의 향기로운 조화
9786,https://www.bysuco.com/product/show/9786,로즈 앤 뀌흐 오 드 퍼퓸,프레데릭 말,350000.0,https://cf.bysuco.net/7af54efdc07d96f620f54a9805fbdada_cvt.webp?w=600,"제라늄, 블랙 커런트, 사천 페퍼","레더, 로즈","베티버, 시더","프레쉬 스파이시, 아로마틱, 로즈",로즈 향의 순수하고 타협하지 않는 단호함을 현대적으로 재해석한 향
9242,https://www.bysuco.com/product/show/9242,르 자르뎅 드 무슈 리 오 드 뚜왈렛,에르메스,112000.0,https://cf.bysuco.net/15c6070d77f71552f9a4263b3e53a277_cvt.webp?w=600,"금귤, 자스민, 민트",,,"시트러스, 화이트 플로랄, 아로마틱","젖은 돌, 자스민 초목과 금귤나무가 공생하는 현실과 상상사이의 자각과 조화의 정원"
3405860,https://www.bysuco.com/product/show/3405860,아쿠아 미디어 코롱 포르테 오 드 퍼퓸,메종 프란시스 커정,220000.0,https://cf.bysuco.net/7fbb58a372e7c80055484bb819b1da08.webp?w=600,"버베나, 베르가못","펜넬, 헤디온","마차 티, 머스크, 우디 노트","시트러스, 그린, 프레쉬",머스크와 시트러스가 어우러져 활기차고 신선한 향
22175,https://www.bysuco.com/product/show/22175,브와 뒤 포르투갈 오 드 퍼퓸,크리드,410000.0,https://cf.bysuco.net/ef047e1a5c807d9404d39b4385d743f5.jpg?w=600,베르가못,라벤더,"샌달우드, 시더, 베티버, 앰버그리스","우디, 아로마틱, 라벤더",포루투갈의 어느 여름날 숲 속의 그늘을 거니는듯한 향
10395,https://www.bysuco.com/product/show/10395,몽 파리 오 드 퍼퓸,입생로랑,142000.0,https://cf.bysuco.net/3fb138aeeba67f5ed96c11b9ee8df8ad.jpg?w=600,"스트로베리, 라즈베리, 페어, 오렌지, 탠저린, 칼라브리안 베르가못, 칼론","피오니, 자스민 삼박, 차이니즈 자스민, 다투라, 오렌지 블라썸","인도네시아 페출리 리프, 페출리, 화이트 머스크, 바닐라, 암브록산, 모스, 시더","프루티, 스위트, 프레쉬",입생로랑의 첫 번째 플로럴 시프레 계열의 향수
10107,https://www.bysuco.com/product/show/10107,소바쥬 오 드 뚜왈렛,디올,140000.0,https://cf.bysuco.net/fd83a774c19fdd832e0c0699f5dc0f41.jpg?w=600,"칼라브리안 베르가못, 페퍼","사천 페퍼, 라벤더, 핑크 페퍼, 베티버, 패출리, 제라늄, 엘레미","암브록산, 시더, 랍다넘","프레쉬 스파이시, 앰버, 시트러스",깊은 과일향과 산뜻함이 느껴지는 강렬하고도 독특하며 베르가못의 프레쉬함과 앰버 우디의 강렬한 향
10717,https://www.bysuco.com/product/show/10717,만다리노 디 아말피 오 드 퍼퓸,톰 포드,422000.0,https://cf.bysuco.net/a249994b5d372556106080e0744839d5_cvt.webp?w=600,"레몬, 자몽, 민트, 바질, 타라곤, 블랙 커런트","오렌지 블라썸, 자스민, 클라리 세이지, 시소, 코리안더, 블랙 페퍼","머스크, 베티버, 시벳, 랍다넘, 앰버","시트러스, 아로마틱, 화이트 플로랄",만다린과 아로마 향이 융합하여 조금 특별한 따뜻하며 시원한 향을 선사한다
10440,https://www.bysuco.com/product/show/10440,어텀 바이브 오 드 뚜왈렛,메종 마르지엘라,110000.0,https://cf.bysuco.net/959c277d8100f385ddadf02945458780.jpg?w=600,"카다멈, 핑크 페퍼","너트맥, 메이플, 캐럿 씨드","시더, 모스","우디, 파우더리, 프레쉬 스파이시",자연의 순수함을 닮은 향
32797,https://www.bysuco.com/product/show/32797,뿌르 옴므 오 드 퍼퓸,불가리,137000.0,https://cf.bysuco.net/4e6ca07132c59c3d6d6014fd5b4a9f42.jpg?w=600,"진저, 다즐링차","실론티, 가이악 우드","암브레트 씨드 앱솔루트, 머스크","우디, 프레쉬, 스파이시",대자연이 주는 편안한 감각
3406004,https://www.bysuco.com/product/show/3406004,선키스드 가디스 오 드 퍼퓸,킬리안,450000.0,https://cf.bysuco.net/ce9cb6c3121ee748d411dcf3f403e500.webp?w=600,"베르가못, 네롤리","티아레 플라워, 일랑일랑","코코넛, 바닐라, 라다넘","화이트 플로랄, 스위트, 옐로우 플로랄","여름의 냄새, 태닝 오일, 피부에 쬐이는 태양의 따뜻함을 연상시키는 향수입니다."
9385,https://www.bysuco.com/product/show/9385,알바 디 서울 오 드 코롱,산타 마리아 노벨라,210000.0,https://cf.bysuco.net/7abff77af9eeee5b3a7f11919cb51098.jpg?w=600,그린 노트,소나무,"우디 노트, 오리엔탈 노트","우디, 그린, 아로마틱",서울의 새벽 숲을 거닐 듯 소나무의 그리너리와 우디한 향이 느껴지는 향수
3405613,https://www.bysuco.com/product/show/3405613,비터 피치 오 드 퍼퓸,톰 포드,139000.0,https://cf.bysuco.net/f422a246fd8cba0de02088da703d381f.jpg?w=600,"복숭아, 블러드 오렌지, 카다멈, 헬리오트로프","럼, 코냑, 다바나, 자스민","인도네시안 패츌리 리프, 바닐라, 샌달우드, 통카빈, 벤조인, 캐쉬미란, 때죽나무, 랍다넘, 베티버","우디, 웜스파이시, 앰버",패츌리 덤불사이로 흘러나오는 복숭아 과즙의 향
9449,https://www.bysuco.com/product/show/9449,데 로스 산토스 오 드 퍼퓸,바이레도,280000.0,https://cf.bysuco.net/645e959e98894ba917f633b3d69cbd3d.jpg?w=600,"세이지, 미라벨","아이리스 뿌리, 시스투스 인카누스","머스크, 올리바늄, 암브록산","머스키, 앰버, 아로마틱",신선하면서도 아로마틱한 중독성 있는 여운을 주는 향
23856,https://www.bysuco.com/product/show/23856,비자리아 오 드 퍼퓸 (메디치 가든 컬렉션),산타 마리아 노벨라,245000.0,https://cf.bysuco.net/de3cb6a45645ef3be6470aef90135746.jpg?w=600,"비터 오렌지, 네롤리, 티무르","오렌지 블라썸, 다바나, 진저","머스크, 시더우드","시트러스, 화이트 플로랄, 프레쉬 스파이시",아름다움과 독보성에 바치는 찬가
21726,https://www.bysuco.com/product/show/21726,콜로니아 에센자 오 드 코롱,아쿠아 디 파르마,290000.0,https://cf.bysuco.net/d23bc97eefb29b62ddf79a47cdd07f15.jpg?w=600,"베르가못, 레몬, 오렌지","네롤리, 로즈마리, 릴리 오브 더 밸리","머스크, 파출리, 베티버","시트러스, 아로마틱, 프레시, 클래식","햇살 머금은 시트러스의 선명한 상쾌함이 또렷하게 펼쳐지며, 네롤리와 아로마틱 허브가 겹쳐져 머스크로 깔끔하고 세련되게 마무리되는 클래식한 시트러스 아로마틱 향"
34217,https://www.bysuco.com/product/show/34217,프로미스 오 드 퍼퓸,프레데릭 말,105000.0,https://cf.bysuco.net/9e4964fa1b9008f8adf46b8148138c65.jpg?w=600,"사과, 핑크페퍼, 로즈마리","불가리안 로즈, 터키쉬 로즈, 클로브","사이프리올 오일, 패츌리, 캐스토리움, 랍다넘, 암브록산","우디, 얼씨, 로즈",사과의 상큼함과 어우러지는 고혹적인 장미와 스모키한 우디함의 만남
23758,https://www.bysuco.com/product/show/23758,앤디미온 꽁상트레 오 드 퍼퓸,펜할리곤스,325000.0,https://cf.bysuco.net/534ca123f44fe2650aa557d7b91d410b.jpg?w=600,"라벤더, 세이지, 베르가못","스웨이드, 제라늄","레더, 너트맥, 인센스","레더, 프레쉬 스파이시, 아로마틱",앤디미온의 고급스러운 재해석
21124,https://www.bysuco.com/product/show/21124,피오니 앤 블러시 스웨이드 오 드 코롱,조 말론,168000.0,https://cf.bysuco.net/16e92be4b46ba219ec03090b1f0572bc.jpg?w=600,레드 애플,"피오니, 로즈, 카네이션, 자스민",스웨이드,"플로랄, 로즈, 프레쉬",작약이 선사하는 부드럽고 여리한 이미지 연출
21126,https://www.bysuco.com/product/show/21126,잉글리쉬 페어 앤 프리지아 오 드 코롱,조 말론,239000.0,https://cf.bysuco.net/bead21c8a4bd7a406d53ae414b03c24f.jpg?w=600,"페어, 멜론","프리지아, 로즈","머스크, 페출리, 루바브, 앰버","플로랄, 프루티, 스위트","가을의 정수. 화이트 프리지아 부케향에 이제 막 익은 배의 신선함을 입히고 호박, 파출리, 우디향으로 은은함을 더했습니다"
97117,https://www.bysuco.com/product/show/97117,롬브르 드 메르베이 오 드 퍼퓸,에르메스,193000.0,https://cf.bysuco.net/28befe0c763e5c844bee64ebbfa44885.jpg?w=600,블랙 티,인센스,통가,"마린, 우디, 아로마틱",부드러운 우디노트가 선사하는 드라이하고 스파이시한 향
3406551,https://www.bysuco.com/product/show/3406551,부케 드 옹그리 오 드 퍼퓸,비디케이,89000.0,https://cf.bysuco.net/f5a974b80a268002ff72a45ac42dfa66.jpg?w=600,"페어, 스트로베리, 카시스","터키쉬 로즈, 자스민 삼박, 로레녹스","머스크, 시더, 앰버","프루티, 스위트, 로즈",팔레 로얄 중정에 퍼진 봄의 청취를 담은 향
3406303,https://www.bysuco.com/product/show/3406303,아이레 오 드 뚜왈렛,로에베,138000.0,https://cf.bysuco.net/cb018cf33f981484a47be4c2b4d8cbba.jpg?w=600,"알데히드, 그린 노트, 갈바눔, 마리골드, 시트러스, 바질, 베르가못, 페티그레인, 네롤리, 레몬, 자스민, 일랑일랑, 텐저린, 만다린 오렌지, 피치","릴리 오브 더 벨리, 아이리스, 자스민, 카네이션, 오리스 루트, 로즈, 시클라멘, 인센스, 앰버","오크모스, 배티버, 샌달우드, 머스크, 시더, 바닐라","그린, 시트러스, 아로마틱",꽃이 만발한 나무로 가득한 초록빛 풍경 속을 걷는 듯한 느낌을 전하는 향
3405891,https://www.bysuco.com/product/show/3405891,올드 패션드 오 드 퍼퓸,킬리안,420000.0,https://cf.bysuco.net/036a8e96a9fdffc4363d7a3a86f4cf8b.webp?w=600,"위트, 다바나","부조화, 시더우","톨루 발삼, 시도니 랑쎄서","앰버, 웜 스파이시, 스위트",킬리안 헤네시가 재해석한 최고의 스코틀랜드 전통 싱글몰트 위스키 향.
34211,https://www.bysuco.com/product/show/34211,비가라드 꽁상뜨레 오 드 뚜왈렛,프레데릭 말,350000.0,https://cf.bysuco.net/60c49d976a253cadfba6723941f7be70.jpg?w=600,"비터 오렌지, 핑크 페퍼, 카다멈",로즈,"그래스, 해이, 시더","시트러스, 아로마틱, 프레쉬",장미의 터치에 의한 투명함과 비터 오렌지 에센스를 바탕으로 한 쌉쌀하고 상쾌한향
3406547,https://www.bysuco.com/product/show/3406547,운 자르뎅 수르 라 라군 오 드 뚜왈렛,에르메스,60000.0,https://cf.bysuco.net/310d0e23731ba4b243b3bda06543c813.jpg?w=600,"시 노트, 매그놀리아, 우디 노트, 릴리",,,"화이트 플로랄, 마린, 플로랄",감미로운 생동감으로 충만한 꿈의 정원
22766,https://www.bysuco.com/product/show/22766,잉글리쉬 오크 앤 헤이즐넛 오 드 코롱,조 말론,239000.0,https://cf.bysuco.net/5230a0e73712018d0deff3afe4bbb20b.jpg?w=600,헤이즐넛,시더,오크,"우디, 너티",흙내음과 녹색이 어우러진 고혹적인 향
224972,https://www.bysuco.com/product/show/224972,샹스 오 후레쉬 오 드 뚜왈렛,샤넬,166000.0,https://cf.bysuco.net/fe648917a2158223e9655c30b7a0ac30.jpg?w=600,"레몬, 시더, 시트론","워터 히아신스, 핑크 페퍼, 자스민","화이트 머스크, 패출리, 베티버, 티크 우드, 아이리스, 앰버","우디, 시트러스, 아로마틱",더욱 대담하고 환상으로 가득 찬 샹스의 재해석.
225432,https://www.bysuco.com/product/show/225432,다크 로드 오 드 퍼퓸,킬리안,450000.0,https://cf.bysuco.net/1a44727b0c55206c6bd6e4d0aa900db9.jpg?w=600,"페퍼, 베르가못","럼, 자스민 삼박, 다바나","레더, 베티버, 시이프리올 오일, 나가르모타, 시더, 패출리","우디, 레더, 아로마틱",가죽과 강한 베티버의 우아한 조화
3408389,https://www.bysuco.com/product/show/3408389,카사블랑카 릴리 익스트레잇 드 퍼퓸,바이레도,560000.0,https://cf.bysuco.net/24b4990cdc7ce338e6d9962f05d78374.jpg?w=600,블랙 플럼,카사블랑카 릴리,"허니, 앰버","오리엔탈, 플로럴, 스위트, 인텐스","이국적인 카사블랑카 릴리의 농밀한 꽃향이 블랙 플럼의 달콤함과 겹쳐지며, 꿀과 앰버의 따뜻함이 깊게 스며드는 화려하고 관능적인 오리엔탈 플로럴 향"
22423,https://www.bysuco.com/product/show/22423,헤븐 캔 웨이트 오 드 퍼퓸,프레데릭 말,115000.0,https://cf.bysuco.net/df53e8ee59053c6fb63e51e799ee2cc5.jpg?w=600,"클로브, 캐롯씨드, 암브레트, 피멘토씨드, 플럼","아이리스, 베티버, 매그놀리아, 캐쉬미란, 시더","머스크, 피치, 바닐라","파우더리, 머스크, 웜 스파이시",따뜻하고 기분 좋은 뭉근한 스파이시노트가 선사하는 피부의 향
225425,https://www.bysuco.com/product/show/225425,블랙 팬텀 오 드 퍼퓸 트래블 세트,킬리안,350000.0,https://cf.bysuco.net/94ff38cfb5e6f7128e24153b977af561.jpg?w=600,"다크 초콜릿, 럼, 카라멜, 커피, 사탕수수, 아몬드, 샌달우드, 헬리오트로프",,,"스위트, 웜 스파이시, 카라멜",진한 커피향과 럼의 향이 균형을 맞춘 관능적인 향수
22184,https://www.bysuco.com/product/show/22184,스프링 플라워 오 드 퍼퓸,크리드,330000.0,https://cf.bysuco.net/6b74fbd9f11e32a4d699de69b2693e5b.jpg?w=600,"자몽, 레몬, 베르가못, 그린 노트","화이트 플라워, 자스민, 살구, 피치","앰버그리스, 머스크, 시더","화이트 플로랄, 시트러스, 아로마틱",풍부한 과일의 향이 부드러운 플로럴 향과 어우러져 어느 완벽한 봄날 아침에 느껴지는 영국식 정원의 향
3406936,https://www.bysuco.com/product/show/3406936,아란치아 디 카프리 라 리제르바 오 드 퍼퓸,아쿠아 디 파르마,260000.0,https://cf.bysuco.net/160d1aea62d2da6f01c8529a58cce713.jpg?w=600,"스위트 오렌지, 만다린, 레몬","쁘띠그레인, 카르다몸","카라멜, 머스크","시트러스, 머스크, 앰버",아쿠아 디 파르마 아란치아 디 카프리 라 리제르바 오 드 퍼퓸은 시트러스 아로마 계열의 향수입니다.
10542,https://www.bysuco.com/product/show/10542,캔트 스탑 러빙 유 오 드 퍼퓸,킬리안,450000.0,https://cf.bysuco.net/3b67b0dd0a4158fb981ca2f385513989_cvt.webp?w=600,오렌지 블라썸,허니,"오크모스, 마다가스카르 바닐라, 올리바넘","화이트 플로랄, 스위트, 허니",끝없는 신비로움을 선사하는 향
141224,https://www.bysuco.com/product/show/141224,길티 뿌르 옴므 오 드 뚜왈렛,구찌,147000.0,https://cf.bysuco.net/77fba5e543b3d18bcae3001745ff74fa.jpg?w=600,"라벤더, 아말피 레몬",아프리카 오렌지 플라워,"연필향 나무, 파츌리, 바닐라","시트러스, 라벤더",익숙하면서도 세련 된 느낌을 선사하는 은은하면서도 남성적인 시트러스 꽃 향
3406354,https://www.bysuco.com/product/show/3406354,델리나 익스클루시브 오 드 퍼퓸,퍼퓸 드 말리,295000.0,https://cf.bysuco.net/75880e0dd08084c3d89b1bfc30667d61.webp?w=600,"서양배, 리치, 그레이프프루트","다마스크 로스. 인센스, 베티베","바닐라, 머스크, 에버","로즈, 프루티, 바닐","풍부하고 세련된 오리엔탈 플로럴 향

우아하고 화려하며 매혹적인  세련된 향수입니다.  귀족적인 우아함과 현대적인 관능미를 발산합니다."
9849,https://www.bysuco.com/product/show/9849,콜로니아 퓨라 오 드 코롱,아쿠아 디 파르마,210000.0,https://cf.bysuco.net/ac72d76c1b77fd0b8322c7b1cca8b4b6.jpg?w=600,"베르가못, 오렌지","자스민, 나르시소스, 코리앤더","패츌리, 시더, 화이트 머스크","시트러스, 아로마틱",고전적 시트러스와 머스크의 만남으로 매혹적인 활발한 이미지를 연출
3405518,https://www.bysuco.com/product/show/3405518,옴브레 레더 오 드 퍼퓸,톰 포드,77000.0,https://cf.bysuco.net/6572f127fad06e724de218d4f55e3b58.jpg?w=600,카다멈,"레더, 자스민 삼박","앰버, 모스, 페출리","레더, 애니멀릭, 화이트 플로랄",흙먼지를 머금은 바람을 두르고 살결이 맞닿은 감촉을 연상케 하는 향
3406567,https://www.bysuco.com/product/show/3406567,애프터눈 딜라이트 오 드 뚜왈렛,메종 마르지엘라,110000.0,https://cf.bysuco.net/bdb5bce0400bea03da45f93014f5a25e.webp?w=600,"바닐라, 휘핑 크림, 마들렌, 샌달우드, 머스크",,,"바닐라, 스위트, 파우더",공기를 가득 채우는 따듯한 마들렌의 향
22730,https://www.bysuco.com/product/show/22730,트윌리 데르메스 오 프와브레 오 드 퍼퓸,에르메스,120000.0,https://cf.bysuco.net/8f776fda20fd1bb0fd084dcd1573c3ca.jpg?w=600,핑크 페퍼,로즈,페출리,"로즈, 소프트 스파이시, 페출리",에르메스 레이디의 생동감 넘치는 매력을 담은 향
693909,https://www.bysuco.com/product/show/693909,바이킹 코롱 오 드 퍼퓸,크리드,560000.0,https://cf.bysuco.net/cd4cc611f96597f1494380b52c2ebb77.jpg?w=600,"만다린 오렌지, 레몬, 핑크 페퍼, 베르가못","라벤더, 제라늄, 로즈마리, 세이지, 넛트맥","베티버, 샌달우드, 시더, 알바눔, 패츌리, 프랑킨센스","아로마틱, 시트러스, 우디",무한한 탐험을 추구하는 현대인들을 위한 대중적이면서도 모던한 향기
32773,https://www.bysuco.com/product/show/32773,문라이트 로즈 오 드 퍼퓸,반클리프 아펠,235000.0,https://cf.bysuco.net/4ea9a0f8533aea19f4aece66436f7f37.jpg?w=600,"제라늄, 핑크페퍼","불가리안 로즈, 타이프 로즈","패츌리, 오크모스, 라즈베리","로즈, 패츌리, 우디",달빛에 비친 우아하고 중독적인 장미의 향
22764,https://www.bysuco.com/product/show/22764,와일드 블루벨 오 드 코롱,조 말론,168000.0,https://cf.bysuco.net/1744aa83be19919b109a411c76776b62.jpg?w=600,"캄파눌라, 듀 드랍, 그린 리프, 클로프","감, 피치","머스크, 파우더리 노트","플로랄, 화이트 플로랄, 프레쉬 스파이시",숲 속 깊은 곳에서 빛나고 있는 사파이어
3405285,https://www.bysuco.com/product/show/3405285,하지밧 엑스트레 드 퍼퓸,니샤네,360000.0,https://cf.bysuco.net/2be52b3c3fb278888ab678d67c6f4c08.webp?w=600,"베르가못, 파인애플, 자몽","재스민, 파출리, 시더우드","맑은 나무, 참나무 이끼, 마른 목재","우디, 시트러스, 모씨",봄과 여름 에 많은 사람들이 선호하는 밝고중성적 향.
10288,https://www.bysuco.com/product/show/10288,네롤리 36 오 드 퍼퓸,르 라보,310000.0,https://cf.bysuco.net/c1dc631804ad26d1d6b2f358deaba488.jpg?w=600,"오렌지 블라썸, 알데하이드, 만다린 오렌지","자스민, 로즈","머스크, 바닐라, 통카 빈","화이트 플로랄, 시트러스, 알데하이드",따뜻하고 싱그러운 플로럴 향에 센슈얼한 베이스를 더해진 향
97170,https://www.bysuco.com/product/show/97170,카페 로즈 오 드 퍼퓸,톰 포드,167000.0,https://cf.bysuco.net/7f9123fe6fafa2614c5d8646edff51cf.jpg?w=600,"터키쉬 로즈, 커피","불가리안 로즈, 패출리, 카더멈, 코리안더, 일랑일랑","샌달우드, 프랑킨센스","로즈, 윔 스파이스, 우디",세련된 장미의 길들여지지 않은 관능미에 대비되는 다크 커피 트위스트 향이 스며든 플로럴 시프레 계열의 향
97122,https://www.bysuco.com/product/show/97122,보야지 데르메스 퍼퓸,에르메스,157000.0,https://cf.bysuco.net/415b1cbf7e4047b08477b980762903bd.webp?w=600,"카다멈, 레몬, 스파이스, 주니퍼","티, 그린 노트, 로즈, 플로랄 노트, 헤디온","우디 노트, 머스크, 앰버, 샌달 우드","웜 스파이시, 아로마틱, 시트러스",머스키한 우디노트가 표현하는 따듯하고 감각적인 향
113238,https://www.bysuco.com/product/show/113238,만다리노 디 시칠리아 오 드 뚜왈렛,아쿠아 디 파르마,135000.0,https://cf.bysuco.net/bbbbcf92dce1440e926d5c5de9546ee9.jpg?w=600,"그린 만다린, 블러드 오렌지, 베르가못, 레몬","페티그레인, 스피아민트","시더, 머스크, 패출리","시트러스, 그린, 프레쉬 스파이시",그린 만다린이 전하는 생기 있고 상쾌한 향
23682,https://www.bysuco.com/product/show/23682,할테인 오 드 퍼퓸,퍼퓸 드 말리,515000.0,https://cf.bysuco.net/d4b09853af7c4500da807c3e985d8644.jpg?w=600,"클라리 세이지, 라벤더, 베르가못","샤프론, 프랄린","아가우드, 시더","오우드, 스위트, 아로마틱",모든 세대의 젠틀맨을 위한 대담하고 고귀한 향
31096,https://www.bysuco.com/product/show/31096,이리스 뿌드르 오 드 퍼퓸,프레데릭 말,430000.0,https://cf.bysuco.net/ef456c7dc66fcde9402005fb4a860919.jpg?w=600,"일랑일랑, 카네이션, 브라질리언 로즈우드, 베르가못, 오렌지","알데하이드, 바이올렛, 릴리, 자스민, 로즈, 매그놀리아","아이리스, 머스크, 샌달우드, 베티버, 바닐라, 앰버, 에보니 트리","파우더리, 우디, 머스크",캐시미어 스웨터와 같은 고전의 아름다움을 표현하는 아름다운 플로럴 알데하이드 향
9789,https://www.bysuco.com/product/show/9789,뉘 드 셀로판 오 드 퍼퓸,세르주 루텐,205000.0,https://cf.bysuco.net/c51e04ca8bd595b9a12e0659bd1857be.jpg?w=600,"오스만투스, 자스민, 릴리, 프루티 노트, 만다린 오렌지, 그린 노트, 허니, 머스크, 카네이션, 아몬드, 우디 노트",,,"화이트 플로랄, 프루티, 플로랄",깨끗하고 순수한 단계목 향
3406009,https://www.bysuco.com/product/show/3406009,아폴로니아 퍼퓸,제르조프,340000.0,https://cf.bysuco.net/72dcc6ca9a5d4e66199869b9bd43b1e0.jpg?w=600,화이트 플라워,오리스,화이트 머스크,"파우더리, 머스크, 아이리스",빛나는 밤하늘의 수천개의 별들을 섬세하고 세련된 플로럴 노트로 표현한 향수
694072,https://www.bysuco.com/product/show/694072,포 힘 블루 느와 퍼퓸,나르시소 로드리게즈,140000.0,https://cf.bysuco.net/f4e68f5060abe3e68fcb3f98d7242691.jpg?w=600,"카다멈, 사이프러스, 배르가못, 만다린 오렌지","아이리스, 머스크, 스웨이드","통카 빈, 샌달우드, 베티버, 레더, 아틀라스 시더","우디, 파우더리, 아이리스",백지장과 같이 순수하며 새하얀 느낌을 지닌 향으로 마치 캘리포니아 절벽 꼭대기에 있는 집처럼 아주 날카로운 매력을 갖고 있다.
140900,https://www.bysuco.com/product/show/140900,러브 스토리 오 드 퍼퓸,끌로에,173000.0,https://cf.bysuco.net/2cc45304f25d365481c9c4d608550eaa.jpg?w=600,"네롤리, 배, 베르가못, 자몽, 레몬","오렌지 블라썸, 스테파노티스, 로즈, 피치, 블랙 커런트","머스크, 시더, 캐시미어우드, 파출리","화이트 플로랄, 시트러스, 머스크",신선하고 감각적인 스테파노티스 자스민 행복의 꽃향기 입니다.
9320,https://www.bysuco.com/product/show/9320,가브리엘 샤넬 오 드 퍼퓸,샤넬,139000.0,https://cf.bysuco.net/a195678ebf567588f3561800820b306b.jpg?w=600,"그레이프 프룻, 만다린 오렌지, 블랙 커런트","오렌지 블로썸, 튜베로즈, 일랑일랑, 자스민, 릴리오브더밸리, 배","머스크, 샌달우드, 캐쉬미란, 오리스","화이트 플로랄, 시트러스, 우디",자신이 무엇을 원하는지 잘 알고 있고 자유롭게 자신의 생각을 표현하는 여성을 위한 향수
141185,https://www.bysuco.com/product/show/141185,덩 떼 브하 오 드 퍼퓸,프레데릭 말,490000.0,https://cf.bysuco.net/111d4a3d584e90b920f1e595a0e22c8a.jpg?w=600,"바이올렛, 머스크, 파인 트리, 캐쉬미란, 헬리오트로프, 우디 노트, 샌달우드, 패출리, 인센스, 자스민",,,"우디, 파우더리, 머스크",향수의 진정한 본질을 표현한 친숙하고 깊으며 오감을 매료시키는 귀족적인 피부의 향
97167,https://www.bysuco.com/product/show/97167,오드 미네랄 오 드 퍼퓸,톰 포드,260000.0,https://cf.bysuco.net/2e99554358cd8d26d1dad636d62d1989.jpg?w=600,"씨 노트, 스틸, 아가우드, 씨글래스, 앰버, 머스크, 핑크 페퍼, 발삼",,,"마린, 아로마틱",앰버 향과 함께 극대화된 우디향이 대조적인 두 향을 어우르며 관능적인 머스크 향
3406444,https://www.bysuco.com/product/show/3406444,에흐.베. 오 드 퍼퓸,도르세,73000.0,https://cf.bysuco.net/950abba0f99cbc8b083568cae8a9698f.jpg?w=600,"알데하이드, 핑크 페퍼","캐시메란, 터키쉬 로즈, 프리지아","머스크, 인센스, 샌달우드","머스크, 파우더리, 알데하이드","사랑을 상징하는 가장 아름다운 꽃, 장미를 중심으로 만들어진 향"
97106,https://www.bysuco.com/product/show/97106,오 드 메르베이 오 드 뚜왈렛,에르메스,170000.0,https://cf.bysuco.net/21e4b258debffb47527edc6c8a4f7ec3.jpg?w=600,"오렌지, 엘레미 레진, 레몬","앰버, 페퍼, 핑크페퍼, 바이올렛","전나무, 시더, 마다가스카르 베티버, 오크모스, 벤조인","우디, 프레쉬 스파이시, 아로마틱",엠버의 따듯하고 감각적인 향
34367,https://www.bysuco.com/product/show/34367,패츌리 오 드 코롱,산타 마리아 노벨라,210000.0,https://cf.bysuco.net/fce2cd1e45dab68c5f409e32bd91224a.jpg?w=600,패츌리,,,"시패츌리, 우디, 웜 스파이시",파출리 허브의 독특한 매력을 담은 향
34242,https://www.bysuco.com/product/show/34242,더 문 오 드 퍼퓸,프레데릭 말,850000.0,https://cf.bysuco.net/71b6b3505f9078101257a5bfd68642ba.jpg?w=600,"라즈베리, 리치, 샤프란","터키쉬 로즈, 레드베리, 올바늄, 레드커런트, 바이올렛","아가우드(오우드), 레더, 앰버, 패츌리, 샌달우드","프루티, 스위트, 오우드",라즈베리와 오우드가 표현하는 달콤하고도 치명적인 유혹의 향
225231,https://www.bysuco.com/product/show/225231,로데 헤스페리데스 오 드 뚜왈렛,딥티크,275000.0,https://cf.bysuco.net/178d7d80d06025c3bd62c58ccd270522.jpg?w=600,"Bitter Orange, Grass, Petitgrain, Mandarin Orange, Rosemary, Lemon, Caraway, Pepper","Mint, Floral Notes","Immortelle, Musk, Cedar","시트러스, 그린, 아로마틱",푸르른 과수원에서 여름의 향취를 만끽하도록 초대하는 향
9643,https://www.bysuco.com/product/show/9643,쟈도르 오 드 뚜왈렛,디올,171000.0,https://cf.bysuco.net/91595a956747d985c0f60115506ec7b7.jpg?w=600,"블러드 오렌지, 레몬","매그놀리아, 네롤리, 다마스크 로즈","샌달우드, 바닐라","시트러스, 플로랄, 로즈",쟈도르 오 드 퍼퓸을 산뜻하게 재해석한 향수
9269,https://www.bysuco.com/product/show/9269,만도를로 디 시칠리아 오 드 뚜왈렛,아쿠아 디 파르마,135000.0,https://cf.bysuco.net/a8c201bfdc7ab6638535d82772b0e0f6.jpg?w=600,"그린 아몬드, 스타아니스, 오렌지, 베르가못","화이트 피치, 일랑일랑, 자스민","부르동 바닐라, 톨루 발삼, 화이트 머스크, 시더","바닐라, 스위트",시트러스와 구어망드 계열의 조화로 달지만 가벼운 따뜻함을 연출
9697,https://www.bysuco.com/product/show/9697,디올 옴므 스포츠 오 드 뚜왈렛,디올,150000.0,https://cf.bysuco.net/5e1314f0dca873f1b8d35dd83f74afa9.jpg?w=600,"시트론, 진저 플라워",아이리스,"그린 노트, 시더","시트러스, 아이리스, 웜 스파이시",당당함이 느껴지며 고결하면서도 자신감 넘치는 남성미를 표현한 향
3406008,https://www.bysuco.com/product/show/3406008,르네상스 오 드 퍼퓸,제르조프,360000.0,https://cf.bysuco.net/e01727c79e0edbf1c19107f932977837.jpg?w=600,"아말피 레몬, 베르가못, 페티그레인, 텐저린","민트, 릴리 오브 더 밸리, 로즈","머스크, 버지니아 시더, 패춀리, 앰버","시트러스, 그린, 아로마틱",이탈리아의 웅장함과 풍부한 유산이 가득 담긴 향수
10069,https://www.bysuco.com/product/show/10069,미스 디올 로즈 앤 로지스 롤러 펄 오 드 뚜왈렛,디올,79000.0,https://cf.bysuco.net/516edfbc601d602e71340f3f2e537024.jpg?w=600,"이탈리안 만다린, 베르가못, 제라늄","그라스 로즈, 다마스크 로즈",화이트 머스크,"로즈, 시트러스, 머스크",눈부신 향기를 선사하는 플로럴 향
3406357,https://www.bysuco.com/product/show/3406357,아쿠아 유니버셜 포르떼 오 드 퍼퓸,메종 프란시스 커정,339000.0,https://cf.bysuco.net/8eaf9abf54cecad7a098fc7f934ea8a9.jpg?w=600,"아말피 레몬, 베르가못","화이트 플라워, 자스민, 로즈","머스크, 우디 노트","화이트 플로랄, 시트러스, 머스크",피부에 떨어진 한 방울의 금빛 향
9763,https://www.bysuco.com/product/show/9763,몽 파리 인텐스 오 드 퍼퓸,입생로랑,152000.0,https://cf.bysuco.net/0d58b804bfe038cdb8197432aec07f52_cvt.webp?w=600,"라즈베리, 블랙 커런트, 페어, 오렌지, 베르가못","5월의 장미, 불가리안 로즈, 피오니, 다투라, 프리지아","바닐라, 페출리, 화이트 머스크, 벤조인, 캐쉬미란","프루티, 로즈, 플로랄",열정적인 사랑의 도시 파리의 중심에서 만나는 강렬한 사랑 표현한 향
32787,https://www.bysuco.com/product/show/32787,오우드 블랑 오 드 퍼퓸,반클리프 아펠,235000.0,https://cf.bysuco.net/dd6090479acee9b570f03e8ba5c89d8d.jpg?w=600,"아가우드(오우드), 바닐라, 인센스, 화이트머스크, 로즈, 알데히드",,,"오우드, 바닐라, 앰버",부르덥고 포근하게 발향되는 오우드 향
3407116,https://www.bysuco.com/product/show/3407116,블랑쉬 앱솔뤼 드 퍼퓸,바이레도,340000.0,https://cf.bysuco.net/2d8ff35ff1fd4e5c6570c044dd2c214e.jpg?w=600,"블랙 페퍼, 알데하이드, 네롤리 어코드
- 하트 노트: 로즈 압솔루트, 바이올렛 어코드, 자스민 어코드",,"화이트 머스크 어코드, 앰브록산, 캐시미어 우드 어코드","머스크, 알데하이드, 프레쉬",기존 블랑쉬 오 드 퍼퓸의 시그니처 노트를 증폭시킨 앱솔뤼 드 퍼퓸은 각각의 노트를 새롭게 해석하며 순수함과 따스함의 대조를 보여줍니다.
9358,https://www.bysuco.com/product/show/9358,젠틀 플루이디티 골드 오 드 퍼퓸,메종 프란시스 커정,320000.0,https://cf.bysuco.net/6a6d73c5ce47de82b094b6714d025cd4.jpg?w=600,"바닐라, 앰버, 머스크, 우디노트, 주니퍼베리, 너트맥, 코리앤더",,,"바닐라, 파우더리, 우디",젠더리스한 머스키하고 오리엔탈한 향
3407407,https://www.bysuco.com/product/show/3407407,어텀 바이브 오 드 뚜왈렛,메종 마르지엘라,40000.0,https://cf.bysuco.net/f47457962cbf72a82511e84afcf3c256.jpg?w=600,"카다멈, 핑크 페퍼","너트맥, 메이플, 캐럿 씨드","시더, 모스","우디, 파우더리, 프레쉬 스파이시",자연의 순수함을 닮은 향
32616,https://www.bysuco.com/product/show/32616,블라마주 엑스뜨레 드 퍼퓸,나소마토,247000.0,https://cf.bysuco.net/90eeb838c911ff522a74707a6e747491.jpg?w=600,"머스크, 화이트 우드, 레더",,,"레더, 우디, 스모키","하얗게 벗겨진 자작나무와 거친 가죽, 동물적인 머스크가 뒤엉켜 난잡하지만 은근히 중독적인 우디 레더 향"
30319,https://www.bysuco.com/product/show/30319,퀘르시아 오 드 퍼퓸,아쿠아 디 파르마,425000.0,https://cf.bysuco.net/4f1c92112da3a15281aad861adf7ac76.jpg?w=600,"레몬, 칼라브리안 베르가못, 핑크페퍼, 페티그레인","카다멈, 시더, 제라늄","모스, 통카빈, 패츌리","아로마틱, 시트러스",아침 이슬을 머금은 장엄한 숲을 걷는 시원하면서도 신선한 분위기 연출
10696,https://www.bysuco.com/product/show/10696,오 드 화이트 플로럴 오 드 뚜왈렛,질 스튜어트,51000.0,https://cf.bysuco.net/39595cb2164687c175b8be24d1e700be_cvt.webp?w=600,"스트로베리, 블랙커런트, 오렌지, 라임, 그레이프프루츠, 레몬, 복숭아, 베르가못
- 미드 노트 : 자스민, 오렌지 블라썸, 로즈, 로즈베리, 일랑일랑, 바질",,"베티버, 앰버, 시더, 머스크","화이트 플로랄, 프루티, 시트러스","활짝 핀 꽃, 신선하고 달콤한 과일, 부드러운 티의 블렌딩 향기"
3406013,https://www.bysuco.com/product/show/3406013,에르바 퓨라 오 드 퍼퓸,제르조프,250000.0,https://cf.bysuco.net/2f9e62ceda3dc7cd83fd1eb2d19b34d1.jpg?w=600,"시칠리안 오렌지, 칼라브리아 베르가못, 시칠리안 레몬",프루티스,"화이트 머스크, 마다가스카르 바닐라, 앰버","프루티, 시트러스, 스위트",산뜻하게 시작해 부드럽고 몽환적인 느낌으로 다가오는 프루티 머스크 향
9901,https://www.bysuco.com/product/show/9901,누와르 익스트림 퍼퓸,톰 포드,280000.0,https://cf.bysuco.net/e2253284094f3e23a2d985f8d9289887.jpg?w=600,"카다멈, 진저, 만다린 오렌지, 네롤리, 시트러스","쿨피, 불가리안 로즈, 오렌지 블로썸","바닐라, 레더, 스웨이드, 앰버, 가이악 우드, 통카 빈, 시더","웜 스파이시, 레더, 바닐라",누와르 익스트림 오리지널 향을 더욱 과감하게 강조한 향수
3405602,https://www.bysuco.com/product/show/3405602,오 드 옴브레 레더 오 드 뚜왈렛,톰 포드,73000.0,https://cf.bysuco.net/0d0e746c1daf77ccfd6f75dacc940d14.jpg?w=600,"카다멈, 진저, 코리안더","바닐라, 레더",암브로픽스,"바닐라, 웜 스파이시, 레더",미국 서부에서 맞이하는 새로운 새벽의 시작을 연상케 하는 향
9707,https://www.bysuco.com/product/show/9707,포 허 오 드 뚜왈렛,나르시소 로드리게즈,117000.0,https://cf.bysuco.net/e559b3bdff15ca2959f4db4539de02bc.jpg?w=600,"오스만투스, 오렌지 블라썸, 베르가못","앰버, 머스크","바닐라, 베티버, 페출리","앰버, 바닐라, 파우더리","영원한 여성성, 우아함과 반짝이는 섬세함을 선사하는 여성에게 바치는 향수"
693979,https://www.bysuco.com/product/show/693979,잉글리쉬 페어 앤 스윗 피 오 드 코롱,조 말론,239000.0,https://cf.bysuco.net/9c3ed01219f3c424ee517549e4bac8cd.jpg?w=600,윌리엄 페어,스위트피,화이트 머스크,"플로랄, 머스크, 스위트",햇살이 따스하게 내리쬐는 과수원에서 무르익기 직전의 매혹적인 배가 가지에 가득 달려 생기를 불어넣는 향
10702,https://www.bysuco.com/product/show/10702,오 로즈 솔리드 퍼퓸,딥티크,104000.0,https://cf.bysuco.net/a0559f09f8cb7a7b81778797f18fb9a9.jpg?w=600,"리치, 블랙 커런트, 베르가못","로즈, 제라늄, 자스민","머스크, 화이트 허니, 버지니아 시더","로즈, 프루티, 플로랄",강렬한 장미향과 약간 풋풋하면서도 은은한 프룻티함을 드러낸 고체 향수
21732,https://www.bysuco.com/product/show/21732,콜로니아 클럽 오 드 코롱,아쿠아 디 파르마,210000.0,https://cf.bysuco.net/25388a95c4122f1e8ca92a1e6f868b97.jpg?w=600,"베르가못, 레몬, 핑크페퍼, 블랙페퍼","시소, 로즈마리","시더, 머스크","아로마틱, 시트러스",콜로니아의 향을 현대적으로 재해석한 향으로 우아하고 역동적인 이미지 연출
9318,https://www.bysuco.com/product/show/9318,코코 마드모아젤 로 프리베 오 뿌르 라 뉘,샤넬,166000.0,https://cf.bysuco.net/3c3da752c2aab8a721042d2b50b8a02a.jpg?w=600,만다린 오렌지,"로즈, 자스민",화이트 머스크,"시트러스, 로즈",자유롭고 대담함을 즐길 줄 아는 여성을 위한 향수
2200770,https://www.bysuco.com/product/show/2200770,우드 포 그레이트니스 오 드 퍼퓸,이니시오 퍼퓸,652000.0,https://cf.bysuco.net/e25408764c83431cbdf6ea8938055ad4.jpg?w=600,"사프란, 넛맥, 라벤더",아가우드,"패츌리, 머스크","웜 스파이시, 프레쉬 스파이시, 라벤더",모든 위대한 꿈을 가능하게 하는 매혹적이고 스릴 넘치는 향수
23859,https://www.bysuco.com/product/show/23859,젤소미노 오 드 퍼퓸 (메디치 가든 컬렉션),산타 마리아 노벨라,365000.0,https://cf.bysuco.net/cb59ff6da2fe047e80c7df2d65533a4f.jpg?w=600,"베르가못, 탠저린, 핑크 페퍼","자스민 삼박, 일랑일랑, 아프리칸 제라늄","머스크, 시더우드","화이트 플로랄, 머스크, 시트러스",메디치 가문의 사랑을 담은 온실 속 꽃
10517,https://www.bysuco.com/product/show/10517,오 모헬리 오 드 뚜왈렛,딥티크,275000.0,https://cf.bysuco.net/c9495c965c19eb792baa47d15160a512_cvt.webp?w=600,"핑크 페퍼, 진저","일랑일랑, 플로랄 노트, 인센스","베티버, 벤조인, 패출리","플로랄, 웜 스파이시, 옐로우 플라워",성별에 크게 구애받지 않는 일랑일랑 꽃에서 기반하여 탄생하 향
9945,https://www.bysuco.com/product/show/9945,블룸 오 드 퍼퓸,구찌,105000.0,https://cf.bysuco.net/2042418c0a29c85d89661e76ec220335_cvt.webp?w=600,자스민,튜베로즈,라군 크리퍼,"화이트 플로랄, 튜베로즈","자스민, 튜베로즈, 랑군 크리퍼의 조합이 달콤한 네롤리 어코드와 어우러지면서 신선하게 다가온다."
224885,https://www.bysuco.com/product/show/224885,나이트 베일스 바닐 앙티끄 익스트레잇 드 퍼퓸,바이레도,465500.0,https://cf.bysuco.net/1ae7c847104148d110c69071ebd8e8ab.jpg?w=600,"프리지아, 자두","앰버, 캐시미어 우드","마다가스카르 바닐라 빈, 시스투스 오일","앰버, 바닐라, 우디",희귀한 원료를 중심으로 예상치 못한 전개의 도전적인 향기
224876,https://www.bysuco.com/product/show/224876,비블리오티크 오 드 퍼퓸,바이레도,280000.0,https://cf.bysuco.net/9f0f37ab6dbdd8b00c1a511b770a6a8f.jpg?w=600,"자두, 시나몬","가죽 어코드, 바이올렛","자작나무, 파츌리, 바닐라","프루티, 레더, 파우더리","오래된 책들의 세계, 어두운 나무 선반 위에 놓여진 가죽 장정의 향기"
3405607,https://www.bysuco.com/product/show/3405607,오드 우드 오 드 퍼퓸,톰 포드,105000.0,https://cf.bysuco.net/40ee3c461e18c4c5cf970e2f7e5ea575.jpg?w=600,"아가우드, 브라질리안 로즈우드, 샌달우드, 카다멈, 바닐라, 사천 페퍼, 베티버, 통카 빈, 앰버",,,"우디, 오우드, 웜 스파이시",청량한 소나무 계열의 향과 부드러운 침구가 부드럽게 감싸주는 듯한 향
22177,https://www.bysuco.com/product/show/22177,러브 인 화이트 썸머 오 드 퍼퓸,크리드,350000.0,https://cf.bysuco.net/6afd5d929871bf0ea44da55530d43152.jpg?w=600,"칼라브리안 베르가못, 매그놀리아, 불가리안 로즈","라이스, 투스칸 아이리스, 버지니안 시더","애플, 앰버그리스, 샌달우드, 자스민","플로랄, 시트러스, 우디",로맨틱함과 달콤함을 가미한 에너지 넘치는 여성스러운 향
694147,https://www.bysuco.com/product/show/694147,르 옴므  오 드 퍼퓸,입생로랑,164000.0,https://cf.bysuco.net/da17c7699408ede7303045adc6a5d42c.webp?w=600,"이탈리아 시트론, 화이트 페퍼, 다바나, 베르가못","오렌지 블라썸, 바이올렛 잎","벤조인 시암, 스웨이드, 시더우드","우디, 시트러스, 아로마틱",따뜻하고 우디한 향
30323,https://www.bysuco.com/product/show/30323,우드 앤 스파이스 오 드 퍼퓸,아쿠아 디 파르마,415000.0,https://cf.bysuco.net/069f7dc85d0b3b14e5d47fb5d85924e9.jpg?w=600,"라즈베리, 로즈, 베르가못","클로브, 핑크페퍼, 시나몬","아가우드(오우드), 랍다넘, 패츌리","오우드, 웜 스파이시",고급스럽고 풍부한 오우드 향과 장미의 조화로 호화로운 관능미 연출
97095,https://www.bysuco.com/product/show/97095,운 자르뎅 엉 메디테라네 오 드 뚜왈렛,에르메스,165000.0,https://cf.bysuco.net/c7f79534fac01c4f2760e7395d3912ac.jpg?w=600,"베르가못, 레몬, 만다린 오렌지","오렌지 블라썸, 화이트 유도화","무화과 잎, 시프레, 레드 시더, 주니퍼, 피스타치오, 머스크","아로마틱, 우디, 시트러스",나무와 꽃으로 가득한 튀니지의 비밀 정원에서 즐기는 산책을 표현한 향
10251,https://www.bysuco.com/product/show/10251,언컷 젬 오 드 퍼퓸,프레데릭 말,430000.0,https://cf.bysuco.net/a1f0b091a7d7371a8360346cf82ee072_cvt.webp?w=600,"진저, 베르가못, 만다린 오렌지, 앤젤리카, 너트맥","베티버, 올리바넘, 레더","머스크, 앰버","시트러스, 앰버, 머스크",대담하고도 수수께끼 같은 매력이 넘치는 향
694053,https://www.bysuco.com/product/show/694053,언더 더 스타즈 오 드 뚜왈렛,메종 마르지엘라,110000.0,https://cf.bysuco.net/6d8f3dda50d19b585cd4d31a860562ce.jpg?w=600,블랙 페퍼,레더,"아가우드, 라브다넘","레더, 우디, 프레쉬 스파이시",따뜻하고 앰버리한 느낌으로 감각적이고 편안한 자연 속 밤의 따뜻한
9803,https://www.bysuco.com/product/show/9803,아쿠아 비떼 오 드 뚜왈렛,메종 프란시스 커정,339000.0,https://cf.bysuco.net/805965b67c12c358dae0ec3593a9953f.jpg?w=600,"레몬, 시칠리안 만다린, 가이악우드","통카 빈, 바닐라, 자스민",헤디온,"시트러스, 바닐라, 우디",서로의 열기와 채움이 동시에 존재하는 향
10531,https://www.bysuco.com/product/show/10531,펄 우드 오 드 퍼퓸,킬리안,640000.0,https://cf.bysuco.net/bbe865230be2edadd48da0538ab0fae1_cvt.webp?w=600,"샤프론, 페퍼","로즈, 아이리스, 일랑일랑","아가우드, 캐스토리움","오드, 레더, 로즈","이국적인 도시, 카타르 도하에서 영감을 받은 향"
9745,https://www.bysuco.com/product/show/9745,34번가 생제르망 오 드 뚜왈렛,딥티크,270000.0,https://cf.bysuco.net/bebb5fbbd102b705c5e07b177e0e17c8.jpg?w=600,"클로브, 시나몬, 블랙 커런트, 카다멈, 무화과 잎, 핑크 페퍼, 그린 노트, 시트러스","제라늄, 아이리스, 튜베로즈, 바이올렛, 로즈","레진, 우디 노트, 유칼립투스","웜 스파이시, 우디, 그린",스파이시한 우디향으로 중성스럽고 묵직한 향이 특징
9375,https://www.bysuco.com/product/show/9375,히말라야 오 드 퍼퓸,크리드,410000.0,https://cf.bysuco.net/285ff72380abb06b4482ce5ffc64e72c.jpg?w=600,"칼라브리안, 베르가못, 그레이프 프룻, 시칠리안 레몬",샌달우드,"머스크, 앰버그리스, 시더","시트러스, 우디, 파우더리",시트러스의 상큼함과 우드의 따뜻함으로 시작되고 남성스러운 향을 거쳐 깨끗하고 드라이한 느낌으로 남는 향
23284,https://www.bysuco.com/product/show/23284,일하 도 멜 오 드 퍼퓸,메모,200000.0,https://cf.bysuco.net/6fdc8d48f6df9034ae23de84ff26a3eb.jpg?w=600,"히아신스, 만다린 오렌지, 주니퍼","허니, 자스민, 오렌지 블라썸, 브룸, 아이리스",바닐라,"화이트 플로랄, 플로랄, 허니",브라질의 아름다운 동굴 섬인 일 하 도멜을 추억하는 향
3408364,https://www.bysuco.com/product/show/3408364,아구아 마르 데 코랄  오 드 뚜왈렛,로에베,172000.0,https://cf.bysuco.net/e08736879fdda822037f7f60d9cdec05.jpg?w=600,"자몽, 만다린","플로럴 노트, 아쿠아틱 노트","머스크, 앰버","아쿠아틱, 시트러스, 프레시, 썸머","산호빛 바다를 닮은 시트러스의 청량함이 맑게 퍼지며, 플로럴과 아쿠아틱 노트가 어우러져 햇살 가득한 해변의 여유를 전하는 산뜻한 마린 시트러스 향"
3406947,https://www.bysuco.com/product/show/3406947,로즈 폼퐁 오 드 퍼퓸,구딸,350000.0,https://cf.bysuco.net/6320dbf31ce968eb117c30f0e4f35548.jpg?w=600,"그레이프프룻, 라즈베리, 블랙커런트, 핑크페퍼","타이프 로즈, 불가리안 로즈, 바이올렛","패츌리, 바닐라, 앰버","프루티, 프레쉬, 플로랄",여성을 위한 프룻티 플로럴 계열
225349,https://www.bysuco.com/product/show/225349,자스민 삼박 앤 메리골드 코롱 인텐스,조 말론,225000.0,https://cf.bysuco.net/32ed5bfcf1e52cd562d0161f5f18ca70.jpg?w=600,"진저, 블랙 카더멈, 핑크 페퍼","워터 릴리, 자스민, 로즈","샌달우드, 블랙 앰버, 패출리, 레더","화이트 플로랄, 플로랄, 스위트",활기찬 메리골드와 자스민 꽃이 대조를 이루며 바닐라와 앰버로 마무리되는 유혹적이고 화려한 향
225074,https://www.bysuco.com/product/show/225074,로얄 프린세스 우드 오 드 퍼퓸,크리드,530000.0,https://cf.bysuco.net/dd39a1833851b40a7f8e91326381dfee.jpg?w=600,"베르가못, 바이올렛, 로즈","패출리, 투스칸 아이리스, 자스민, 바닐라 압솔루트","아가우드, 샌달우드, 시암 벤조인, 때죽나무","파우더리, 우디, 바이올렛",자극적이고 우아한 향기를 드러내며 관능적인 잔향을 남기는 향
33295,https://www.bysuco.com/product/show/33295,브라이트 크리스탈 오 드 뚜왈렛,베르사체,128000.0,https://cf.bysuco.net/f5b3ebc02b0fb891d08464355dd993a3.jpg?w=600,"유자, 석류, 아이스 어코드","피오니, 로투스, 매그놀리아","머스크, 마호가니, 앰버","플로랄, 프레쉬",시퀸 드레스를 입은 여성의 아름답고 풋풋한 이미지를 떠올리게 하는 향
23358,https://www.bysuco.com/product/show/23358,포 허 오 드 퍼퓸,나르시소 로드리게즈,143000.0,https://cf.bysuco.net/761dc3d12cc85ea4312c79c237581f19.jpg?w=600,"로즈, 피치","머스크, 앰버","페출리, 샌달우드","머스크, 로즈, 파우더리","우아하고 관능적이며, 미스테리하면서 육감적인 향"
10604,https://www.bysuco.com/product/show/10604,오리아나 오 드 퍼퓸,퍼퓸 드 말리,450000.0,https://cf.bysuco.net/5787c1272c9944d1f246386f2b9afdcf.jpg?w=600,"만다린 오렌지, 베르가못, 자몽","오렌지 블라썸, 라즈베리, 블랙 커런트","휘핑크림, 마시멜로우, 머스크, 암브레트","스위트, 시트러스, 프루티",관능적이고 신비로운 머스크와 암브레트까지 더해 구어망드 향의 다채로움을 느낄 수 있다
694070,https://www.bysuco.com/product/show/694070,포 힘 베티버 머스크 오 드 뚜왈렛,나르시소 로드리게즈,91000.0,https://cf.bysuco.net/050670b02ddfe22847493c0a60f4941e.jpg?w=600,"이탈리안 사이프러스, 머틀, 로즈","샌달우드, 시더","브라질리안 로즈우드, 스파이스, 앰버, 화이트 머스크","아로마틱, 우디, 프레쉬 스파이시",푸르른 상록수 숲과 향기로운 나무 내음을 담은 우디 아로마틱 머스크 향수
22173,https://www.bysuco.com/product/show/22173,로얄 우드 오 드 퍼퓸,크리드,430000.0,https://cf.bysuco.net/9506cb56200d3dd0b25089d925e19179.jpg?w=600,"핑크 페퍼, 레몬, 시칠리안 베르가못","시더, 안젤리카, 갈바넘","샌달우드, 아가우드, 머스크","우디, 머스크, 파우더리",동양적인 풍경에서 풍겨오는 이국적인 향
20828,https://www.bysuco.com/product/show/20828,벨벳 로즈 앤 오드 코롱 인텐스,조 말론,225000.0,https://cf.bysuco.net/c3dc83c63bbf7e266f92dbde699f0ad9.jpg?w=600,"다마스크 로즈, 아가우드, 프랄린, 클로브",,,"로즈, 우디, 스위트",자성에 이끌리는 듯한 사치스러운 향
20823,https://www.bysuco.com/product/show/20823,피오니 앤 블러시 스웨이드 오 드 코롱,조 말론,110000.0,https://cf.bysuco.net/2c61af37cf276c0fce2cd909dd1f38fd.jpg?w=600,레드 애플,"피오니, 로즈, 카네이션, 자스민",스웨이드,"플로랄, 로즈, 프레쉬",작약이 선사하는 부드럽고 여리한 이미지 연출
3405892,https://www.bysuco.com/product/show/3405892,오 드 메르베이 블루 오 드 뚜왈렛,에르메스,60000.0,https://cf.bysuco.net/f41876274c8d9e5a31c8472957b89392.webp?w=600,"시 노트, 우디 노트, 페출",,,"마린, 우디, 아로마틱",산뜻하고 섬세한 시원함을 풍기는 향
141178,https://www.bysuco.com/product/show/141178,앙젤리끄 수 라 쁠뤼 오 드 퍼퓸,프레데릭 말,480000.0,https://cf.bysuco.net/3253bffb1a7e8163991d1043d139f692.jpg?w=600,"안젤리카, 주니퍼, 핑크페퍼, 시더, 코리앤더, 머스크",,,"머스크, 아로마틱, 우디",비온 후 한아름의 안젤리카 부케에서 풍긴 찰나의 향
3408539,https://www.bysuco.com/product/show/3408539,바이킹 코롱 오 드 퍼퓸,크리드,410000.0,https://cf.bysuco.net/cd4cc611f96597f1494380b52c2ebb77.jpg?w=600,"만다린 오렌지, 레몬, 핑크 페퍼, 베르가못","라벤더, 제라늄, 로즈마리, 세이지, 넛트맥","베티버, 샌달우드, 시더, 알바눔, 패츌리, 프랑킨센스","아로마틱, 시트러스, 우디",무한한 탐험을 추구하는 현대인들을 위한 대중적이면서도 모던한 향기
693908,https://www.bysuco.com/product/show/693908,오리지널 상탈 오 드 퍼퓸,크리드,560000.0,https://cf.bysuco.net/c5cce8ff44e6e73332013cb0131be27a.jpg?w=600,"주니퍼 베리, 코리안더, 진저, 로즈마리, 베르가못, 만다리안 오렌지","샌달우드, 레더, 오렌지 블로썸, 제라늄","통카빈, 머스크, 시더, 오크모스","아로마틱, 우디, 프레쉬 스파이시","1930년대에 크리드 가문이 자주 방문했던 아시아에서 
영감을 받은 향"
225123,https://www.bysuco.com/product/show/225123,미스 디올 오 드 뚜왈렛 오리지널,디올,239000.0,https://cf.bysuco.net/a47dc9202d48068375a231d0200d8717.jpg?w=600,갈바늄,자스민 삼박,패츌,"그린, 패츌리, 화이트 플로랄",아방가르드한 그린 시프레 플로랄 어코드
9470,https://www.bysuco.com/product/show/9470,포트레이트 더 트라제디 로드 조지 오 드 퍼퓸,펜할리곤스,448000.0,https://cf.bysuco.net/ee073b66cf2f1b06f944c2554552596a.jpg?w=600,"브랜디, 쉐이빙 솝","통카 빈, 오렌지 플라워","샌달우드, 가이악 우드, 애니멀 머스크","우디, 앰버, 바닐라",와일드한 매력이 넘치는 남성을 위한 향수
3405273,https://www.bysuco.com/product/show/3405273,바닐라 바이브 오 드 퍼퓸,줄리엣 헤즈 어 건,169000.0,https://cf.bysuco.net/52a7a5fe142aa4acb719b6c0ca58d233.jpg?w=600,솔트,"바닐라앱솔루트, 오키드","통카빈, 머스크, 샌달우드, 밴조인","앰버, 머스크, 우디",관능적이며 힘차고 자유로움을 표현한 향수
23681,https://www.bysuco.com/product/show/23681,까실리 오 드 퍼퓸,퍼퓸 드 말리,450000.0,https://cf.bysuco.net/bb628c55221b579179a7ca55230b5b8b.jpg?w=600,"레드 커런트, 플로랄 노트, 불가리안 로즈","푸루메리아, 플럼, 페탈리아, 미모사","바닐라, 통카 빈, 샌달우드","플로랄, 프루티, 스위트",경쾌하고 럭셔리한 사교계에 영감 받은 향
20827,https://www.bysuco.com/product/show/20827,튜버로즈 안젤리카 코롱 인텐스,조 말론,225000.0,https://cf.bysuco.net/a9cc9583672f2f2edcab9a0eac3aab21.jpg?w=600,안젤리카,튜베로즈,"앰버, 우디 노트","튜베로즈, 화이트 플로랄, 앰버",화려하면서도 호화로운 향
2389468,https://www.bysuco.com/product/show/2389468,포 힘 블루 느와 오 드 퍼퓸,나르시소 로드리게즈,121000.0,https://cf.bysuco.net/43b6a1c94a78a404667978cd1106c9cf.jpg?w=600,"머스크, 베티버, 시더, 에보니, 앰버",,,"우디, 머스크, 파우더리",우아하고 세련되면서도 매혹적인 향으로 남성적 관능미를 느낄 수 있는 향수
22415,https://www.bysuco.com/product/show/22415,카넬 플라워 오 드 퍼퓸,프레데릭 말,310000.0,https://cf.bysuco.net/c60f6d0e800236d849dbef56e29e8c04.jpg?w=600,"튜베로즈, 유칼립투스, 자스민, 코코넛, 오렌지 블라썸, 일랑일랑, 화이트 머스크, 멜론, 베르가못",,,"화이트 플로랄, 튜베로즈, 우디",튜베로즈가 선보이는 육감적이고 치명적인 관능미
3407414,https://www.bysuco.com/product/show/3407414,더 원 포 맨 오 드 퍼퓸,돌체앤가바나,140000.0,https://cf.bysuco.net/e8d2950d66fc528233c91d5920fc86c3.jpg?w=600,"레몬, 그린애플","자스민, 메리골드","머스크, 앰버","앰버, 프레쉬 스파이시, 시트러스",레몬맛 솜사탕처럼 보다 부드럽고 달달한 향기
3406682,https://www.bysuco.com/product/show/3406682,프라가리아 오 드 퍼퓸,크리드,490000.0,https://cf.bysuco.net/11060b7a44435f7c955d72c4cba780e8.jpg?w=600,"만다리, 베르가못, 핑크 페퍼","스트로베리, 바이올렛","베티버, 샌달우드","프루티, 시트러스, 스위트",여성용 플로럴 프루티(꽃과 과일 향) 향수입니다.
21970,https://www.bysuco.com/product/show/21970,샹스 오 드 퍼퓸,샤넬,139000.0,https://cf.bysuco.net/32f9fc8c54d135e61c497dcad82aab8a.jpg?w=600,핑크 페퍼,"자스민, 아이리스","패출리, 머스크, 바닐라","머스크, 패출리, 파우더리","예측할 수 없이, 반짝이는 로맨틱한 향"
21894,https://www.bysuco.com/product/show/21894,히어로 포 맨 오 드 뚜왈렛,버버리,118000.0,https://cf.bysuco.net/428f2661b595d69bc280897dc2a0fb1d.jpg?w=600,베르가못,"주니퍼, 블랙페퍼","아틀라스 시더, 히말라얀 시더, 버지니아 시더","우디, 프레쉬 스파이시",시더우드와 시트러스가 조화롭게 어우러져 화사하면서 매력적인 이미지 연출
3405615,https://www.bysuco.com/product/show/3405615,블랙 라커 오 드 퍼퓸,톰 포드,360000.0,https://cf.bysuco.net/d684813dff37c93ae29bfa5b9a5d5d49.jpg?w=600,"잉크, 블랙 페퍼, 럼, 비닐","에보니 우드 애브리콧, 피오니, 엘레미",올리바넘,"우디, 아로마틱, 프레쉬 스파이시",목재에 옻칠을 통해 광택감을 더하던 고대의 공예법으로부터 영감을 얻은 향
3406962,https://www.bysuco.com/product/show/3406962,프리베 사이프러스 판텔레리아 오 드 뚜왈렛,조르지오 아르마니,230000.0,https://cf.bysuco.net/3a31dd96603a18fc2a58721de3a15b84.jpg?w=600,"시트론, 베르가못, 네롤리, 만다린 오렌지","사이프러스, 워터 노트, 세이지","오크모스, 베티버, 앰버우드, 파촐리","우디, 아로마틱, 시트러스",시트론과 베르가못의 노트로 프레시하게 시작되는 향기는 짙은 사이프러스 나무들이 쏟아낸 마린 노트의 바람에 흔들려 청량하면서도 젠틀한 향으로 드라이 다운되는 매력적인 향입니다.
694068,https://www.bysuco.com/product/show/694068,크리스탈 오 드 퍼퓸,나르시소 로드리게즈,141000.0,https://cf.bysuco.net/02973c4576424559fa0ae1875bab3b1e.jpg?w=600,"프리지아, 오렌지 블라썸, 베르가못","머스크, 로즈, 화이트 플라워, 자스민","시더, 앰버, 벤조인, 캐시메란","화이트 플로럴, 머스크, 플로럴",투명하게 빛나며 내면의 아름다움을 드러내는 크리스탈처럼 한 여성의 진솔한 모습 그 자체를 드러내고 자연스럽게 빛나는 여성스러움을 자아냅니다.
225414,https://www.bysuco.com/product/show/225414,러브 돈 비 샤 오 프레쉬 오 드 퍼퓸,킬리안,425000.0,https://cf.bysuco.net/c3eb0626c048907797bcbb4e247b2254.jpg?w=600,"네롤리, 페티그레인","자스민, 피오니, 프리지아","마쉬멜로우, 화이트 머스크","플로랄, 화이트 플로랄, 스위트",슈가 어코드의 달콤함으로 부드럽게 퍼지는 관능미
225412,https://www.bysuco.com/product/show/225412,러브 익스트림 오 드 퍼퓸,킬리안,487000.0,https://cf.bysuco.net/fdc6f2f7a36d4cebf2beb7a80a401e89.jpg?w=600,"네롤리, 베르가못","오렌지 블라섬, 불가리안 로즈","마쉬멜로우, 바닐라, 머스크, 포메그란트","스위트, 화이트 플로랄, 시트러스",유쾌한 마시멜로우 어코드가 선사하는 숭고한 꽃향기
140897,https://www.bysuco.com/product/show/140897,노마드 오 드 뚜왈렛,끌로에,150000.0,https://cf.bysuco.net/c8664a4468aecf4c0ad691438560cd1e.jpg?w=600,"미라벨, 베르가못, 레몬, 오렌지","프리지아, 피치, 자스민, 로즈","오크모스, 파출리, 앰버우드, 화이트 머스크, 샌달우드","우디, 시트러스, 프루티",시대를 초월한 우아함이 물씬 풍기는 자유분방하고 현대적인 여성을 구현하는 향입니다.
225726,https://www.bysuco.com/product/show/225726,아이 돈 노우 왓 오 드 퍼퓸,디에스 앤 더가,240000.0,https://cf.bysuco.net/a699988d5e93a37167f841acd98afa91.jpg?w=600,베르가못 에센스,"이소 이 슈퍼, 베티버","샌달우드, 앰브록스 슈퍼","우디, 앰버, 머스크","프랑스 사람들이 ""I DON'T KNOW WHAT"" 이라고 말하는 것처럼, 어떤 향수도 확실한 향수를 주는 투명한 광채를 가진 향기 인헨"
224903,https://www.bysuco.com/product/show/224903,넘버5 오 드 퍼퓸 리필,샤넬,206000.0,https://cf.bysuco.net/8bb6ece573d352ee099d29839c47c844.jpg?w=600,"알데하이드, 일랑일랑, 베르가못","로즈, 자스민, 아이리스","샌달우드, 바닐라","바닐라, 알데하이드, 파우더리",플로랄 향기와 알데하이드를 혼합한 향기에서 영감을 받아 탄생한 향수
141236,https://www.bysuco.com/product/show/141236,블룸 암브로시아 디 피오리 오 드 퍼퓸,구찌,157000.0,https://cf.bysuco.net/2ae39d57553ebbf885105882b95bda43.jpg?w=600,"자스민, 인동덩굴",튜베로즈,"다마스크 로즈, 오리스",화이트 플로랄,고귀하고 희귀한 꽃의 노트들이 한 번에 만개하는 듯한 느낌을 선사하는 향
23765,https://www.bysuco.com/product/show/23765,엘리자베스 로즈 오 드 퍼퓸,펜할리곤스,154000.0,https://cf.bysuco.net/e94072c607f2a4856db44744fa577726.jpg?w=600,"헤이즐넛, 탠저린, 아몬드, 시나몬","5월의 장미, 로즈오일, 로즈, 블랙 커런트, 제라늄, 플럼, 레드릴리","머스크, 우디 노트, 바이올렛, 이리스 뿌리, 베티버","로즈, 우디, 프루티",고전적 향수의 현대적 터치
3406334,https://www.bysuco.com/product/show/3406334,그리 샤르넬 오 드 퍼퓸,비디케이,339000.0,https://cf.bysuco.net/51dc9c3198d8e73913da542e5cbde152.jpg?w=600,"카다멈, 블랙 티, 피그","아이리스, 부르봉 베티버","샌달우드, 통카 빈","우디, 웜 스파이시, 아로마틱",파리지앵의 도시적 감수성을 담은 향
97164,https://www.bysuco.com/product/show/97164,세르주 느와르 오 드 퍼퓸,세르주 루텐,505000.0,https://cf.bysuco.net/e663e31bdf0504e61422856d4b16b326.jpg?w=600,"클로브, 인센스, 스파이시, 에보니 우드, 우디 노트, 시나몬, 앰버, 패츌리",,,"웜 스파이시, 우디, 앰버",스모키하고 영묘하며 신비로운 향수
9359,https://www.bysuco.com/product/show/9359,옴므 아 라 로즈 오 드 퍼퓸,메종 프란시스 커정,376000.0,https://cf.bysuco.net/7f9da0ae81b1f9a9f9a6477f42859488.jpg?w=600,"5월의 장미, 다마스크 로즈, 자몽, 앰버우드, 세이지, 스페니쉬 랍다넘",,,"로즈, 앰버, 시트러스",남성을 위한 장미에 대한 자유로운 해석
21985,https://www.bysuco.com/product/show/21985,알뤼르 옴므 스포츠 오 드 코롱,샤넬,134000.0,https://cf.bysuco.net/0e073d95c4b693d43da9e45ffb602e61.jpg?w=600,"레몬, 베르가못, 오렌지, 그레이프 프룻, 만다린 오렌지, 알데하이드, 네롤리","퍼 레진, 스파이시, 엘레미 레진","화이트 머스크, 페퍼, 아틀라스 시더, 베티버, 통카빈","시트러스, 프레쉬 스파이시, 아로마틱","태양빛을 닮은 강렬함, 심플함을 추구하는 남성의 향"
21311,https://www.bysuco.com/product/show/21311,베티베리오 오 드 뚜왈렛,딥티크,275000.0,https://cf.bysuco.net/c3ba6d17a399b0c1dcdc12d2a141374d.jpg?w=600,"자몽, 만다린","제라늄, 일랑일랑",베티버,"베티버, 우디, 시트러스, 프레시","신선한 시트러스와 그린함이 맑게 열리며, 베티버의 드라이한 흙 내음이 또렷하게 이어져 산뜻하면서도 단단한 여운을 남기는 정제된 베티버 우디 향"
3405521,https://www.bysuco.com/product/show/3405521,쏠레이 블랑 오 드 퍼퓸,톰 포드,105000.0,https://cf.bysuco.net/79e81732adcbb93298aa06b7de0b11f7.jpg?w=600,"피스타치오, 베르가못, 카다멈, 핑크 페퍼","튜베로즈, 일랑일랑, 자스민","코코넛, 앰버, 통카 빈, 벤조인","화이트 플로랄, 코코넛, 스위트",은은한 코코넛향이 선사하는 맑은 휴양지의 향
23274,https://www.bysuco.com/product/show/23274,오 드 메모 오 드 퍼퓸,메모,390000.0,https://cf.bysuco.net/504b67735fa5f4b22c53c76bf56353c3_cvt.webp?w=600,"그린티, 베르가못, 레몬","자스민, 아이리스, 샤프론","레더, 모스, 화이트 머스크","시트러스, 레더, 그린",파리의 하늘을 바라보며
3406653,https://www.bysuco.com/product/show/3406653,에르바 골드 오 드 퍼퓸,제르조프,319000.0,https://cf.bysuco.net/ed2a64f707b88ed3c2b07af2152a751b.jpg?w=600,"브라질 오렌지, 칼라브리안 베르가못, 시칠리안 레몬, 진저","멜론, 피어, 그린 애플, 시나몬, 클로브, 과테말라 카다몸","화이트 머스크, 마다가스카르 바닐라, 앰버, 우디 노트","시트러스, 프루티, 프레쉬","남녀 모두를 위한 고급스럽고 빛나는 향수로 신선함, 스파이시함, 크리미한 깊이의 균형을 중시하는 이들에게 완벽한 매혹적이고 다재다능한 향수"
225701,https://www.bysuco.com/product/show/225701,쏠레이 드 푸 오 드 퍼퓸,톰 포드,253000.0,https://cf.bysuco.net/049e4bba7a165282ee72248eb57de595.jpg?w=600,"샌달 우드, 앰버, 벤조인, 튜베로즈",,,"앰버, 우디, 웜 스파이",석양 빛을 떠올리게 하는 앰버 우디 계열로 쏠레이의 가장 관능적인 향
3405604,https://www.bysuco.com/product/show/3405604,토바코 바닐 오 드 퍼퓸,톰 포드,99000.0,https://cf.bysuco.net/4b7cf5369220e559f8c0554d0a696ebb.jpg?w=600,"타바코 리프, 스파이시 노트","바닐라, 카카오, 통카 빈, 타바코 블라썸","건조과일, 우디 노트","바닐라, 스위트, 타바코",꼬냑으로 가득한 영국 신사들의 클럽에서 영감을 받아 클래식한 향을 재창조했다.
113327,https://www.bysuco.com/product/show/113327,체리 블라썸 오 드 뚜왈렛,록시땅,80000.0,https://cf.bysuco.net/e9db57042fd3c9048c76580fbb5370aa.jpg?w=600,"체리, 카시스, 프리지아","체리 블라썸, 릴리 오브 더 밸리","로즈우드, 머스크, 앰버","프루티, 플로랄, 체리",페미닌한 플로랄 향기와 함께 달콤한 체리향이 어우러진 향.
2133527,https://www.bysuco.com/product/show/2133527,어벤투스 오 드 퍼퓸,크리드,330000.0,https://cf.bysuco.net/e56a05bd7cb77b75d5255440b35bbd91.jpg?w=600,"베르가못, 블랙 커런트, 애플, 레몬, 핑크 페퍼","파인애플, 패출리, 모로칸 자스민","자작나무, 머스크, 오크 모스, 암브록산, 시더우드","프루티, 스위트, 레더","용기와 힘, 비전, 그리고 성공을 기원하는 고급진 향"
225717,https://www.bysuco.com/product/show/225717,푸제르 다르장트 오 드 퍼퓸,톰 포드,422000.0,https://cf.bysuco.net/640b318592fee4eec23bd898e70eed58.jpg?w=600,"라벤더, 만다린 오렌지 블라썸, 진저","라다넘, 아키갈라 우드",쿠마린,"우디, 스파이시",푸제르 향 계열로 겨울에 뿌리기 좋은 향
9928,https://www.bysuco.com/product/show/9928,블룸 오 드 뚜왈렛,구찌,127000.0,https://cf.bysuco.net/acae8dadd7c3d442af8c7782acbde7be_cvt.webp?w=600,자스민,튜베로즈,라군 크리퍼,"화이트 플로랄, 튜베로즈","자스민, 튜베로즈, 라군 크리퍼의 조합이 달콤한 네롤리 어코드와 어우러지면서 신선하게 다가온다"
9372,https://www.bysuco.com/product/show/9372,아쿠아 플로렌티나 오 드 퍼퓸,크리드,330000.0,https://cf.bysuco.net/264c8c668e0e4750415cb7eb4cd6aaa4.jpg?w=600,"애플, 플럼","베르가못, 시칠리안 베르가못, 레몬, 배, 로즈","화이트 그레이프 프룻, 버지니아 시더, 샌달우드","시트러스, 프루티, 우디",어느 여름날의 정원을 연상시키는 프루티하고 풍부한 향
3407249,https://www.bysuco.com/product/show/3407249,오렌지 상귄 코롱 압솔뤼 오 드 퍼퓸,아틀리에 코롱,148000.0,https://cf.bysuco.net/d6b4615a6b823b9974737b0c784fde3f.jpg?w=600,"블러드 오렌지, 비터 오렌지, 블러드 만다린","아프리칸 제라늄, 이집트 자스민, 마다가스카르 페퍼","샌달우드, 앰버, 통카빈, 텍사스 시더우드","시트러스, 프레쉬 스파이시, 아로마틱",블러드 오렌지는 풍성하고 과즙이 풍부한 향을 발산합니다.
3404886,https://www.bysuco.com/product/show/3404886,아이리스 오 드 퍼퓸 (메디치 가든 컬렉션),산타 마리아 노벨라,245000.0,https://cf.bysuco.net/6ea8f004c47cde2446ee13a6773087d3.jpg?w=600,"네롤리, 사천 페퍼","매그놀리아, 자스민, 제라늄","아이리스, 머스크, 앰버그리스","아이리스, 파우더리, 플로랄",싱그러움을 간직한 우아한 속삭임
225704,https://www.bysuco.com/product/show/225704,아주르 라임 오 드 퍼퓸,톰 포드,414000.0,https://cf.bysuco.net/c784eeb0cda16ddd424e71d85a7f9766.jpg?w=600,"시트러스, 우디 노트, 머스크, 샌달",,,"시트러스, 우디, 프레쉬",세련됨과 함께 진화하는 캐주얼 엘레강스 시트러스 시프레 향
140893,https://www.bysuco.com/product/show/140893,노마드 오 드 퍼퓸,끌로에,123000.0,https://cf.bysuco.net/cf22b37b0c682d19f46b1844a50904d7.jpg?w=600,"미라벨, 베르가못, 레몬, 오렌지","프리지아, 피치, 자스민, 로즈","오크모스, 파출리, 앰버우드, 화이트 머스크, 샌달우드","우디, 시트러스, 프루",발랄한 플로럴 분위기가 선보이는 상쾌하고 부드러운 향
20849,https://www.bysuco.com/product/show/20849,라다넘 18 오 드 퍼퓸,르 라보,310000.0,https://cf.bysuco.net/e4ab96ad3a5eb02a0ad27442f3c85e82.jpg?w=600,"프레쉬 랍다넘, 바닐라, 시벳, 머스크, 레진, 캐스트리움, 통카 빈, 구잔 발삼, 페출리, 자작나무, 시나몬",,,"앰버, 머스크, 우디",폭발적인 잠재력을 가진 한 번 빠지면 헤어나올 수 없는 매력을 선사하는 향
3407589,https://www.bysuco.com/product/show/3407589,오 드 쏠레이 블랑 오 드 뚜왈렛,톰 포드,73000.0,https://cf.bysuco.net/8d4de341188f94732810fdd42b369ffd.jpg?w=600,"비터 오렌지, 네롤리, 베르가못, 시트론, 피스타치오, 페티그레인, 카다멈, 핑크 페퍼, 카라웨이","튜베로즈, 튜니지안 오렌지 블라썸, 일랑일랑","코코넛, 바닐라, 통카 빈, 앰버","시트러스, 화이트 플로랄, 코코넛",시트러스 플로럴 계열의 상쾌하고 중독적인 향수
32613,https://www.bysuco.com/product/show/32613,베르가못 오 드 퍼퓸,멜린앤게츠,151000.0,https://cf.bysuco.net/27eb0c3babb4aa281ff336ab33ab7cec.jpg?w=600,"베르가못, 라임, 레몬, 자몽, 그린 페퍼, 만다린 오렌지","진저, 블랙 페퍼, 릴리오브더밸리, 페퍼민트, 카다멈","머스크, 시더, 우디 노트, 앰버","시트러스, 프레쉬 스파이시, 아로마틱",시트러스 노트의 풍부한 복합성을 표현한 선명한 향
10286,https://www.bysuco.com/product/show/10286,플레르 도란줴 27 오 드 퍼퓸,르 라보,310000.0,https://cf.bysuco.net/9acf8656c2bd5260e0ed10e26f296196.jpg?w=600,,,,"시트러스, 화이트 플로랄, 아로마틱",따뜻하고 화창한 느낌의 오렌지 블로썸과 머스크가 어우러진 향
141239,https://www.bysuco.com/product/show/141239,뱀부 오 드 퍼퓸,구찌,128000.0,https://cf.bysuco.net/23efe8f4fa8a5176dba6703acfd11bdc.jpg?w=600,베르가못,"카사블랑카 릴리, 일랑 일랑, 오렌지 블로썸","산달우드, 타히티안 바닐라, 앰버","화이트 플로랄, 시트러스",샌들우드와 그레이 앰버는 여성스러움을 더해 주고 우디한 향과 적절한 조화를 이루는 향
9795,https://www.bysuco.com/product/show/9795,아프리칸 레더 오 드 퍼퓸,메모,390000.0,https://cf.bysuco.net/1b0a81f6fbaae03bfef1ab55c291bb5d.jpg?w=600,"카다멈, 레더, 샤프론, 커민, 베티버, 페출리, 제라늄, 아가우드, 베르가못, 머스크",,,"웜 스파이시, 아로마틱, 프레쉬 스파이시",아프리카의 웅장한 자연을 느낄 수 있는 향
21939,https://www.bysuco.com/product/show/21939,우드 이모텔 오 드 퍼퓸,바이레도,280000.0,https://cf.bysuco.net/794dbcf721e138ca079abac4d1722482.jpg?w=600,"레몬첼로, 인센스, 카다멈","아가우드(오우드), 패츌리, 파피루스, 브라질리언 로즈우드","오크모스, 타바코","우디, 오우드",달콤한 향이 지속되는 오우드 향의 향연
694145,https://www.bysuco.com/product/show/694145,르 옴므 오 드 뚜왈렛,입생로랑,118000.0,https://cf.bysuco.net/134a89095c2bc26a7989a6d9e8998384.jpg?w=600,"진저, 베르가못, 레몬","향료, 바이올렛 잎, 화이트 페퍼, 바질","통카 빈, 시더, 타히티 베티버","웜 스파이시, 시트러스, 아로마틱",신선한 우디 향의 매혹적이고 관능적인 우아함
225120,https://www.bysuco.com/product/show/225120,디올 어딕트 오 드 퍼퓸,디올,125000.0,https://cf.bysuco.net/bc352bde81cb44f64b437c83f6124f3e.jpg?w=600,"만다린 오렌지, 실크우드 블라썸, 오렌지 블라썸","나이트 블루밍 세레우스, 불가리안 로즈","바닐라, 통카 빈, 샌달우드","화이트 플로랄, 바닐라, 시트러스",만다린 잎과 오렌지 블라썸이 어우러진 산뜻한 향
97101,https://www.bysuco.com/product/show/97101,오 드 시트롱 느와르 오 드 코롱,에르메스,193000.0,https://cf.bysuco.net/438fd58063a0b3d51f8b15fdec184e3f.jpg?w=600,"레몬, 라임, 스모크, 시트론, 블랙 티, 괴이액 나",,,"시트러스, 스모키, 우디",많은 사랑을 받는 감귤류 과일인 레몬의 역설을 드러내는 스모키하면서도 신선함을 표현한 향
9802,https://www.bysuco.com/product/show/9802,셔우드 오 드 퍼퓸,메모,390000.0,https://cf.bysuco.net/8d17f410c39303908a6fd9b1ee1896d1_cvt.webp?w=600,"캐럿 씨드, 블랙 커런트, 핑크 페퍼","오렌지 블라썸, 스파이시, 다마스크 로즈","샌달우드, 캐시미란, 오크","우디, 파우더리, 머스크",세련되면서 신비한 우드 향
97083,https://www.bysuco.com/product/show/97083,떼르 데르메스 오 엥땅스 베티베르 오 드 퍼퓸,에르메스,150000.0,https://cf.bysuco.net/829192c1615114c90b97fb3feaa3cd8b.jpg?w=600,"베르가못, 자몽, 레몬","쓰촨 페퍼, 제라늄","베티버, 올리바넘, 패출리, 앰버우드","시트러스, 아로마틱, 프레쉬 스파이시","새로운 빛의 파동, 또 하나의 대지를 상징하는 향"
141087,https://www.bysuco.com/product/show/141087,이지아 오 드 퍼퓸,시슬리 코스메틱,205000.0,https://cf.bysuco.net/50fb2a7fc21449819084c74dec256dae.jpg?w=600,"화이트 베르가못, 핑크페퍼, 알데히드","로즈 도르나노, 플로랄 부케 (자스민, 피오니, 릴리), 안젤리카","삼나무, 앰버, 머스크","로즈, 플로랄, 시트러","독보적이고 관능적인 독특한 장미 부케 향으로, 현대적이면서 매혹적인 여성스러운 느낌입니다."
33574,https://www.bysuco.com/product/show/33574,오렌지 블로썸 오 드 코롱,조 말론,239000.0,https://cf.bysuco.net/30caf5203f0b15d677a13e49b654a502.jpg?w=600,텐저린 블라썸,"오렌지 블라썸, 라일락, 워터릴리","아이리스, 베티버","화이트 플로랄, 시트러스, 플로랄",은은하게 실려오는 오렌지 꽃내음
23853,https://www.bysuco.com/product/show/23853,매그놀리아 오 드 퍼퓸 (메디치 가든 컬렉션),산타 마리아 노벨라,365000.0,https://cf.bysuco.net/f62512f9c6775affb775d465aa76220d.jpg?w=600,"가데니아, 티아라 플라워, 오렌지 블라썸","그린티, 우디 노트, 캐시미어 우드","화이트 머스크, 우디 노트, 앰버","플로랄, 로즈, 화이트 플로랄",정원에 핀 매그놀리아의 향
224888,https://www.bysuco.com/product/show/224888,나이트 베일스 렌 드 뉘 익스트레잇 드 퍼퓸,바이레도,465500.0,https://cf.bysuco.net/7f45342efd3b868eb194bab826adfa31.jpg?w=600,"블랙 커런트, 샤프란","인센스, 로즈","암브레트 시드, 파출리","웜 스파이시, 로즈, 프루티",스파이시하고 머스키한 장미향으로 우아하며 장엄한 향기를 선사하는 향기
24389,https://www.bysuco.com/product/show/24389,로 슬 오 드 퍼퓸,세르주 루텐,230000.0,https://cf.bysuco.net/611bbfbffa97a6ef3bdd254d392d9349.jpg?w=600,"머스크, 알데하이드, 클라리 세이지, 시트러스, 매그놀리아, 민트",,,"아로마틱, 머스크, 시트러스",깨끗한 물에서 투영되는 새로운 럭셔리
22548,https://www.bysuco.com/product/show/22548,알케미스트 가든 어 플로럴 벌스 오 드 퍼퓸,구찌,512000.0,https://cf.bysuco.net/66525341780009814ae5c7e4ccb84141.jpg?w=600,자스민 삼박,블랙 티,화이크 머스크,"화이트 플로랄, 그린",자스민과 블랙티가 조화롭게 어우러지는 향
9268,https://www.bysuco.com/product/show/9268,만도를로 디 시칠리아 오 드 뚜왈렛,아쿠아 디 파르마,205000.0,https://cf.bysuco.net/a50599374d4af59f2fab0e256fe5ebc6.jpg?w=600,"그린 아몬드, 스타아니스, 오렌지, 베르가못","화이트 피치, 일랑일랑, 자스민","부르동 바닐라, 톨루 발삼, 화이트 머스크, 시더","바닐라, 아몬드, 스위트",시트러스와 구어망드 계열의 조화로 달지만 가벼운 따뜻함을 연출
1831993,https://www.bysuco.com/product/show/1831993,아미리스 옴므 오 드 뚜왈렛,메종 프란시스 커정,220000.0,https://cf.bysuco.net/687c1ac8665a3ef9b048c1f659448cf8.jpg?w=600,"시칠리안 만다린, 로즈마리","아미리스, 아이리스, 밀크 초콜렛, 코코넛, 커피","통카 빈, 아가우드","아로마틱, 우디, 시트러스",신선한 날에 소나무 밑에 서 있는 것 같은 느낌이 드는 향
31026,https://www.bysuco.com/product/show/31026,마이 웨이 오 드 퍼퓸,조르지오 아르마니,140000.0,https://cf.bysuco.net/01ccbb24a4e733abf214e88831e0a2f9.jpg?w=600,"오렌지 블라썸, 베르가못","튜베로즈, 인디안 자스민","마다가스카르 바닐라, 화이트 머스크, 버지니아 시더","화이트 플로랄, 튜베로즈, 시트러스","언제나 열린 마음과 강한 탐구심으로 새로운 세상을 만날 준비가 되어 있는, 진실된 여성을 위한 향수"
20825,https://www.bysuco.com/product/show/20825,스칼렛 포피 코롱 인텐스,조 말론,225000.0,https://cf.bysuco.net/f7d7513f3b26bdafc32c3630eadf5c99.jpg?w=600,암브레트,"오리스, 무화과, 포피","통카 빈, 헬리오트로프, 보리","파우더리, 바닐라, 플로랄",매혹적이고 계속 끌리는 향
693905,https://www.bysuco.com/product/show/693905,러브 인 화이트 썸머 오 드 퍼퓸,크리드,490000.0,https://cf.bysuco.net/663a59483251d252bc7d5faded953278.jpg?w=600,"칼라브리안 베르가못, 매그놀리아, 불가리안 로즈","라이스, 투스칸 아이리스, 버지니안 시더","애플, 앰버그리스, 샌달우드, 자스민","플로랄, 시트러스",로맨틱함과 달콤함을 가미한 에너지 넘치는 여성스러운 향
225721,https://www.bysuco.com/product/show/225721,자스민 루즈 오 드 퍼퓸,톰 포드,422000.0,https://cf.bysuco.net/6275eb09b70a157504be5bd2d4a6cf2a.jpg?w=600,"진저, 시나몬, 베르가못, 카다넘, 페퍼, 만다린 오렌지","자스민, 일랑일랑, 네롤리, 클레어리 세이지, 블","앰버, 바닐라, 우디노트, 레더, 프렌치 라다넘","화이트 플로랄, 옐로우 플로랄, 시트러스",대담하고 스파이시한 플로럴을 첨가하였으며 붉은 입술처럼 섹시하고 페미닌한 향
34239,https://www.bysuco.com/product/show/34239,더 나이트 오 드 퍼퓸,프레데릭 말,1220000.0,https://cf.bysuco.net/367126db7131e6d3232037e4e924e0dc.jpg?w=600,"터키쉬 로즈, 샤프란",인디안 오우드,"앰버, 인센스, 샌달우드","로즈, 앰버, 오우드",방대한 양의 천연 오우드가 표현하는 중동의 밤의 환희
9658,https://www.bysuco.com/product/show/9658,디올 옴므 오 드 뚜왈렛,디올,183000.0,https://cf.bysuco.net/b3591d1a28cbd032085bbca4df7bf628.jpg?w=600,"베르가못, 핑크페퍼, 마닐라 엘레미","시더우드 아틀라스, 캐시미어 우드, 파출리","아이소이 슈퍼, 아이티언 베티버, 화이트 머스크","우디, 머스키, 아로마틱",가공되지 않은 우드와 다채로운 부드러움으로 관능적인 남성성을 새롭게 재해석한 향
10341,https://www.bysuco.com/product/show/10341,레드 로즈 오 드 코롱,조 말론,110000.0,https://cf.bysuco.net/1e490f7c4cdcaee5b3dd638f9d55ccf5_cvt.webp?w=600,"레몬, 민트","불가리안 로즈, 바이올렛 리프",비즈왁스,"로즈, 플로랄, 시트러스",세상에서 가장 아름다운 일곱가지 장미가 조합된 관능적인 향
23772,https://www.bysuco.com/product/show/23772,엠프레사 오 드 퍼퓸,펜할리곤스,390000.0,https://cf.bysuco.net/b51bfb48ce739972f28eb399930d1434.jpg?w=600,"블러드 오렌지, 피치, 베르가못, 만다린 오렌지, 핑크 페퍼","로즈, 듀베리, 카시스, 네롤리, 제라늄","페출리, 브라운 슈가, 머스크, 바닐라, 샌달우드, 올리바넘, 앰버, 카카오","시트러스, 프루티, 우디",영롱한 진줏빛의 소설 속 제국의 공주를 닮은 향
10603,https://www.bysuco.com/product/show/10603,델리나 라 로제 오 드 퍼퓸,퍼퓸 드 말리,275000.0,https://cf.bysuco.net/d24ab3570c8ff1962daca4dadadbb3ec.jpg?w=600,"리치, 페어, 베르가못","터키시 로즈, 피오니, 워터리 노트, 플로랄 노트","화이트 머스크, 우디 노트, 헤이티안 베티버","플로랄, 프레쉬, 로즈","리치와 서양 배, 터키시 로즈와 크리미한 우디 향의 조화가 돋보이는 향"
22691,https://www.bysuco.com/product/show/22691,아쿠아 알레고리아 플로라블룸 오 드 퍼퓸,겔랑,240000.0,https://cf.bysuco.net/64cfef46d2f6e0fa7655d9e4ed17bd0d.jpg?w=600,"망고, 베르가못, 라임","튜베로즈, 로즈, 아이리스, 바이올렛","코코넛, 머스크, 샌달우드","튜베로즈, 트로피칼, 화이트 플로랄",플로라블룸은 폭우가 내린 후 사막에 활짝 피어난 수많은 꽃들의 모습에서 영감을 받아 무지갯빛 부케의 다채로운 매력을 유쾌하게 펼쳐내는 플로럴 향수
20839,https://www.bysuco.com/product/show/20839,오렌지 블로썸 오 드 코롱,조 말론,110000.0,https://cf.bysuco.net/328d85c1fd0bb3d8b10dfd0735b61e49.jpg?w=600,텐저린 블라썸,"오렌지 블라썸, 라일락, 워터 릴리","아이리스, 페디버","시트러스, 화이트 플로랄, 플로랄",부드럽게 빛나는 정원 속 오아시스
22426,https://www.bysuco.com/product/show/22426,언컷 젬 오 드 퍼퓸,프레데릭 말,105000.0,https://cf.bysuco.net/20412bc8b078eb56e92b9bb61f6c1dee.jpg?w=600,"진저, 베르가못, 앤젤리카, 만다린 오렌지, 넛맥","베티버, 올리바넘, 레더","머스크, 앰버","앰버, 시트러스, 머스크",대담하고도 수수께끼 같은 매력이 넘치는 향
9547,https://www.bysuco.com/product/show/9547,운 자르뎅 아 시테르 오 드 뚜왈렛,에르메스,112000.0,https://cf.bysuco.net/5687721ae05d5b2a008b79b4cd50f403.jpg?w=600,"시트러스, 피스타치오, 올리브 트리, 그린",,,"우디, 시트러스, 그린","감귤류와 우디 노트를 시작으로 금발처럼 흩날리는 풍성한 풀, 건장한 올리브 나무, 신선한 피스타치오가 어우러진 향"
23163,https://www.bysuco.com/product/show/23163,우드 실크 무드 엑스트레 드 퍼퓸,메종 프란시스 커정,580000.0,https://cf.bysuco.net/137b9f327f37f1021a5fca1f10375919.jpg?w=600,"불가리안 로즈, 아가우드, 카모마일, 파피루스",,,"로즈, 오우드, 플로랄",실크처럼 다듬어진 고농축의 오우드의 향
17273,https://www.bysuco.com/product/show/17273,립스틱 로즈 오 드 퍼퓸,프레데릭 말,350000.0,https://cf.bysuco.net/5ac478865c2608a3e2c61158accef176_cvt.webp?w=600,"바이올렛, 로즈, 화이트 머스크, 바닐라, 아이리스, 앰버, 라즈베리, 그레이프 프룻",,,"파우더리, 바이올렛, 로즈",캔디처럼 달콤한 파우더리 장미 립스틱 향
9975,https://www.bysuco.com/product/show/9975,미라세티 오 드 퍼퓸,이솝,225000.0,https://cf.bysuco.net/b46ef9e7b1c25a179005bc24814dc8f5.jpg?w=600,"블랙페퍼, 피멘토 리프","때죽나무, 암브레트, 랍다넘","미르, 씨위드, 시더","앰버, 우디, 아로마틱",젖은 나무의 향이 선사하는 묵직하고 강인한 분위기 연출
224908,https://www.bysuco.com/product/show/224908,넘버5 오 드 뚜왈렛,샤넬,166000.0,https://cf.bysuco.net/a9c9e4ca9514a56ff9faaab8d1ea4503.jpg?w=600,"알데하이드, 일랑일랑, 네롤리, 아말피 레몬, 베르가못","아이리스, 자스민, 로즈, 오리스 루트, 릴리오브더밸리","시벳, 샌달우드, 머스크, 오크모스, 베티버, 앰버, 바닐라, 패출리","우디, 파우더리, 알데하이드",우아하고 매혹적이면서 모던한 향수
225401,https://www.bysuco.com/product/show/225401,굿걸 곤 배드 오 프레쉬 오 드 퍼퓸 리필,킬리안,580000.0,https://cf.bysuco.net/f60538dce9e1581ca389f7b35f0dc54e.jpg?w=600,"오렌지 블라섬, 터키쉬 로즈","워터리 노트, 자스민",머스크,"화이트 플로랄, 아쿠아틱, 머스키",세가지 꽃의 향이 선사하는 궁극의 화려한 향
224912,https://www.bysuco.com/product/show/224912,넘버5 로 오 드 뚜왈렛,샤넬,206000.0,https://cf.bysuco.net/4f0588312af1374a3557e44b36a4b4de.jpg?w=600,"레몬, 알데하이드, 라임, 베르가못, 네롤리, 만다린 오렌지, 오렌지","자스민, 일랑일랑, 5월의 장미","화이트 머스크, 오리스, 시더, 바닐라","시트러스, 파우더리, 알데하이드","여성의 향기를 담은 여성미의 진수,두 번째로 선보이는 N°5의 현대적 재해석"
3406679,https://www.bysuco.com/product/show/3406679,자스민 에 시가렛 오 드 퍼퓸,에따 리브르 도량쥬,150000.0,https://cf.bysuco.net/4bdd873cf3e5569971c6823e308eb664.webp?w=600,"갈바넘, 세이지 오푸르","자스민 앱솔루트, 커큐마","통카 빈, 마테","화이트 플로랄, 타바코, 스위트","밤의 어두운 유혹에 신선함을 드러낼 때 느껴지는 여인의 피부 향입니다. 
  몽롱한 분위기를 자아냅니다."
3406316,https://www.bysuco.com/product/show/3406316,오 드 팜플무스 로즈 오 드 코롱,에르메스,193000.0,https://cf.bysuco.net/d083187bf38b752941f70b8bfc0535df.webp?w=600,"자몽, 로즈",,,"시트러스, 로즈, 프레쉬 스파이시",장미 꽃잎처럼 선명한 선홍 빛의 속살을 한입 베어 물자 상큼하게 터져 오르는-자몽 과즙 그 자체의 향기
96707,https://www.bysuco.com/product/show/96707,우라논 오 드 퍼퓸,이솝,225000.0,https://cf.bysuco.net/a0412a81a8284f78efbad8a7662cce88.jpg?w=600,"페티그레인, 엘레미, 라벤더 플라워","해이, 카모마일, 프랑킨센스","미르, 통카, 패츌리","엠버, 허브, 프레쉬 스파이시",아로마틱함과 어우러지는 따뜻한 유향과 미네랄 가득한 흙내음
21127,https://www.bysuco.com/product/show/21127,넥타린 블로썸 앤 허니 오 드 코롱,조 말론,239000.0,https://cf.bysuco.net/31ef1e3045fdaab911026de2127b9f58.jpg?w=600,"그린 노트, 블랙 커런트, 페티그레인","넥타린, 아카시아 나무","피치, 플럼, 베티버","프루티, 스위트, 그린",유쾌하고 활발한 느낌의 달콤한 향수
9377,https://www.bysuco.com/product/show/9377,타바코 토스카노 오 드 코롱,산타 마리아 노벨라,145000.0,https://cf.bysuco.net/c5dee765770b3d0eddd6cc629fb583ee.jpg?w=600,"타바코 리프, 베르가못","앰버, 때죽나무, 레더","바닐라, 샌달우드, 가이악 우드, 시더, 머스크","타바코, 바닐라, 스위트",신비롭고 부드러운 향
3405274,https://www.bysuco.com/product/show/3405274,모스코 뮬 오 드 퍼퓸,줄리엣 헤즈 어 건,195000.0,https://cf.bysuco.net/e8371a647a5b4dea1e36149503b4c6d7.jpg?w=600,"베르가못, 레몬, 라임","진저, 헤디온, 애플","화이트머스크, 우디노트, 암브로테, 앰버우드","시트러스, 머스크, 우디",진저와 라임 노트가 합쳐져 시원한 칵테일 잔을 떠오르게 합니다.
23362,https://www.bysuco.com/product/show/23362,포 허 머스크 누아르 로즈 오 드 퍼퓸,나르시소 로드리게즈,143000.0,https://cf.bysuco.net/8ea767191d10072d33ab1a469fe34a35.jpg?w=600,"플럼, 핑크 페퍼, 베르가못","머스크, 로즈, 튜베로즈",바닐라,"머스크, 프루티, 바닐라",활짝 피어나는 꽃잎의 향
224925,https://www.bysuco.com/product/show/224925,코코 오 드 퍼퓸,샤넬,139000.0,https://cf.bysuco.net/2772664d4363f4a96dc736829e2b0c52.jpg?w=600,"불가리안 로즈, 코리안더, 피치, 자스민, 만다린 오렌지","클로브, 로즈, 오렌지 블로썸, 미모사, 클로버","앰버, 샌달우드, 통카빈, 오포포낙스, 시벳, 바닐라, 랍다넘","앰버, 웜 스파이시, 스위트",예측하지 못한 오리엔탈 향
3408116,https://www.bysuco.com/product/show/3408116,베르가못 22 오 드 퍼퓸 (벌크제품),르 라보,250000.0,https://cf.bysuco.net/d7a761fe8138fe07b53af41ae37d7ede.jpg?w=600,"베르가못, 베티버, 자몽, 오렌지 블라썸, 페티그레인, 머스크, 시더, 바닐라, 앰버",,,"시트러스, 아로마틱, 우디",상큼한 자몽향으로 시작되어 후반부에 머스크가 올라오는 것이 매력적인 향
225710,https://www.bysuco.com/product/show/225710,상탈 블러쉬 오 드 퍼퓸,톰 포드,422000.0,https://cf.bysuco.net/2e248735ceeda07f1a30c1e0bd25c2d2.jpg?w=600,"스파이시, 시나몬, 캐롯 노트, 캐러웨이, 훼뉴그릭","일랑 일랑, 자스민, 로즈","샌달우드, 벤조인, 버지니아, 머스크, 아가우드","우디, 웜 스파이시, 파우더",이국적인 향신료를 선보이며 따뜻함을 느낄 수 있는 향
22416,https://www.bysuco.com/product/show/22416,카넬 플라워 오 드 퍼퓸,프레데릭 말,115000.0,https://cf.bysuco.net/ebb86e888701271b2247df065e357669.jpg?w=600,"튜베로즈, 유칼립투스, 자스민, 코코넛, 오렌지 블라썸, 일랑일랑, 화이트 머스크, 멜론, 베르가못",,,"화이트 플로랄, 튜베로즈, 우디",튜베로즈가 선보이는 육감적이고 치명적인 관능미
3406439,https://www.bysuco.com/product/show/3406439,두블르베.떼. 오 드 퍼퓸,도르세,209000.0,https://cf.bysuco.net/9896d5edf5e108df322e9ac97ca357c6.jpg?w=600,"민트, 알데하이드, 만다린 오렌지, 핑크 페퍼, 레몬","프랑킨센스, 제라늄, 자스민","프랑킨센스, 베티버, 모스","아로마틱, 프레쉬 스파이시, 그린","어느 일본 화학자와 스코틀랜드인의 서로 너무나도 다르지만 끌리는 운명적 사랑을 민트와 프랑킨센스의
조화로 표현한 향"
3407091,https://www.bysuco.com/product/show/3407091,머스크 버터 플라이 오 드 퍼퓸,킬리안,515000.0,https://cf.bysuco.net/ae754024381b58a5a405a7cb6c266359.jpg?w=600,"알데하이드, 다마스크 로즈, 터키쉬 로즈, 제라늄, 리치","바이올렛, 바이올렛 리프","앰브레트, 샌달우드, 우드","알데하이드, 프레쉬, 로즈","벨벳처럼 부드러운 장미 꽃잎과 가시처럼 날카로운 초록색 풀잎 어코드가 흔들리는 펜듈럼처럼 아름다움과 위험함,
 화려함과 투명함 사이를 넘나드는 향."
22422,https://www.bysuco.com/product/show/22422,헤븐 캔 웨이트 오 드 퍼퓸,프레데릭 말,350000.0,https://cf.bysuco.net/5addf8ea1bb07ca09d4d6abe68c2d56f.jpg?w=600,"클로브, 캐롯씨드, 암브레트, 피멘토씨드, 플럼","아이리스, 베티버, 매그놀리아, 캐쉬미란, 시더","머스크, 피치, 바닐라","파우더리, 머스키",따뜻하고 기분 좋은 뭉근한 스파이시노트가 선사하는 피부의 향
23149,https://www.bysuco.com/product/show/23149,옴므 아 라 로즈 오 드 퍼퓸,메종 프란시스 커정,229000.0,https://cf.bysuco.net/dc77720ef7c96b625d182370938d3bba.jpg?w=600,"5월의 장미, 다마스크 로즈, 자몽, 앰버우드, 세이지, 스페니쉬 랍다넘",,,"로즈, 앰버, 시트러스",남성을 위한 장미에 대한 자유로운 해석
21937,https://www.bysuco.com/product/show/21937,아이즈 클로즈드 오 드 퍼퓸,바이레도,280000.0,https://cf.bysuco.net/bb730fd9f55a8669bf457c82b3bae16f.jpg?w=600,"시나몬, 카다멈","오리스, 당근, 진저","파피루스, 패츌리","웜 스파이시, 파우더리",고대적이지만 복잡함 중 뜻밖의 세련미를 느낄 수 있는 스파이스 계열의 향
10289,https://www.bysuco.com/product/show/10289,베티버 46 오 드 퍼퓸,르 라보,458000.0,https://cf.bysuco.net/243db3cf4d596ade48a44d5383dab858.jpg?w=600,"올리바넘, 타히티안 베티버 페퍼, 가이악우드, 랍다넘, 시더, 클로브, 앰버, 베르가못, 바닐라",,,"우디, 앰버, 프레쉬 스파이시",르 라보에서 가장 남성적인 매력을 지닌 향수
22693,https://www.bysuco.com/product/show/22693,아쿠아 알레고리아 포르테 만다린 바질릭 오 드 퍼퓸,겔랑,210000.0,https://cf.bysuco.net/4e646f9b5ce6c18f3fdc8f7109d4936d.jpg?w=600,"만다린 오렌지, 바질, 카시스","오렌지 블라썸, 허니, 아니스, 불가리안 로즈","바닐라, 샌달우드","시트러스, 프레쉬 스파이시, 그린",태양의 입맞춤과 같은 생생한 시트러스 향.
10535,https://www.bysuco.com/product/show/10535,스트레이트 투 헤븐 오 드 퍼퓸 코프레,킬리안,595000.0,https://cf.bysuco.net/e756deb411e4ff8bc50bc1464e221a71_cvt.webp?w=600,"럼, 바닐라, 드라이 프룻, 페출리, 시더우드, 너트맥",,,"우디, 페출리, 럼",중독적이고 강렬한 매력을 선사한다
22769,https://www.bysuco.com/product/show/22769,레드 히비스커스 코롱 인텐스,조 말론,225000.0,https://cf.bysuco.net/dae3250b4225c00c00bec80b552b9538.jpg?w=600,"진저, 만다린 오렌지, 블랙 카다멈","자스민, 히비스커스, 일랑일랑, 블랙 오키드, 워터 릴리","바닐라, 앰버, 인센스","플로랄, 화이트 플로랄, 바닐라",태양을 머금은 이국적인 향
10371,https://www.bysuco.com/product/show/10371,미모사 앤 카다멈 오 드 코롱,조 말론,110000.0,https://cf.bysuco.net/564602793efed42bb55081a0bcda0774_cvt.webp?w=600,카다멈,미모사,통카 빈,"옐로우 플로랄, 웜 스파이시, 파우더리",골드빛 미모사의 달콤한 향이 이제 막 으깬 카다멈의 스파이시함 위로 안개처럼 피어 오르는 향
9895,https://www.bysuco.com/product/show/9895,오 드 쏠레이 블랑 오 드 뚜왈렛,톰 포드,245000.0,https://cf.bysuco.net/38ba50ca92ba3e00f8df1deec8b346b8_cvt.webp?w=600,"비터 오렌지, 네롤리, 베르가못, 시트론, 피스타치오, 페티그레인, 카다멈, 핑크 페퍼, 카라웨이","튜베로즈, 튜니지안 오렌지 블라썸, 일랑일랑","코코넛, 바닐라, 통카 빈, 앰버","시트러스, 화이트 플로랄, 코코넛",시트러스 플로럴 계열의 상쾌하고 중독적인 향수
2200761,https://www.bysuco.com/product/show/2200761,앱솔루트 아프로디지악 오 드 퍼퓸,이니시오 퍼퓸,553000.0,https://cf.bysuco.net/06d1a1d1597d0e1146c5d3b62e78a58c.jpg?w=600,"바닐라, 앰버, 카스토레움, 레더, 머스크, 화이트 플로랄",,,"바닐라, 레더, 앰버",앰버와 사향으로 더욱 강화된 바닐라 향
1907999,https://www.bysuco.com/product/show/1907999,아니 X 엑스트레 드 퍼퓸,니샤네,340000.0,https://cf.bysuco.net/8059588fd89902ea74af3cd52c8ddc9b.webp?w=600,"베르가못 오일, 레몬 오일, 물 같은 노트, 허니듀 멜론, 카다멈 오일, 블루 진저, 핑크 페퍼","라벤더 오일, 세이지, 그린애플, 블랙커런트, 로즈, 출리","시더우드, 캐시미어 우드, 바닐라, 앰버그리스 인퓨전, 화이트 머스크, 샌달우드","시트러스, 웜 스파이시, 우디",상큼하고 달콤한 매력적인 바닐라  향.
694102,https://www.bysuco.com/product/show/694102,루나 로사 오 드 뚜왈렛,프라다,195000.0,https://cf.bysuco.net/2a32f2b39563aece60b730e6c51a74be.jpg?w=600,"라벤더, 비터 오렌지","민트, 클라리세이지","암브레트, 암브록산","아로마틱, 라벤더, 그린","활력을 주는 남성용 향수로 신선한 라벤더, 생동감 넘치는 스피어민트, 강렬한 앰버 등 예상치 못한 성분을 결합한 푸제르 아로마 향"
113325,https://www.bysuco.com/product/show/113325,버베나 오 드 뚜왈렛,록시땅,80000.0,https://cf.bysuco.net/f1c2c16b43306fcdb08b7d4c133dfa3c.jpg?w=600,"레몬, 오렌지","레몬 버베나, 페티그레인","제라늄, 로즈","시트러스, 아로마틱, 허벌",버베나에 지중해산 시트러스 과일의 상큼한 향이 더해진  향.
23161,https://www.bysuco.com/product/show/23161,우드 엑스트레 드 퍼퓸,메종 프란시스 커정,632000.0,https://cf.bysuco.net/e9fe722cdf3f5f2112c2ce22ba4405cb.jpg?w=600,"샤프론, 엘레미 레진","바닐라, 암브레트, 아틀라스 시더","라오스 오우드, 인도네시아 페출리 리프","웜 스파이시, 오우드, 우디",신비로운 1000일 밤을 담은 고농축 오우드 향
3408595,https://www.bysuco.com/product/show/3408595,유 오어 썸원 라이크 유 오 드 퍼퓸,에따 리브르 도량쥬,95000.0,https://cf.bysuco.net/4a53873f6b04023eebeca03352bc4787.jpg?w=600,"베르가못, 블랙커런트, 그린 노트, 레몬, 토마토 잎","스민, 민트, 퍼티 트리","앰브록스, 시더, 머스크","그린, 아로마틱, 프레쉬 스파이시","생동감 넘치고 활력 넘치는 블렌딩 노트로 감각을 라로 잡는 향
    향기의 핵심은 싱그러운 그린 노트, 카시스, 장미, 그리고 헤디온으로 이루어져 세련되고 향기로운 깊이를 더합니다. 
    마지막으로, 화이트 머스크의 베이스 노트는 부드럽고 오래 지속되는 여운을 선사하며 잊을 수 없는 인상을 남깁니다."
225111,https://www.bysuco.com/product/show/225111,쟈도르 인피니심 오 드 퍼퓸,디올,131000.0,https://cf.bysuco.net/7cd78bc7c8e08ec63891cba7631d4470.jpg?w=600,"블러드 오렌지, 핑크 페퍼, 베르가못","튜베로즈, 일랑일랑, 자스민 삼박, 릴리오브더밸리, 로즈",샌달우드,"화이트 플로랄, 튜베로즈, 우디",풍성한 화이트 플로랄의 향기에 우디가 더해진 육감적인 향
225082,https://www.bysuco.com/product/show/225082,디오리시모 오 드 퍼퓸,디올,189000.0,https://cf.bysuco.net/9bbd571109543693f458e1763909f09f.jpg?w=600,은방울꽃,자스민,머스크,"화이트 플로랄, 프레쉬, 그린","오리지널 디오리시모 오 드 뚜왈렛을 새롭게 표현한 제품으로 더 풍부하고 깊고 강렬하며, 자스민 플로럴 하트 노트가 더욱 지배적입니다."
141175,https://www.bysuco.com/product/show/141175,리 메디테라니 오 드 퍼퓸,프레데릭 말,370000.0,https://cf.bysuco.net/9e011c80ddb160b09dcb7f212c26f7e6.jpg?w=600,"씨 노트, 진저","릴리, 로투스, 안젤리카, 오렌지 블라썸","머스크, 바닐라","화이트 플로랄, 머스키, 마린",뜨거운 한 여름밤 지중해 바다의 물보라와 뒤섞인 밝게 빛나는 진저릴리의 신선한 향
141078,https://www.bysuco.com/product/show/141078,로 레베 달마 오 드 뚜왈렛,시슬리 코스메틱,225000.0,https://cf.bysuco.net/326f889293b63e68ac432a6e98776cdd.jpg?w=600,"베르가못, 카다멈, 바질","아이리스, 자스민, 장미","베티베르, 파출리, 시더우드","아로마틱, 프레시 스파이시, 우",서리 내린 아이리스 꽃잎: 섬세한 워터 아이리스와 차갑게 서리가 내린 카다멈의 환상적인 조화
30322,https://www.bysuco.com/product/show/30322,우드 오 드 퍼퓸,아쿠아 디 파르마,425000.0,https://cf.bysuco.net/7cd4c6ee66e1acdeff258a5a1a317456.jpg?w=600,"오렌지, 칼라브리안 베르가못","아가우드(오우드), 아미리스, 코리앤더","레더, 샌달우드, 머스크, 시더, 패츌리","오우드, 시트러스",오우드와 시트러스의 도화로 세련된 남성미를 연출
3406124,https://www.bysuco.com/product/show/3406124,딥 다크 바닐라 오 드 퍼퓸,디에스 앤 더가,240000.0,https://cf.bysuco.net/0c8108d99b599ad35f04c57cf09eda8c.webp?w=600,": : 카브레우바, 난초, 핑크 페퍼","설: : 덩굴, 녹색 바닐라 잎, 사이프러스 뿌리",": 바닐라 앱솔루트, 다크 패출리, 건초","그린, 바닐라, 프레쉬 스파이","향수에서 가장 아름다운 재료 중 하나인 풍부하고 스모키한 바닐라 앱솔루트의 정수를 선보입니다.
   인공으로는 구현할 수 없는 이 귀한 바닐라 앱솔루트는 다른 향료들과 은밀하게 뒤섞입니다.
   피부에 닿으면 정글의 덩굴을 떠오르게 하는 포근한 미식의 향으로 기분 좋은 시간을 선사합니다."
3405260,https://www.bysuco.com/product/show/3405260,엑스 베티버 오 드 퍼퓸,줄리엣 헤즈 어 건,59000.0,https://cf.bysuco.net/8dbbd3881620c8c577f1fe5aebd52ee4.jpg?w=600,"레몬, 베르가못","아이티 베티버, 자바 베티버 오일, 베티버","암브록산, 머스크","시트러스, 아로마틱, 우디",시트러스의 상쾌하고 우아한 향에 이어서 풍부하고 스모키한 우디 향
225728,https://www.bysuco.com/product/show/225728,로즈 아틀란틱 오 드 퍼퓸,디에스 앤 더가,240000.0,https://cf.bysuco.net/0641bcf9a59bdb2b0792f9f359794252.jpg?w=600,"베르가못, 레몬 오일","린덴, 로즈, 듄 그라스","무스콘, 바닷물, 화이트 모스","마린, 로즈, 솔티","염분이 있는 장미가 장식된 유명한 칵테일 스프리처와 가수 시나트라의 노래가 생각나는 여름 바람, 저 멀리 보이는 모래 언덕과 하얀 등대, 로즈힙의 향기"
97112,https://www.bysuco.com/product/show/97112,엘릭서 드 메르베이 오 드 퍼퓸,에르메스,130000.0,https://cf.bysuco.net/0d5713ff53be579e24b3eaaf02b61126.webp?w=600,"샴 레진, 오렌지 껍질, 앰버, 페루 발삼, 카라멜, 시더, 페출리, 오크, 인센스, 샌달우드, 통가빈, 바닐라 슈",,,"앰버, 우디, 발사믹",엠버의 따듯하고 감각적인 향
10608,https://www.bysuco.com/product/show/10608,퍼시벌 오 드 퍼퓸,퍼퓸 드 말리,355000.0,https://cf.bysuco.net/cc69314a3e463bf73df7d37344952e77.jpg?w=600,"라벤더, 만다린 오렌지, 베르가못, 제라늄","헤디온, 바이올렛, 코리안더, 자스민, 시나몬","암브록산, 앰버우드, 머스크, 발삼, 클리어우드","앰버, 우디, 아로마틱",평범한 속에 비범함을 숨긴 극도로 세련된 향
3406677,https://www.bysuco.com/product/show/3406677,아이 앰 트래시 오 드 퍼퓸,에따 리브르 도량쥬,150000.0,https://cf.bysuco.net/c63b40c1b129b3bbc5a9a3706e19642f.webp?w=600,"애플 에센스, 비터 오렌지, 그린 탠저린","로즈 앱솔루트, 이소 E 슈퍼, 스트로베리","시더우드, 샌달로어, 아키갈라우드","우디, 프루티, 프레쉬","원치 않는 것으로 만든 가장 원하는 향수.
   따하고 건조하면서 상쾌하고 활기찬 향이 어울러져 미묘한 조합을 이룹니다"
20837,https://www.bysuco.com/product/show/20837,포피 앤 바알리 오 드 코롱,조 말론,110000.0,https://cf.bysuco.net/5dfc27b806a439a99e0cbc9ed359fc5d_cvt.webp?w=600,"무화과, 바이올렛, 블랙 커런트","위트, 파우더리 노트, 포피","보리, 화이트 머스크, 브란","프루티, 플로랄, 우디",양귀비꽃을 품은 따듯한 보리 내음
10699,https://www.bysuco.com/product/show/10699,오 카피탈 솔리드 퍼퓸,딥티크,104000.0,https://cf.bysuco.net/29f52ebf7e302e0947bb28f0c8bf8307.jpg?w=600,"핑크 페퍼, 베르가못",로즈,페출리,"로즈, 패츌리, 우디",시프레 장미가 선사하는 강렬한 향기를 잘 드러낸 고체 향수
225732,https://www.bysuco.com/product/show/225732,카우보이 그라스 오 드 퍼퓸,디에스 앤 더가,240000.0,https://cf.bysuco.net/3f9d4f46ac6ee95cdbe8a11fd3cb5600.jpg?w=600,"로즈우드, 와일드 타임, 베르가못","세이지브러쉬, 바질, 장미","베티버, 풀, 앰버그리스","아로마틱, 소프트 스파이시, 우디","세이지 브러시, 꽃이 만발한 백리향. 말을 타고 달리는 서부 개척자의 자유로운 감성을 담은 야생 초원 스위치 그라스의 향"
225713,https://www.bysuco.com/product/show/225713,미르 미스테르 오 드 퍼퓸,톰 포드,260000.0,https://cf.bysuco.net/464afeece90f936f58f2ba0341be7b70.jpg?w=600,"샌달우드, 바닐라, 머스크, 레더, 자스민, 미르, 압생트",,,"앰버, 웜 스파이시, 파우더리",짙은 어둠 속 호화로운 존재감을 드러내는 도발적이고 생동감 넘치는 앰버 우디 계열의 향
97175,https://www.bysuco.com/product/show/97175,블랙 오키드 퍼퓸,톰 포드,300000.0,https://cf.bysuco.net/ba72b23df32960b0d9c5dd4de6343a7d.jpg?w=600,"트러플, 플럼","럼, 일랑일랑, 블랙 오키드",패츌리,"스위트, 우디",시간이 지나도 변치 않는 감각적이고 기품 있는 향
3406347,https://www.bysuco.com/product/show/3406347,레이튼 트레블 세트,퍼퓸 드 말리,270000.0,https://cf.bysuco.net/79b7352437e9f609a03e926b700f64e5.webp?w=600,"애플, 라벤더, 베르가못, 만다린 오렌지","제라늄, 바이올렛, 자스민","바닐라, 카다멈, 샌달우드, 페퍼, 가이악우드, 페출리","웜 스파이시, 바닐라, 프레쉬 스파이시","성공한 남자의 향
레이튼의 오프닝은 초록 사과가 가지고 있는 싱싱한 향의 균형을 위해서 라벤더와 오렌지가 환상적으로 섞여 있는 향수입니다."
9660,https://www.bysuco.com/product/show/9660,미스 디올 롤러 펄 오 드 뚜왈렛,디올,77000.0,https://cf.bysuco.net/13a232e47d0e00db764a1e2b596b5755_cvt.webp?w=600,"블러드 오렌지, 만다린 오렌지","그라스 로즈, 5월의 장미, 릴리오브더밸리",패출리,"시트러스, 로즈, 패출리",산뜻하고 황홀한 향
225400,https://www.bysuco.com/product/show/225400,굿걸 곤 배드 오 프레쉬 오 드 퍼퓸,킬리안,425000.0,https://cf.bysuco.net/e50a5dfc506ee732e4d92f3cb03ca9a0.jpg?w=600,"오렌지 블라섬, 터키쉬 로즈","워터리 노트, 자스민",머스크,"화이트 플로랄, 아쿠아틱, 머스키",세가지 꽃의 향이 선사하는 궁극의 화려한 향
225103,https://www.bysuco.com/product/show/225103,이쁘노틱 쁘와종 오 드 뚜왈렛,디올,171000.0,https://cf.bysuco.net/e02db8070d2fcb93ac264ad0d00319b7.jpg?w=600,"코코넛, 플럼, 애프리콧","브라질리안 로즈우드, 자스민, 카라웨이, 튜베로즈, 로즈, 릴리오브더밸리","바닐라, 아몬드, 샌달우드, 머스크","바닐라, 스위트, 아몬드",아몬드와 자스민이 어우러진 관능적인 바닐라의 은은한 오리엔탈 향수
34370,https://www.bysuco.com/product/show/34370,루사 오 드 코롱,산타 마리아 노벨라,210000.0,https://cf.bysuco.net/066c2f823c7546835cadff7b7088e381.jpg?w=600,"베르가못, 네롤리, 아말피 레몬, 비터 오렌지, 로즈","페티그레인, 라벤더, 레몬 버베나, 클로브, 로즈마리","머스크, 캐스토리움, 발삼, 시벳, 벤조인","시트러스, 아로마틱, 프레쉬 스파이시",스파이시한 꽃과 평온한 네롤리의 부드러운 조화
113239,https://www.bysuco.com/product/show/113239,만다리노 디 시칠리아 오 드 뚜왈렛,아쿠아 디 파르마,275000.0,https://cf.bysuco.net/1c3e4ef840e93b94650a65b95fd4e353.jpg?w=600,"그린 만다린, 블러드 오렌지, 베르가못, 레몬","페티그레인, 스피아민트","시더, 머스크, 패출리","시트러스, 그린, 프레쉬 스파이시",그린 만다린이 전하는 생기 있고 상쾌한 향
34031,https://www.bysuco.com/product/show/34031,윈 플레 드 까씨 오 드 퍼퓸,프레데릭 말,480000.0,https://cf.bysuco.net/8e541c5ed0fbdc12789a997434721475.jpg?w=600,"미모사, 샌달우드, 자스민, 카시스, 바닐라, 로즈, 머스크, 알데하이드",,,"파우더리, 옐로우 플로랄, 플로랄","한 송이의 까씨 꽃, 부드럽게 감각적인 관능미, 그리고 빈티지의 우아함을 전달, 신비롭게 도취되는 대담함을 가진 플라워 오리엔탈 향."
22762,https://www.bysuco.com/product/show/22762,잉글리쉬 페어 앤 프리지아 오 드 코롱 스페셜 에디션,조 말론,239000.0,https://cf.bysuco.net/ec0e16fd16c68c12aa8fb930d2d3b2eb.jpg?w=600,"페어, 멜론","프리지아, 로즈","머스크, 페출리, 루바브, 앰버","플로랄, 프루티, 스위트","가을의 정수. 화이트 프리지아 부케향에 이제 막 익은 배의 신선함을 입히고 호박, 파출리, 우디향으로 은은함을 더했습니다"
224889,https://www.bysuco.com/product/show/224889,나이트 베일스 셀리에 익스트레잇 드 퍼퓸,바이레도,465500.0,https://cf.bysuco.net/f31d8130445667898ba0aa861fa0946c.jpg?w=600,"캐시메란, 블랙 티","레더 어코드, 담배 잎","자작나무, 오크모스","레더, 우디, 타바코","오래된 책들의 세계, 어두운 나무 선반 위에 놓여진 가죽 장정의 향기"
33328,https://www.bysuco.com/product/show/33328,미우미우 트위스트 오 드 퍼퓸,미우미우,200000.0,https://cf.bysuco.net/f1c356dcb31ec70d62c672f3e4ad9887.jpg?w=600,애플 블로썸 / 베르가못 / 레드베리,"머스크, 바이올렛","시더, 앰버, 통카빈","플로랄, 우디, 앰버",뛰어노는 소녀의 이미지를 닮은 싱그럽고 따뜻한 향
32803,https://www.bysuco.com/product/show/32803,맨 레인 에센스 오 드 퍼퓸,불가리,149000.0,https://cf.bysuco.net/8127e31a3750bcd0bcaf5d5be166495c.jpg?w=600,"그린티, 오렌지","머스크, 화이트 로투스","가이악 우드, 앰버","머스크, 시트러스, 플로랄",변화를 일으키는 비의 힘을 향한 예찬의 향
23779,https://www.bysuco.com/product/show/23779,포트레이트 체인징 콘스탄스 오 드 퍼퓸,펜할리곤스,448000.0,https://cf.bysuco.net/bea7cf1e7a1c2f039b5b08653d921c65.jpg?w=600,"카다멈, 피멘토","카라멜, 솔트","바닐라, 캐쉬미란, 타바코","카라멜, 웜 스파이시, 바닐라",내유외강을 담은 향
3406308,https://www.bysuco.com/product/show/3406308,엘라다리아 오 드 퍼퓸,크리드,530000.0,https://cf.bysuco.net/cbd676d68b848de10ee9b6eb953ce413.webp?w=600,"만다린, 베르가못, 핑크페퍼","센티폴리아 장미, 다마스크장미, 장미 어코드, 피오니, 은방울꽃, 파우더리 노트","머스크, 바닐라, 암브록산, 캐시미어 우드","로즈, 머스크, 파우더리","부드럽고 포근한 파스텔 부케 속에서 더욱 빛나는 우아한 장미 향

새벽의 은빛 안개가 장미 꽃잎을 감싸며 꿈과 욕망이 어우러진 몽환적인 정원을 그려냅니다. 
'엘라다리아'는 부드러운 햇살과 꽃들의 속삭임 속에서 은은하게 퍼지는 빛을 담아낸 현대적인 장미 향을 선사합니다."
22727,https://www.bysuco.com/product/show/22727,투티 트윌리 데르메스 오 드 퍼퓸,에르메스,268000.0,https://cf.bysuco.net/b5b6afe17d8a61c86f7ba766b005244c.jpg?w=600,리치,진저 플라워,머스크,"프루티, 웜 스파이시, 프레쉬",에르메스 소녀들의 향기
225422,https://www.bysuco.com/product/show/225422,스트레이트 투 헤븐 오 드 퍼퓸 트래블 세트,킬리안,322000.0,https://cf.bysuco.net/35c6113d5968d0787a5c7f6f9b894c18.jpg?w=600,"럼, 바닐라, 드라이 프룻, 페출리, 시더우드, 너트맥",,,"우디, 페출리, 럼",중독적이고 강렬한 매력을 선사한다
23303,https://www.bysuco.com/product/show/23303,이베리안 레더 오 드 퍼퓸,메모,390000.0,https://cf.bysuco.net/80c0b3e88be40fd9e24e6d25ea434fea_cvt.webp?w=600,"제라늄, 코리안더, 로즈마리, 베르가못","샤프론, 클로브, 아이리스, 시나몬, 오스만투스, 자스민, 로즈, 릴리오브더밸리","레더, 아가우드, 페출리, 베티버, 오크모스, 샌달우드, 발삼전나무, 시더, 앰버, 바닐라, 머스크","우디, 아로마틱, 웜 스파이시",광활한 이베리아 반도를 연상시키는 향
22698,https://www.bysuco.com/product/show/22698,아쿠아 알레고리아 포르테 로사 로싸 오 드 퍼퓸,겔랑,210000.0,https://cf.bysuco.net/6fe68ba4f3160730e19e6a0c82fce4d0.jpg?w=600,"피치, 핑크 페퍼, 카시스, 아몬드","불가리안 로즈, 다마스크 로즈","벤조인, 페출리, 샌달우드","로즈, 프루티, 우디",감미로운 우디 베이스 위에서 햇살을 머금고 활짝 피어난 스윗 로즈와 상큼한 화이트 피치의 섬세한 조화를 선보입니다
9383,https://www.bysuco.com/product/show/9383,로사 오 드 코롱,산타 마리아 노벨라,210000.0,https://cf.bysuco.net/6fb1e52fe855598710c6a08b747bf539.jpg?w=600,타이프 로즈,,,"로즈, 파우더리",장미 정원에 가득찬 꽃잎을 느낄 수 있는 싱그러우면서도 관능적인 향
694081,https://www.bysuco.com/product/show/694081,패러독스 인텐스 오 드 퍼퓸,프라다,160000.0,https://cf.bysuco.net/89c3461db3ea0d0fb98edfd2031f135e.jpg?w=600,"베르가못 에센스, 네롤리 버드, 페어 어코드","네롤리 에센스, 자스민 슈퍼 인퓨전, 모스 어코드","앰버 어코드, 바닐라 인퓨전, 화이트 머스크 어코드","화이트 플로랄, 바닐라, 모씨",재료의 강렬한 대조를 드러내는 우디 향의 플로럴 앰버 향
3407964,https://www.bysuco.com/product/show/3407964,알토 아스트랄 오 드 퍼퓸,바이레도,280000.0,https://cf.bysuco.net/b88b4b781bbc719d3be005816a19a024.jpg?w=600,"알데하이드, 코코넛 워터
- 하트 노트: 인센스, 자스민 페탈, 밀키 머스크",,"샌달우드, 캐시미어 우드, 솔티드 앰버","머스크, 우디, 파우더리","렬한 알데하이드와 코코넛 노트의 조화로 시작해, 인센스, 자스민 페탈 그리고 밀키 머스크로 이어지며, 샌들우드, 캐시미어 우드 그리고 솔티드 앰버로 마무리됩니다."
3405995,https://www.bysuco.com/product/show/3405995,니오 퍼퓸,제르조프,340000.0,https://cf.bysuco.net/d73aa04a66181d37362bed2ac16baac3.webp?w=600,"베르가못, 네롤리","카다멈, 자스민","베티버, 버지니아, 앰버, 패츌리","시트러스, 그린, 아로마틱",별 빛의 반짝임을 감각적인 우디 아로마틱 노트로 표현한 향수
3405905,https://www.bysuco.com/product/show/3405905,루체 디 로사 오 드 퍼퓸,아쿠아 디 파르마,195000.0,https://cf.bysuco.net/5438f6b252051aa747579373128c9c3e.webp?w=600,"이탈리아 베르가못, 핑크 페퍼, 카다멈 오일","불가리아 로즈오일, 제라늄오일","베티버오일, 가이악 오일, 머스크","프레쉬 스파이시, 로즈, 아로마틱",우아한 우디 로즈 향향
141167,https://www.bysuco.com/product/show/141167,르 빠르팡 드 떼레즈 오 드 퍼퓸,프레데릭 말,480000.0,https://cf.bysuco.net/e06e4c4d715f19df3d06198552f14aed.jpg?w=600,"메론, 텐저린","자두, 로즈","레더, 베티버, 시더","프루티, 스위트, 우디",오이와 멜론 향을 사용하여 워터리하고 장미와 자스민의 우아한 고전주의와 융합된 향수
23148,https://www.bysuco.com/product/show/23148,로 아 라 로즈 오 드 뚜왈렛,메종 프란시스 커정,347100.0,https://cf.bysuco.net/6dce4bf7a088b6ac7992c8a73c9a4bf1.jpg?w=600,"리치, 페어","다마스크 로즈, 그라스 로즈, 피오니, 바이올렛",머스크,"로즈, 플로랄, 프레쉬",400송이 장미 부케를 연상시키는 한방울의 향기
34212,https://www.bysuco.com/product/show/34212,비가라드 꽁상뜨레 오 드 뚜왈렛,프레데릭 말,115000.0,https://cf.bysuco.net/af64adf118e8de11353509054f11f47a.jpg?w=600,"비터 오렌지, 핑크 페퍼, 카다멈",로즈,"그래스, 해이, 시더","시트러스, 아로마틱, 프레쉬",장미의 터치에 의한 투명함과 비터 오렌지 에센스를 바탕으로 한 쌉쌀하고 상쾌한향
3408526,https://www.bysuco.com/product/show/3408526,아이디얼 원 오 드 퍼퓸,메종 마르지엘라,325000.0,https://cf.bysuco.net/8ec8caafd8ad77442d78c6c3abcf2076.jpg?w=600,"베르가못, 만다린","자스민, 로즈","머스크, 앰버","프루티, 플로럴, 머스크, 프레시","상큼한 시트러스와 프루티 노트가 밝게 열리며, 플로럴의 부드러움과 머스크의 따뜻함이 어우러져 깨끗하고 세련된 잔향으로 남는 모던 프루티 플로럴 향"
3407962,https://www.bysuco.com/product/show/3407962,로즈 오브 노 맨즈 랜드 앱솔뤼 드 퍼퓸,바이레도,340000.0,https://cf.bysuco.net/912bf470a9f0d8ce18bebb7371592cac.jpg?w=600,"블랙커런트 어코드, 핑크페퍼, 샤프란 어코드
- 하트 노트: 블랙 라즈베리 어코드, 피오니, 트릴로지 오브 로즈 어코드",,"파출리, 블랙 앰버 어코드, 파피루스","프루티, 플로랄, 웜 스파이시",짙고 우아하게 피어나는 장미에 대한 경의
3407413,https://www.bysuco.com/product/show/3407413,라이트 블루 오 인텐스 오 드 퍼퓸,돌체앤가바나,89000.0,https://cf.bysuco.net/0b3e0c4c202ce6b9301df4c38e2f8630.webp?w=600,"레몬, 그린애플","자스민, 메리골드","머스크, 앰버","시트러스, 우디, 프레쉬",레몬맛 솜사탕처럼 보다 부드럽고 달달한 향기
693941,https://www.bysuco.com/product/show/693941,마이 웨이 넥타르 오 드 퍼퓸,조르지오 아르마니,148000.0,https://cf.bysuco.net/944f76bff64985d2865c9945781830c9.jpg?w=600,"배, 오렌지 블로썸, 베르가못","튜베로즈, 자스민, 바이올렛 잎","화이트 머스크, 시더우드, 브루본 바닐라","화이트 플로랄, 시트러스, 아쿠아틱",중독성 강한 새로운 과일향과 꽃향
24830,https://www.bysuco.com/product/show/24830,리브르 앱솔루트 플라틴 오 드 퍼퓸,입생로랑,225000.0,https://cf.bysuco.net/3cbea0501c5b8ec78f009b819d5c1b5e.jpg?w=600,"알데하이드, 베르가못, 만다린 오렌지","라벤더, 블루 라벤더, 오렌지 블라썸","바닐라, 앰버","시트러스, 라벤더, 알데하이드",완전한 자유를 담다
3408597,https://www.bysuco.com/product/show/3408597,아이 앰 트래시 오 드 퍼퓸,에따 리브르 도량쥬,95000.0,https://cf.bysuco.net/7445000f6a6bf07444523ca3c9a5a5f9.jpg?w=600,"애플 에센스, 비터 오렌지, 그린 탠저린","로즈 앱솔루트, 이소 E 슈퍼, 스트로베리","시더우드, 샌달로어, 아키갈라우드","우디, 프루티, 프레쉬","원치 않는 것으로 만든 가장 원하는 향수.
   따하고 건조하면서 상쾌하고 활기찬 향이 어울러져 미묘한 조합을 이룹니다"
3405271,https://www.bysuco.com/product/show/3405271,머스크 인비지블 오 드 퍼퓸,줄리엣 헤즈 어 건,195000.0,https://cf.bysuco.net/8a649f28df82f4d8a0d2e33c4df56588.jpg?w=600,자스민,코튼플라워,화이트머스크,"파우더리, 머스크, 플로랄",오래된 청바지처럼 꾸밈없는 캐주얼한 향입니다.
140902,https://www.bysuco.com/product/show/140902,아뜰리에 드 플뢰르 허바 미모사 오 드 퍼퓸,끌로에,210000.0,https://cf.bysuco.net/745395ed74e66cf04d87aaaa321f01fd.jpg?w=600,미모사,,,"옐로우 플로랄, 파우더리, 플로랄",미모사 꽃의 파우더리하고 우디하며 싱그럽고 찬란한 면들이 구성에 풍성한 향
34365,https://www.bysuco.com/product/show/34365,무게또 오 드 코롱,산타 마리아 노벨라,210000.0,https://cf.bysuco.net/cfebfe52b24aa17ae32b9feffd20c8e0.jpg?w=600,릴리 오브 더 밸리,,,"화이트 플로랄, 프레쉬, 그린",순수한 은방울 꽃의 부드러운 향
9380,https://www.bysuco.com/product/show/9380,무스치오 오로 오 드 코롱,산타 마리아 노벨라,210000.0,https://cf.bysuco.net/6a27e293572e58e0fda9a950b1e39898.jpg?w=600,화이트 플라워,"릴리오브더밸리, 네롤리, 아이리스, 일랑일랑","머스크, 통카 빈, 바닐라, 시더우드","머스크, 파우더리, 시트러스",나무와 이끼의 향이 깃든 골든 머스크 향
34203,https://www.bysuco.com/product/show/34203,이리스 뿌드르 오 드 퍼퓸,프레데릭 말,115000.0,https://cf.bysuco.net/7b087ec4d50c186fda663fac4804ef41.jpg?w=600,"일랑일랑, 카네이션, 브라질리언 로즈우드, 베르가못, 오렌지","알데하이드, 바이올렛, 릴리, 자스민, 로즈, 매그놀리아","아이리스, 머스크, 샌달우드, 베티버, 바닐라, 앰버, 에보니 트리","파우더리, 우디, 머스크",캐시미어 스웨터와 같은 고전의 아름다움을 표현하는 아름다운 플로럴 알데하이드 향
32611,https://www.bysuco.com/product/show/32611,카나비스 오 드 퍼퓸,멜린앤게츠,151000.0,https://cf.bysuco.net/1c1bfe23f4518d7eaa545d88505cddd2.jpg?w=600,"블랙페어, 베르가못",매그놀리아,"패츌리, 시더, 샌달우드","우디, 스파이시",오래도록 머무르는 연기를 떠오르게 하는 풍부한 흙내음
21738,https://www.bysuco.com/product/show/21738,콜로니아 퓨투라 오 드 코롱,아쿠아 디 파르마,290000.0,https://cf.bysuco.net/222b84e6ded1fd8df7efcfdc99c619ed.jpg?w=600,"베르가못, 레몬, 자몽, 핑크 페퍼","라벤더, 세이지",베티버,"시트러스, 아로마틱, 프레쉬 스파이시",시트러스와 우디함이 어우러진 생동감 있고 꾸밈 없는 이미지를 연출
34236,https://www.bysuco.com/product/show/34236,꼴론 비가라드 오 드 퍼퓸,프레데릭 말,480000.0,https://cf.bysuco.net/222eacd3958077504216586cc3fabc9b.jpg?w=600,비터 오렌지,로즈,"그래스, 해이, 시더","시트러스, 아로마틱, 프레쉬",장미의 터치에 의한 투명함과 비터 오렌지 에센스를 바탕으로 한 쌉쌀하고 상쾌한향
10290,https://www.bysuco.com/product/show/10290,일랑 49 오 드 퍼퓸,르 라보,310000.0,https://cf.bysuco.net/dfce23c93de2b8788c44708fa88e8057.jpg?w=600,"일랑일랑, 페출리, 오크모스, 타히티안 가데니아, 베티버, 벤조인, 샌달우드",,,"우디, 얼시, 옐로우 플로랄",시프레 플로럴 계열의 향수
96923,https://www.bysuco.com/product/show/96923,노잉 오 드 퍼퓸,에스티 로더,230000.0,https://cf.bysuco.net/4edc00ad92ca9a36d29d55fc0b798e5b_cvt.webp?w=600,"알데히드, 미모사, 로즈","패출리, 카다멈, 시더","오크모스, 패출리, 시벳, 스파이스, 베티버, 샌달우드, 앰버","우디, 얼씨, 파우더리",프랑스 남부 정원에 퍼지는 꽃향기
225148,https://www.bysuco.com/product/show/225148,오 소바쥬 오 드 코롱,디올,188000.0,https://cf.bysuco.net/11c96989f9d8fae2bdc63df36868340e.jpg?w=600,"베르가못, 자몽, 만다리안 오렌지","페티그레인, 헤이온, 갈바늄, 핑크 페퍼",베티,"시트러스, 아로마틱, 그린",
22768,https://www.bysuco.com/product/show/22768,포머그래니트 누와 오 드 코롱,조 말론,110000.0,https://cf.bysuco.net/78312ebaab459dfcf019d0e4472e2e8e.jpg?w=600,"석류, 루바브, 플럼, 라즈베리, 워터멜론","클로브, 핑크 페퍼, 과이액 나무, 올리바넘, 오포포낙스, 로즈, 자스민, 릴리오브더밸리","버지니아 시더, 페출리, 앰버, 머스크","우디, 웜 스파이시, 프루티",어둡고 불가사의한 느낌의 향수
3408390,https://www.bysuco.com/product/show/3408390,바닐 앤티크 익스트레잇 드 퍼퓸,바이레도,560000.0,https://cf.bysuco.net/406b19dd9f10d3591287d5c3bcf2da04.jpg?w=600,프리시아,"바닐라, 캐시미어 우드","앰버, 머스크","앰버, 바닐라, 스모키, 인텐스","짙게 농축된 바닐라의 스모키한 달콤함이 깊게 퍼지며, 캐시미어 우드와 머스크가 어둡고 따뜻하게 감싸는 관능적이고 중독적인 앰버 바닐라 향"
225360,https://www.bysuco.com/product/show/225360,바이올렛 앤 앰버 앱솔뤼,조 말론,490000.0,https://cf.bysuco.net/b68b6e15d1f16b8de9618b4404d0edfe.jpg?w=600,,,,"파우더리, 바이올렛, 오우드","바이올렛,앰버,오드의 향이 어우러져 신비로우면서도 은은한 향"
22546,https://www.bysuco.com/product/show/22546,길티 뿌르 옴므 오 드 퍼퓸,구찌,170000.0,https://cf.bysuco.net/3f69c971460c9fc72a8e422b864efc9a.jpg?w=600,"주니퍼, 라벤더, 레몬","오렌지, 블로썸, 너트맥, 스페니쉬 랍다넘","드라이우드, 패츌리, 머스크","우디, 프레쉬 스파이시",미스테리하고 관능적이며 우디 스파이시 향
10601,https://www.bysuco.com/product/show/10601,아탈리아 오 드 퍼퓸,퍼퓸 드 말리,450000.0,https://cf.bysuco.net/6825d7c68e3ba4ee6079ac0a5ac78b92.jpg?w=600,오렌지 블라썸,아이리스,"화이트 머스크, 앰버","파우더리, 아이리스, 머스크",고혹적인 매력을 느낄 수 있는 향
693907,https://www.bysuco.com/product/show/693907,타바롬 오 드 퍼퓸,크리드,410000.0,https://cf.bysuco.net/b5e28a91abb4793c75e3806da8f1d3d7.jpg?w=600,"텐저린, 베르가못",진저,"타바코, 샌달우드, 앰버그리스, 레더, 패츌리","시트러스, 웜 스파이시, 타바코",우디하면서도 동양적인 느낌 향
225437,https://www.bysuco.com/product/show/225437,백 투 블랙 오 드 퍼퓸 리필,킬리안,580000.0,https://cf.bysuco.net/741e8a29df3dfa630831afeba01806d1.jpg?w=600,"베르가못, 체리, 코리앤더, 라즈베리, 타바코","아몬드, 블루 카모마일, 카다멈, 제라늄, 진저브레드, 허니, 랍다넘, 카다멈 퓨어 정글 에쎼","앰버, 벤조인, 시더, 오크, 올리바넘, 패출리, 바닐라","스위트, 허니, 타바코","스모키함과 꿀, 바닐라의 대조가 선사하는 본질의 감각"
3407415,https://www.bysuco.com/product/show/3407415,라이트 블루 오 드 뚜왈렛,돌체앤가바나,77000.0,https://cf.bysuco.net/6eba3d652ff90206d73922aecca26671.jpg?w=600,"시칠리안 레몬, 사과, 시더우드, 벨플라워","뱀부, 자스민, 로즈","시더우드, 머스크, 앰버","시트러스, 우디, 프레쉬",햇살처럼 투명한 시트러스의 상쾌함
141082,https://www.bysuco.com/product/show/141082,로 레베 델리야 오 드 뚜왈렛,시슬리 코스메틱,145000.0,https://cf.bysuco.net/2539d8d042717aff3fbd0522832c5852.jpg?w=600,"베르가못, 블랙 페퍼, 핑크 베리","자스민 로즈, 그린티","머스크, 오크모스 패출","플로랄, 시트러스, 화이트 플로랄","열대 폭풍우가 지나간 뒤의 트로피컬 부케: 이국적인 꽃들, 튜베로즈와 바이올렛의 향연"
32819,https://www.bysuco.com/product/show/32819,옴니아 코랄 오 드 뚜왈렛,불가리,233000.0,https://cf.bysuco.net/329a50a91d2642d448f4899a1964bbdb.jpg?w=600,"베르가못, 구기자","석류, 히비스커스, 워터 릴리","머스크, 버지니아 시더","플로랄, 우디, 프레쉬 스파이시",붉은 산호에 깃든 태양의 생명력에서 영감 받은 향
225127,https://www.bysuco.com/product/show/225127,미스 디올 롤러 펄 오 드 퍼퓸,디올,94000.0,https://cf.bysuco.net/ea95edb8e6d7e92881336c311fa11db5.jpg?w=600,"아이리스, 피오니, 릴리오브더밸리","아프리콧, 로즈, 피치","바닐라, 머스크, 통카 빈, 샌달우드, 벤조인","바닐라, 파우더리, 로즈",다채로운 컬러의 풍성한 꽃들로 만들어진 밀레피오리처럼 우아하고 매력적인 향
3406926,https://www.bysuco.com/product/show/3406926,켄타우로스 오 드 퍼퓸,크리드,450000.0,https://cf.bysuco.net/dd56d4dc139c7e106a27a4049a661869.jpg?w=600,"카다멈, 시나몬, 타바코, 핑크페퍼","제라늄, 샌달우드, 헬리오트로프, 자스민, 패츌리","자작나무, 벤조인, 토루 발삼, 통카빈, 암브록산, 마다가스카르산 버번 바닐라","우디 앰버, 타바코, 스파이시","밤하늘의 자유로움을 떠올리게 하는 켄타우로스는 섬세한 자스민, 부드러운 타바코와 풍부한 샌달우드가
조화로운 우디 앰버 향입니다."
224952,https://www.bysuco.com/product/show/224952,알뤼르 오 드 퍼퓸,샤넬,139000.0,https://cf.bysuco.net/7426e07d90e879f53a74b7968acea64e.jpg?w=600,"피치, 바닐라, 만다린 오렌지, 자스민, 베르가못, 매그놀리아, 시더, 오렌지 블로썸, 베티버, 로즈, 피오니, 로투스",,,"시트러스, 플로랄, 화이트 플로랄",마드모아젤 샤넬이 정의한 고결한 품격의 향.
23781,https://www.bysuco.com/product/show/23781,포트레이트 더 비위칭 야스민 오 드 퍼퓸,펜할리곤스,448000.0,https://cf.bysuco.net/a4a2cc8e1aadbd599a61cb043987d131.jpg?w=600,"카다멈, 커피","자스민 삼박, 전나무","타이티안 바닐라, 라오스 오우드, 인센스","웜 스파이시, 바닐라, 오우드",진정한 요염함
3406335,https://www.bysuco.com/product/show/3406335,그리 샤르넬 엑스트레 엑스트레 드 퍼퓸,비디케이,452000.0,https://cf.bysuco.net/45e356ae25b406c85894413c391ec804.jpg?w=600,"카다멈, 블랙 티, 피그","아이리스, 부르봉 베티버, 시스투스 인카누스","샌달우드, 통카 빈, 마다가스카르 바닐라, 시더, 인도네시안 패춀리 리프","우디, 웜 스파이시, 바닐라",파리지앵의 도시적 감수성을 담은 향
3405896,https://www.bysuco.com/product/show/3405896,투티 트윌리 데르메스 오 드 퍼퓸,에르메스,58000.0,https://cf.bysuco.net/950e8cf52e2ddf255af8c4f02c12880d.webp?w=600,리치,진저 플라워,머스크,"프루티, 웜 스파이시, 프레쉬",은은한 진저플라워와 촉 촉한 리치향에 머스크향이 덧대어져 풍성한 조화를 이루는 플로럴 프루티 계열의 향
225729,https://www.bysuco.com/product/show/225729,디베이저 오 드 퍼퓸,디에스 앤 더가,240000.0,https://cf.bysuco.net/f54e4c32e55e8d6b6bce08b6983029e9.jpg?w=600,"베르가못, 녹색잎, 배","무화과, 코코넛 밀크, 아이리스","블론드 우드, 통카빈, 모스","우디, 스위트, 프루티","8월의 무더위, 라디오를 통해 흘러나오는 블랙 프랜시스의 거칠고 날카로운 소리 무르익은 무화과, 아이리스, 코코넛 밀크, 통카빈 및 드라이 한 브론드 우드 향기"
9796,https://www.bysuco.com/product/show/9796,이탈리안 레더 오 드 퍼퓸,메모,390000.0,https://cf.bysuco.net/94d130cb4b34feeefd112534ab935e15_cvt.webp?w=600,"레더, 토마토 잎, 바닐라","토마토 잎, 갈바넘, 랍다넘, 클라리 세이지, 이리스 뿌리","레더, 바닐라 앱솔루트, 벤조인, 톨루 발삼 미르, 오포포낙스, 샌달우드, 머스크","아로마틱, 앰버, 레더",부드러운 빈티지 감성을 느낄 수 있는 향
96966,https://www.bysuco.com/product/show/96966,앰브라 오 드 퍼퓸,아쿠아 디 파르마,425000.0,https://cf.bysuco.net/7004295d61c8c1f29376dcb9a644eb32.jpg?w=600,"오렌지, 베르가못, 페티그레인","시더, 사이프리올 오일, 로즈, 패출리","앰버그리스, 샌달우드, 머스크, 랍다넘, 바닐라","우디, 앰버, 시트러스",앰버그리스의 진귀하고 관능적인 향
96930,https://www.bysuco.com/product/show/96930,플레저 인텐스 오 드 퍼퓸,에스티 로더,238000.0,https://cf.bysuco.net/568a8f4f2968a4890862471ea543e60c_cvt.webp?w=600,"그린릴리, 피오니, 블랙커런트, 일랑일랑, 카시스","릴리, 자스민, 티아레 플라워, 모로칸 로즈","메이플, 바닐라, 떄죽나무, 벤조인","화이트 플로랄, 플로랄, 프레쉬",향기로운 정원에 서 있는 듯한 향
34238,https://www.bysuco.com/product/show/34238,살 고스 오 드 퍼퓸,프레데릭 말,398000.0,https://cf.bysuco.net/0155a6df981a477e5839628cba044008.jpg?w=600,"네롤리, 페티그레인, 베르가못, 바이올렛, 로즈마리, 버블검",,,"시트러스, 아로마틱, 프레쉬 스파이시",네롤리와 버블검의 조화가 선사하는 어린이용 향수
33562,https://www.bysuco.com/product/show/33562,쥬르 데르메스 오 드 퍼퓸,에르메스,238000.0,https://cf.bysuco.net/bfaa8883578da390ad494c1438424d5e.jpg?w=600,"그레이프프룻, 레몬, 워터리 노트","화이트 플로랄, 가데니아, 그린 노트, 스위트 피","머스크, 우디 노트","시트러스, 화이트 플로랄, 그린",오직 꽃으로만 표현한 여성성의 본질
33305,https://www.bysuco.com/product/show/33305,뿌르 옴므 딜런 블루 오 드 뚜왈렛,베르사체,150000.0,https://cf.bysuco.net/4d6e6c93abd0692e2f2b49e9b00e187a.jpg?w=600,"베르가못, 워터리 노트, 자몽, 무화과 잎","암브록산, 블랙페퍼, 패출리, 바이올렛 잎, 파피루스","인센스, 머스크, 통카빈, 샤프란","앰버, 시트러스, 프레쉬 스파이스",모던하면서도 프레쉬하며 부드러운 신사의 향
31028,https://www.bysuco.com/product/show/31028,마이 웨이 플로럴 오 드 퍼퓸,조르지오 아르마니,180000.0,https://cf.bysuco.net/99fd6d58f7a2d7dd5eac1e5fd673746c.jpg?w=600,"오렌지 블로썸, 그린 만다린, 비터 오렌지","튜베로즈, 네롤리","부르본 바닐라, 화이트 머스크","시트러스, 화이트 플로랄, 튜베로즈",바닐라와 신선한 꽃 향이 오래 지속되는 향수
10701,https://www.bysuco.com/product/show/10701,필로시코스 솔리드 퍼퓸,딥티크,104000.0,https://cf.bysuco.net/d667aa1e4781b0edb586719bdbdbe6a4.jpg?w=600,"무화과 잎, 무화과","그린 노트, 코코넛","무화과 나무, 우디 노트, 시더","그린, 우디, 스위트",풋풋하고 밀키 하면서도 은은한 우디향을 잘 드러낸 고체 향수
3406288,https://www.bysuco.com/product/show/3406288,페르세우스 오 드 퍼퓸,퍼퓸 드 말리,355000.0,https://cf.bysuco.net/2c55e65250f2ca4e6a21a7d50a046526.jpg?w=600,"그레이푸릇, 베르가못, 블랙 커런트","베티버, 그린 만다린, 제라늄","드라이 우드, 캐시미어 우드, 앰버그리스, 발삼, 시더, 통카빈","시트러스, 우디, 아로마틱",시트러스 우디 계열의 향수로 오렌지 온실의 풍경이 눈 앞에 펼쳐지는 환상을 선사하는 향수
10605,https://www.bysuco.com/product/show/10605,페가수스 오 드 퍼퓸,퍼퓸 드 말리,355000.0,https://cf.bysuco.net/6f6c291b44f14e6225c4c1e772179238.jpg?w=600,"헬리오트로프, 커민, 베르가못","비터 아몬드, 라벤더, 자스민","바닐라, 샌달우드, 앰버","아몬드, 바닐라, 파우더리",강렬하고 활기찬 오리엔탈 향
10511,https://www.bysuco.com/product/show/10511,프렌치 레더 오 드 퍼퓸,메모,390000.0,https://cf.bysuco.net/209de09594fc92e66b357f4d8a2357ab_cvt.webp?w=600,"장미수, 스웨이드, 라임, 화이트 머스크, 주니퍼, 핑크 페퍼, 클라리 세이지, 베티버, 시더, 레진",,,"로즈, 머스크, 아로마틱",시크한 프렌치 여성에서 영감 받은 향
24390,https://www.bysuco.com/product/show/24390,덩 르 블루 퀴 페띠유 오 드 퍼퓸,세르주 루텐,230000.0,https://cf.bysuco.net/55d6d9812f63c9a18feeae91c93d183e.jpg?w=600,"인센스, 유목, 코리안더",,,"앰버, 마린, 스모크",깊은 수심과 여유로움 잔잔히 부서지는 밤바다
23761,https://www.bysuco.com/product/show/23761,솔라리스 오 드 퍼퓸,펜할리곤스,154000.0,https://cf.bysuco.net/bedaf737126d53556be4450802a40f7a.jpg?w=600,"네롤리, 레몬, 블랙 커런트","티아레 플라워, 일랑일랑, 자스민","바닐라, 샌달우드, 시더우드","화이트 플로랄, 시트러스, 우디",태양을 담은 향
694152,https://www.bysuco.com/product/show/694152,쿠로스 오 드 뚜왈렛,입생로랑,204000.0,https://cf.bysuco.net/be8aa0340840796879fdafdf2e9437d1.jpg?w=600,"알데히드, 고수, 클라리 세이지, 아르테미시아, 베르가못","패츌리, 카네이션, 제라늄, 베티버, 시나몬, 자스민, 오리스 뿌리, 라벤더","시빗, 꿀, 레더, 머스키, 오크모스, 앰버, 통카 빈, 바닐라","머스크, 아로마틱, 파우더리",승리하는 남성성의 시대를 초월한 향
225092,https://www.bysuco.com/product/show/225092,쁘와종 걸 오 드 퍼퓸,디올,152000.0,https://cf.bysuco.net/b23323a312aeae05e71540b2ca5e14ad.jpg?w=600,"비터 오렌지, 레몬","다마스크 로즈, 그라스 로즈, 오렌지 블로썸","바닐라, 아몬드, 통카빈, 톨루 발삼, 샌달우드, 캐시미란, 헬리오트로프","바닐라, 스위트, 파우더리","순간적으로 중독되고, 중독될 정도로 쾌감을 끌어내는 감각적인 향"
3406311,https://www.bysuco.com/product/show/3406311,엘라다리아 오 드 퍼퓸,크리드,350000.0,https://cf.bysuco.net/2e5a8233611bad92224e05156a5ba530.webp?w=600,"만다린, 베르가못, 핑크페퍼","센티폴리아 장미, 다마스크장미, 장미 어코드, 피오니, 은방울꽃, 파우더리 노트","머스크, 바닐라, 암브록산, 캐시미어 우드","로즈, 머스크, 파우더리","부드럽고 포근한 파스텔 부케 속에서 더욱 빛나는 우아한 장미 향

새벽의 은빛 안개가 장미 꽃잎을 감싸며 꿈과 욕망이 어우러진 몽환적인 정원을 그려냅니다. 
'엘라다리아'는 부드러운 햇살과 꽃들의 속삭임 속에서 은은하게 퍼지는 빛을 담아낸 현대적인 장미 향을 선사합니다."
10287,https://www.bysuco.com/product/show/10287,자스민 17 오 드 퍼퓸,르 라보,458000.0,https://cf.bysuco.net/239a8c5fd26d16100756637a019431e4.jpg?w=600,"오렌지 블라썸, 자스민, 비터 오렌지, 네롤리, 머스크, 바닐라, 파마로사, 메이창, 앰버, 샌달우드",,,"화이트 플로랄, 시트러스, 프레쉬",자스민을 현대적인 느낌으로 재해석한 향
3406348,https://www.bysuco.com/product/show/3406348,델리나 트레블 세트,퍼퓸 드 말리,279000.0,https://cf.bysuco.net/8300bdf2b4337c036175b013871c1b00.webp?w=600,"리치, 루바브, 베르가못, 너트맥","터키시 로즈, 피오니, 머스크, 페출리, 바닐라","캐쉬미란, 인센스, 시더, 헤이티안 베티버","로즈, 플로랄, 프루티","로맨틱함과 모던함을 동시에 표현한 여성스러운 향

캐시미어의 부드러움을 담은 우디향에 벨벳 같은 장미와 달달한 프루티함이 조화로운 향수.
델리나 향수의 오프닝은 샴페인을 터트리는듯 루바브와 리치가 주는 스윗함으로 시작해서 잼 같은 장미와 꽃들이 사랑스럽게 안착하고 바닐라와 머스크가 어우러지며 마무리가 되는 향수."
693970,https://www.bysuco.com/product/show/693970,스트롱거 위드 유 오 드 뚜왈렛,조르지오 아르마니,134000.0,https://cf.bysuco.net/166f666fe2af41b3c020e89114e3a4a8.jpg?w=600,"밤, 슈가","세이지, 라벤더","바닐라, 스모크","바닐라, 발사믹, 스위트",중독성 있는 설탕 코팅 밤과 결합된 관능적인 향
225361,https://www.bysuco.com/product/show/225361,가드니아 앤 오드 앱솔뤼,조 말론,490000.0,https://cf.bysuco.net/1f4c5ef3ef5d0ed670e84e4e3e44b05e.jpg?w=600,화이트 플라워,가드니아,"오드, 화이트 머스크, 앰버","화이트 플로랄, 오우드, 머스크","가드니아,플로랄,오드,앰버가 어우러져 반전 있으면서도 매혹적인 향"
97136,https://www.bysuco.com/product/show/97136,라 둠프투 송 케시 오 드 퍼퓸,세르주 루텐,205000.0,https://cf.bysuco.net/8c98c252cf6d7416bbba1c82b744a107.jpg?w=600,"프랜지파니, 일랑일랑, 아몬드",,,"플로랄, 트로피칼",프루스티안 악센트를 가미한 뛰어난 향
30318,https://www.bysuco.com/product/show/30318,자페라노 오 드 퍼퓸,아쿠아 디 파르마,425000.0,https://cf.bysuco.net/5f78a95341ee2fa3dded3bd8fe60bd10.jpg?w=600,"베르가못, 만다린 오렌지, 비터 오렌지, 코리앤더","샤프란, 오렌지블라썸, 제라늄, 자스민 삼박, 로즈","우디 노트, 바닐라, 통카빈","시트러스, 화이트 플로랄",화이트 플로랄과 우디의 조화로 부드러우면서도 세련된 이미지 연출
22688,https://www.bysuco.com/product/show/22688,샹젤리제 오 드 퍼퓸,겔랑,220000.0,https://cf.bysuco.net/c31d058fb4af9394459b8a320807c411.jpg?w=600,"미모사 리프, 로즈 페탈","미모사, 부들레아, 카시스","아몬드 트리, 우디 노트, 바닐라, 히비스커스 씨드","플로랄, 옐로우 플로랄, 우디",빛의 도시에서 만난 향기
9848,https://www.bysuco.com/product/show/9848,콜로니아 인텐자 오 드 코롱,아쿠아 디 파르마,210000.0,https://cf.bysuco.net/07a25cb338c748940ff0f3376868d537.jpg?w=600,"칼라브리안 베르가못, 진저, 카다멈, 시칠리안 레몬","네롤리, 아르테미지아, 머틀","레더, 시더, 벤조인, 머스크, 패츌리","시트러스, 웜 스파이시, 아로마틱",콜로니아에 우디와 레더가 가미되어 가장 남성적인 매력을 연출
1793993,https://www.bysuco.com/product/show/1793993,자스민 17 오 드 퍼퓸 (벌크제품),르 라보,458000.0,https://cf.bysuco.net/6bcfca7b54f01ddc3f4d79c8eab91a1a.jpg?w=600,"오렌지 블라썸, 자스민, 비터 오렌지, 네롤리, 머스크, 바닐라, 파마로사, 메이창, 앰버, 샌달우드",,,"화이트 플로랄, 시트러스, 프레쉬",자스민을 현대적인 느낌으로 재해석한 향
694064,https://www.bysuco.com/product/show/694064,포 허 머스크 누드 오 드 퍼퓸,나르시소 로드리게즈,147000.0,https://cf.bysuco.net/94372f650f6302fc5f6dc1ac057def2b.jpg?w=600,"화이트 플라워, 자스민, 핑크 페퍼","머스크, 다마스크 로즈, 오렌지 블라썸","통카 빈, 패촐리, 시더우드","화이트 플로럴, 머스크, 파우더리",피부에 부드럽게 녹아 들어 섬세하고 따뜻한 관능미를 담은 중독적인 향기로 당신의 일상에 센슈얼한 순간들을 더해보세요.
10607,https://www.bysuco.com/product/show/10607,레이튼 익스클루시브 오 드 퍼퓸,퍼퓸 드 말리,435000.0,https://cf.bysuco.net/e60c696eeeba2f4e45bf0f94e4945fe6.jpg?w=600,"아몬드, 만다린 오렌지, 베르가못, 워터리 노트","시벳, 제라늄, 로즈, 가데니아, 워터 릴리","가이악 우드, 라오스 오우드, 바닐라, 커피, 샌달 우드, 인도네시안 페출리 리프, 앰버, 오크모스, 핑크 페퍼","우디, 오우드, 파우더리",레이튼의 플랭커 향수이지만 향의 구성을 대담하게 바꿔 완전히 새롭게 표현한 향
1793844,https://www.bysuco.com/product/show/1793844,러브 돈 비 샤이 익스트림 오 드 퍼퓸 리필,킬리안,580000.0,https://cf.bysuco.net/d27b9abefc65784da5802b51cbcf9d55.jpg?w=600,"네롤리, 베르가못","오렌지 블로썸, 불가리안 로즈","마쉬멜로우, 바닐라, 머스크, 석류","스위트, 화이트 플로랄, 시트러스",불가리아 장미를 극한으로 끌어올린 향
225428,https://www.bysuco.com/product/show/225428,골드 나이트 오 드 퍼퓸 리필,킬리안,350000.0,https://cf.bysuco.net/4d1170006f332e731d7cec666b591d25.jpg?w=600,"아니스, 베르가못","허니, 바닐라",패출리,"허니, 스위트, 아니스",클림트의 그림 골드 나이트에서 영감 받은 달콤한 향
96920,https://www.bysuco.com/product/show/96920,모던 뮤즈 오 드 퍼퓸,에스티 로더,127000.0,https://cf.bysuco.net/3d9a448f31f6f18295530c37d614ffd7.jpg?w=600,만다린 오렌지,"자스민 삼박, 차이니즈 자스민, 릴리, 허니써클, 플라워페탈, 튜베로즈","머스크, 패출리, 패출리 리프, 우디 노트, 앰버, 마다가스카르 바닐라","화이트플로랄, 플로랄, 머스크",달콤한 허니써클과 밝은 자스민이 흩날리는 샴푸향기처럼 경쾌하고 사르륵 날아가는 데일리 향수
23763,https://www.bysuco.com/product/show/23763,블렌하임 부케 오 드 뚜왈렛,펜할리곤스,252000.0,https://cf.bysuco.net/d27899a829fa6e4996619edf5434b78c.jpg?w=600,"아말피 레몬, 라임, 라벤더",,"파인, 블랙 페퍼, 머스크","시트러스, 아로마틱, 우디",세계 최초의 시트러스 계열 향수
694135,https://www.bysuco.com/product/show/694135,오피움 오 드 퍼퓸,입생로랑,141000.0,https://cf.bysuco.net/16f0cebf0abfbd1f5d28176dbe003f01.jpg?w=600,"만다린 오렌지, 베르가못, 은방울꽃","몰약, 자스민","오포포낙스, 앰버, 패츌리, 바닐라","앰버, 발사믹, 스위트",강렬한 만다린과 베르가못에 신비로운 몰약과 재스민이 어우러진 향수
693991,https://www.bysuco.com/product/show/693991,이돌 르 오 드 퍼퓸,랑콤,98000.0,https://cf.bysuco.net/7630a9078c657416e6b100f6d71b5ad8.jpg?w=600,"페어, 베르가못, 핑크 페퍼","로즈, 자스민","화이트 머스크, 바닐라, 페출리, 시더","로즈, 머스크, 프루티","시프레, 로즈, 자스민 어코드가 감각적으로 어우러진 센슈얼한 플로럴 향수"
9374,https://www.bysuco.com/product/show/9374,윈드 플라워스 오 드 퍼퓸,크리드,530000.0,https://cf.bysuco.net/1327b5df7e42ef03f8ad5952c324bb71.jpg?w=600,"자스민, 오렌지 블라썸, 피치","자스민 삼박, 튜베로즈, 로즈","머스크, 프랄린, 오렌지 블라썸, 샌달우드, 아이리스","화이트 플로랄, 스위트, 파우더리",포근하고 가벼운 나무 향이 배어 있는 누가를 연상시키는 베이스와 상큼한 플로럴한 향이 어우러져 아름답고 반짝이는 향
224959,https://www.bysuco.com/product/show/224959,알뤼르 센슈얼 오 드 뚜왈렛,샤넬,231000.0,https://cf.bysuco.net/da909e0ac30c57d22674674b029d4c6d.jpg?w=600,"핑크페퍼, 베르가못, 만다린 오렌지","드라이 후르츠, 베티버, 아이리스, 로즈, 자스민","패츌리, 바닐라, 앰버, 라브다넘, 머스크","우디, 시트러스, 패츌리",신비로움으로 가득 찬 매혹적인 플로럴-소프트-앰버 향
9788,https://www.bysuco.com/product/show/9788,플뢰르 도랑지 오 드 퍼퓸,세르주 루텐,205000.0,https://cf.bysuco.net/df565ba095f2a1b24c146f8787ecb057.jpg?w=600,"오렌지 블라썸, 자스민, 인디안 튜베로즈, 시트러스, 화이트 로즈, 네롤리, 히비스커스, 커민, 머스크, 우디 노트",,,"화이트 플로랄, 시트러스, 튜베로즈",이국적인 향
694003,https://www.bysuco.com/product/show/694003,이프노즈 오 드 퍼퓸,랑콤,141000.0,https://cf.bysuco.net/96024e50d8be4dafd72d262902822ba2.jpg?w=600,패션 플라워,"자스민, 가드니아","바닐라, 베티버","바닐라, 플로랄, 화이트 플로랄",관능적인 사랑의 물약처럼 작용하는 우디 오리엔탈 향수
96922,https://www.bysuco.com/product/show/96922,화이트 린넨 오 드 퍼퓸,에스티 로더,189000.0,https://cf.bysuco.net/a0faf7d8b94c6d4627df3847c8d5fab6_cvt.webp?w=600,"알데히드, 레몬, 피치","히야신스, 카네이션, 릴리 오브 더 밸리","오크모스, 베티버, 시더, 샌달우드","플로랄, 프레쉬, 우디",화이트 린넨을 닮은 시원하고 차분한 향
32410,https://www.bysuco.com/product/show/32410,러브 샷 오 드 퍼퓸,엑스 니힐로,350000.0,https://cf.bysuco.net/4a7497479cf5406893599b530d622c9a.jpg?w=600,라즈베리,레더,머스크,"프루티, 레더",라즈베리의 달달한 과즙과 레더의 조화로 사랑스럽지만 무게감 있는 이미지 연출
9371,https://www.bysuco.com/product/show/9371,스프링 플라워 오 드 퍼퓸,크리드,490000.0,https://cf.bysuco.net/024a7cdf67e11c9fa04f442f0e9ac907.webp?w=600,"자몽, 레몬, 그린 노트","화이트 플라워, 자스민, 복숭아, 살구","앰버그리스, 머스크, 시더","화이트 플로럴, 시트러스","자몽·레몬의 상큼함에 복숭아·살구 과즙과 화이트 플로럴이 어우러져, 깨끗한 머스크 잔향으로 경쾌하고 당당한 에너지를 전하는 향"
224911,https://www.bysuco.com/product/show/224911,넘버5 트위스트 앤 스프레이 오 드 뚜왈렛 리필 세트,샤넬,206000.0,https://cf.bysuco.net/b1aad6581f92a8f313dbfa87ae8cbe89.jpg?w=600,"알데하이드, 일랑일랑, 네롤리, 아말피 레몬, 베르가못","아이리스, 자스민, 로즈, 오리스 루트, 릴리오브더밸리","시벳, 샌달우드, 머스크, 오크모스, 베티버, 앰버, 바닐라, 패출리","우디, 파우더리, 알데하이드",20ml*3로 구성되어 있는 세트 상품
9878,https://www.bysuco.com/product/show/9878,누와르 오 드 퍼퓸,톰 포드,354000.0,https://cf.bysuco.net/f997ec6ff2fda660ce387ba7024d1220.jpg?w=600,"바이올렛, 핑크 페퍼, 카라웨이, 베르가못, 버베나","투스칸 아이리스, 불가리안 로즈, 블랙 페퍼, 너트맥","인도네시안 페출리 리프, 앰버, 바닐라, 시벳, 레더, 오포포낙스, 벤조인, 베티버, 때죽나무","앰버, 파우더리, 프레쉬 스파이시",고상하고 섬세한 남성의 매력을 한번에 표현하는 동양적이며 섬세한 향
3405904,https://www.bysuco.com/product/show/3405904,콜로니아 일 프로푸모 오 드 퍼퓸,아쿠아 디 파르마,250000.0,https://cf.bysuco.net/c814851762bd7bf05d4fcd496fabe3dc.webp?w=600,"이탈리아 베르가못, 자몽, 블러드 오렌지","로즈마리, 일랑일랑, 오렌지 잎","베티버, 패츌리","프루티, 우디, 아로마틱",일랑일랑이 골든 프룻의 매력을 끌어올린 풍부한 향.
693992,https://www.bysuco.com/product/show/693992,이돌 나우 오 드 퍼퓸,랑콤,178000.0,https://cf.bysuco.net/9988a537cd85a738c4a257c30743efd2.jpg?w=600,로즈,난초,바닐라,"로즈, 플로랄, 바닐라",자연에서 영감을 받고 과학으로 강화된 독특한 꽃향기와 따뜻한 바닐라 향
24608,https://www.bysuco.com/product/show/24608,티파니 오 드 퍼퓸,티파니앤코,121000.0,https://cf.bysuco.net/0f4b24c287b492a656384ed6b85deab7.jpg?w=600,"만다린 오렌지, 베르가못, 레몬","아이리스, 로즈, 블랙 커런트, 피치","머스크, 페출리","시트러스, 파우더리, 아이리스",사랑이 그러하듯 즐거움과 특별한 영감을 주는 향
33578,https://www.bysuco.com/product/show/33578,실버 버치 앤 라벤더 오 드 코롱,조 말론,239000.0,https://cf.bysuco.net/7023d1b05a31e58188721c02fb92c347.jpg?w=600,그레이프 프룻,라벤더,"자작나무, 우디 노트","라벤더, 우디, 레더","갓 짜낸 자몽 과즙이 상쾌함을 더해주고, 땅의 우디함을 담은 카리스마 있는 실버 비치와 강렬한 로스티드 오크가 향을 감싸안아 줍니다."
3408391,https://www.bysuco.com/product/show/3408391,루즈 카오티크 익스트레잇 드 퍼퓸,바이레도,560000.0,https://cf.bysuco.net/d074f7e8030028fd011a1b5f9f9d0f80.jpg?w=600,"사프란, 블랙커런트","프랄린, 오우드","앰버, 파출리","오리엔탈, 구르망, 스파이시, 인텐스","검붉은 자두와 사프란의 스파이스가 강렬하게 터지며, 프랄린과 오우드의 짙은 달콤함이 겹쳐져 앰버로 농밀하게 마무리되는 화려하고 도발적인 오리엔탈 구르망 향"
97134,https://www.bysuco.com/product/show/97134,푸아브르 느와르 오 드 퍼퓸,세르주 루텐,205000.0,https://cf.bysuco.net/ae523376f59ca0b7af81af2cf0925bdf.jpg?w=600,"블랙페퍼, 페퍼, 시더우드, 넛맥",,,"프레쉬 스파이시, 웜 스파이시, 우디","페퍼리하고, 짜릿하고 우아한 향"
96926,https://www.bysuco.com/product/show/96926,시나바 오 드 퍼퓸,에스티 로더,175000.0,https://cf.bysuco.net/c02a18431bf6834f74d3cad0c2ec832d_cvt.webp?w=600,"탠저린, 자스민, 오렌지 블라섬","클로브, 릴리, 릴리 오브 더 밸리","올리바늄, 샌달우드, 패출리","웜 스파이시, 화이트 플로랄, 우디",세련되고 은은한 오리엔탈계열의 향
97173,https://www.bysuco.com/product/show/97173,블랙 오키드 오 드 뚜왈렛,톰 포드,195000.0,https://cf.bysuco.net/a5c6521b3d0fc713b5922f8090347c0f.jpg?w=600,"패츌리, 플럼","오키드, 클로버, 튜베로즈, 페퍼",패츌리,"웜 스파이시, 패츌리, 프루티",블랙 플럼과 파츌리로 생기를 불어넣어 반짝이는 플로럴 향으로 뿌리는 즉시 주인공을 만들어주는 향
10514,https://www.bysuco.com/product/show/10514,시와 오 드 퍼퓸,메모,390000.0,https://cf.bysuco.net/3903a92d2d33fce6b0506a75aa7fafba_cvt.webp?w=600,"알데하이드, 바이올렛 리프","위스키, 나르시소스, 시나몬","팝콘, 바닐라, 머스크","위스키, 바닐라, 옐로우 플로랄",사막에서는 찾을 수 없는 풍족한 자연을 표현하는 향
694141,https://www.bysuco.com/product/show/694141,리브 고쉬 오 드 뚜왈렛,입생로랑,244000.0,https://cf.bysuco.net/c719bcdc7b23b90e7bd225079e3f0806.jpg?w=600,"알데하이드, 그린 노트, 허니써클, 베르가못, 복숭아, 레몬","로즈, 아이리스, 제라늄, 일랑일랑, 은방울꽃, 자스민, 메그놀리아, 가드니아","오크모스, 베티버, 머스크, 샌달우드, 통카 빈, 앰버","알데하이드, 화이트 플로랄, 우디",프랑스의 아방가르드에서 영감을 받은 Rive Gauche의 클래식 향수
9539,https://www.bysuco.com/product/show/9539,오 도랑쥬 베르트 오 드 코롱,에르메스,58000.0,https://cf.bysuco.net/72aeced995e1262282daa37e9fe342b9_cvt.webp?w=600,"오렌지, 오크모스, 아말피 레몬, 민트, 만다린 오렌지, 카시스, 페출리",,,"시트러스, 아로마틱, 그린",시트러스 정원의 향과 신선함을 연상시키는 향으로 완벽한 밸런스의 상큼한 활기를 가진 향
3408581,https://www.bysuco.com/product/show/3408581,오션 레더 오 드 퍼퓸,메모,390000.0,https://cf.bysuco.net/54f7bdae7d71524b6723c78a488d60a5_cvt.webp?w=600,"만다린 오렌지, 바질, 바이올렛","세이지, 엘레미, 시더","레더, 베티버, 너트맥","웜 스파이시, 아로마틱, 프레쉬 스파이시",바다의 강렬함을 느낄 수 있는 향
3406957,https://www.bysuco.com/product/show/3406957,프리베 루즈 말라키트 오 드 퍼퓸,조르지오 아르마니,365000.0,https://cf.bysuco.net/14cae34dd43ef697a4a72cd9007b0839.jpg?w=600,베르가못,"튜버로즈, 삼박 자스민, 오렌지 블로섬, 일랑일랑","머스크, 앰버우드","화이트 플로럴, 앰버, 투버로즈","러시아의 차가운 얼음 땅 아래에서 피어나는 튜버로즈는 차가움 속의 열정적인 에너지를 상징하고, 풍요로움과 관능미가 넘치는 향을 표현합니다."
140957,https://www.bysuco.com/product/show/140957,아쿠아 알레고리아 로사 팔리산드로 포르테 오 드 퍼퓸,겔랑,189000.0,https://cf.bysuco.net/401d0b0ef679842ce8d3296af9414887.jpg?w=600,"코리안더, 레몬, 알데하이드","다마스크 로즈, 팰리샌더 로즈우드, 제라늄","샌달우드, 페출","우디, 로즈, 아로마틱",터키쉬 로즈의 섬세함으로 더욱 빛을 발하는 로즈우드
97205,https://www.bysuco.com/product/show/97205,맨 우드 에센스 오 드 퍼퓸,불가리,207000.0,https://cf.bysuco.net/4ae5ba249be67a7ab33263e654b3f698.jpg?w=600,"시트러스 위드 슈가, 레몬제스트, 코리안더 리프","시프레, 시더, 베티버",벤조인,"우디, 아로마틱, 시트러스",따뜻한 태양 빛을 닮은 원료들이 아름답게 공명하는 향
30702,https://www.bysuco.com/product/show/30702,끌로에 시그니처 나츄렐 오 드 퍼퓸,끌로에,182000.0,https://cf.bysuco.net/0553aeb28ebb3c1807dd50a8f769b718.jpg?w=600,"시트론, 블랙 커런트","로즈, 네롤리","미모사, 시더","로즈, 시트러스, 플로랄",오가닉 로즈의 모던한 향을 담은 향
23368,https://www.bysuco.com/product/show/23368,포 허 머스크 누아르 오 드 퍼퓸,나르시소 로드리게즈,143000.0,https://cf.bysuco.net/46108570aed2cd1995ed63df2155fe57.jpg?w=600,플럼,"머스크, 헬리오트로프",스웨이드,"머스크, 파우더리, 프루티",신비롭고 관능적인 플로리엔탈 머스크 향기
3406438,https://www.bysuco.com/product/show/3406438,이.큐. 오 드 퍼퓸,도르세,179000.0,https://cf.bysuco.net/3ceb74f37d7f7ee5ae51e45de6d9d9eb.jpg?w=600,"핑크페퍼, 앰버","아이리스, 자스민","캐시메란, 패춀리","파우더리, 우디, 아이리스",연인의 입술 위에 발린 립스틱에서 느껴지는 후각에서 영감을 받은 향
224983,https://www.bysuco.com/product/show/224983,샹스 오 비브 오 드 뚜왈렛,샤넬,166000.0,https://cf.bysuco.net/6aaa9dbb81e48720f44b4a87eceb14a5.jpg?w=600,"블러드 오렌지, 그레이프 프룻, 사이트러스","자스민, 화이트 머스크","베티버, 시더, 아이리스","시트러스, 우디, 프레쉬 스파이시",상큼한 플로랄 향을 라운드 보틀에 담았습니다.
97162,https://www.bysuco.com/product/show/97162,튜베로즈 크리미넬 오 드 퍼퓸,세르주 루텐,505000.0,https://cf.bysuco.net/bca97963d3852fbaaef2f248ad4882d8.jpg?w=600,"튜베로즈, 히아신스, 넛맥, 자스민, 클로브, 오렌지 블로썸, 머스크, 바닐라, 앰버",,,"화이트 플로랄, 플로랄, 앰버",가공되지 않은 자연 그대로의 튜베로즈 꽃향기 향
32799,https://www.bysuco.com/product/show/32799,맨 글레이셜 에센스 오 드 퍼퓸,불가리,198000.0,https://cf.bysuco.net/7b4148ea32f321fdde73e7c3131ba647.jpg?w=600,"주니퍼 베리, 진저, 제라늄","샌달우드, 이리스 뿌리, 아르테미시아","클리어우드, 머스크, 시더","우디, 아로마틱, 프레쉬 스파이시",얼음처럼 차가운 자연의 에너지를 담은 향
3407412,https://www.bysuco.com/product/show/3407412,라이트 블루 뿌르 옴므 오 드 뚜왈렛,돌체앤가바나,101000.0,https://cf.bysuco.net/35d58a01cfa0c608ec5b581ec1a27696.webp?w=600,"시칠리안 레몬, 사과, 시더우드, 벨플라워","뱀부, 자스민, 로즈","시더우드, 머스크, 앰버","시트러스, 우디, 프레쉬",햇살처럼 투명한 시트러스의 상쾌함
3405506,https://www.bysuco.com/product/show/3405506,오 나바티 오 드 퍼퓸,딥티크,409000.0,https://cf.bysuco.net/7dc7a3d03028c3f2b3c377839cc90710.webp?w=600,"부조화, 베르가못, 야자수, 페루 발삼, 엠버, 삼나무, 페티그레인",,,"엠버, 스트러스, 그린",지중해 연안과 자연의 본질을 담은 풍부한 식물성 향.
10744,https://www.bysuco.com/product/show/10744,로즈 디 아말피 오 드 퍼퓸,톰 포드,422000.0,https://cf.bysuco.net/b8332a3e95211e047caa28613cde81a5.jpg?w=600,"핑크 페퍼, 베르가못, 인디안 만다린",로즈,"헬리오트로프, 아몬드","아몬드, 로즈, 플로랄",본연의 살냄새처럼 포근한 향
3408528,https://www.bysuco.com/product/show/3408528,언타이틀드 로 오 드 뚜왈렛,메종 마르지엘라,250000.0,https://cf.bysuco.net/184c35ff706240182c9d50eecc15417b.jpg?w=600,"만다린, 페티그레인","오렌지 블로썸, 그린 노트","머스크, 시더우드","그린, 시트러스, 플로럴, 프레시","신선한 시트러스와 그린 노트가 맑게 열리며, 오렌지 블로썸의 투명한 플로럴과 머스크가 어우러져 깨끗하고 자연스럽게 이어지는 미니멀한 그린 시트러스 향"
141216,https://www.bysuco.com/product/show/141216,길티 엘릭서 드 퍼퓸 뿌르 옴므 오 드 퍼퓸,구찌,222000.0,https://cf.bysuco.net/cec2d2e0470531694d3196700f61570d.jpg?w=600,"오렌지 블로썸, 육두구, 피멘토 씨즈","오렌지 블로썸, 오리스, 오스만투스","바닐라, 벤조인, 파츌리, 암브로픽스","바닐라, 화이트 플로랄","바닐린 추출물을 더해 오리지널 에센스를 더욱 돋보이게 하고, 고귀한 감각의 오리스 버터를 첨가하여 따뜻하고 포근한 향을 선사"
10700,https://www.bysuco.com/product/show/10700,롬브르 단 로 솔리드 퍼퓸,딥티크,104000.0,https://cf.bysuco.net/225dbd67e54c8fc496a32725f36b4b31.jpg?w=600,"카시스, 로즈, 블랙 커런트 리프, 블랙 커런트, 베르가못, 앰버그리스, 머스크, 만다린 오렌지",,,"프루티, 그린, 아로마틱",풋풋한 프룻티함과 플로럴 엑센트를 잘 드러낸 고체 향수
10450,https://www.bysuco.com/product/show/10450,몽 파리 루미에르 오 드 뚜왈렛,입생로랑,168000.0,https://cf.bysuco.net/459d4fbfb7286f1906f6f5a2b441cbac.jpg?w=600,"로투스, 레몬","터키쉬 로즈, 다투라, 자스민","화이트 머스크, 페출리","화이트 플로랄, 플로랄, 로즈",밝고 따듯한 사랑의 순간을 표현한 아쿠아틱 플로럴 시프레 향수
31022,https://www.bysuco.com/product/show/31022,씨 오 드 퍼퓸,조르지오 아르마니,210000.0,https://cf.bysuco.net/0c1e8f2d45d8a3cff841df35db37ea94.jpg?w=600,카시스,"5월의 장미, 프리지아","바닐라, 페출리, 우디 노트, 암브록산","우디, 바닐라, 아로마틱",이탈리아의 감각을 담은 시프레
30692,https://www.bysuco.com/product/show/30692,끌로에 루미네즈 오 드 퍼퓸,끌로에,129000.0,https://cf.bysuco.net/ed1b00ec50e5a0120523f397c935cc1e.jpg?w=600,자스민 삼박,로즈,"발사믹 노트, 바닐라, 앰버","바닐라, 화이트 플로랄, 앰버",바닐라와 아름다운 장미를 중심으로 해석된 끌로에
1908018,https://www.bysuco.com/product/show/1908018,베인 앤 나이브 엑스트레 드 퍼퓸,니샤네,330000.0,https://cf.bysuco.net/5a8016563cb29d1344b1f1bcb703aa99.webp?w=600,"베르가못, 오렌지","로즈, 재스민, 시다우드, 자두, 라즈베리","샌달우드, 앰버, 패츌리, 벤조인, 통카빈","프루티, 스위트, 우디",달콤한 꽃과 과일향이 어우러진 로맨틱한 향.
225708,https://www.bysuco.com/product/show/225708,부아 마로케인 오 드 퍼퓸,톰 포드,260000.0,https://cf.bysuco.net/38cde17c417d83f0783a014d138a3553.jpg?w=600,"스파이시, 캐롯 노트, 시나몬, 훼뉴그릭","일랑일랑, 자스민, 로즈","샌달우드, 벤조인, 머스크, 아가우드, 버지니","우디, 스파이시",우드 원료에 집중한 대담한 향
225230,https://www.bysuco.com/product/show/225230,오프레지아 오 드 뚜왈렛,딥티크,275000.0,https://cf.bysuco.net/21cdc142f5b07353f955a33b80d96884.jpg?w=600,"갈바늄, 시클라멘, 로즈우드, 핑크페퍼",,,"플로랄, 프레쉬 스파이시, 우디",향기 넘치는 노르망디 해안의 어느 정원을 연상시키는 향수
225112,https://www.bysuco.com/product/show/225112,쟈도르 롤러 펄 오 드 퍼퓸,디올,94000.0,https://cf.bysuco.net/4f4bc6376980c08286f7dea02fac75da.jpg?w=600,"블러드 오렌지, 핑크 페퍼, 베르가못","튜베로즈, 일랑일랑, 자스민 삼박, 릴리오브더밸리, 로즈",샌달우드,"화이트 플로랄, 튜베로즈, 우디",풍성한 화이트 플로랄의 향기에 우디가 더해진 육감적인 향
30705,https://www.bysuco.com/product/show/30705,아뜰리에 드 플뢰르 히비스커스 아벨모스커스 오 드 퍼퓸,끌로에,210000.0,https://cf.bysuco.net/72ce3963ce568330f79de3a4217f1487.jpg?w=600,히비스커스,,,"플로랄, 프레쉬 스파이시, 머스크",맑고 가벼운 정원의 여왕의 향
22538,https://www.bysuco.com/product/show/22538,플로라 골저스 매그놀리아 오 드 퍼퓸,구찌,142000.0,https://cf.bysuco.net/4c627280d330613ffd06e9aedd3fd056.jpg?w=600,"듀베리, 코코넛","매그놀리아, 자스민 삼박, 클레어리 세이지","머스크, 패츌리, 블론드우드","플로랄, 코코넛",활기차고 빛나며 고귀한 감각을 담은 향인 매그놀리아 향
34369,https://www.bysuco.com/product/show/34369,퓨 데스파냐 오 드 코롱,산타 마리아 노벨라,210000.0,https://cf.bysuco.net/0d88beae319989f53073eac4ac75b577.jpg?w=600,"카네이션, 자스민, 베르가못","산사나무, 버지나아 시더, 네롤리, 바이올렛 리프","자작나무, 시벳","레더, 플로랄, 스모키",스모키하면서도 스파이시한 송진의 향
9472,https://www.bysuco.com/product/show/9472,더 페이버릿 오 드 퍼퓸,펜할리곤스,154000.0,https://cf.bysuco.net/552d0739e296456e2b633a0faa6139de.jpg?w=600,"바이올렛, 프리지아, 만다린 오렌지","미모사, 아이리스, 자스민 삼박","머스크, 샌달우드, 암브록산","파우더리, 플로랄, 바이올렛",영감과 자신감을 불어넣어 줄 향
224900,https://www.bysuco.com/product/show/224900,넘버5 퍼퓸 리필 휴대용 스프레이,샤넬,229000.0,https://cf.bysuco.net/7f67423f394399d6fd0e9458e0c3fe9b.jpg?w=600,"알데하이드, 일랑일랑, 네롤리, 베르가못, 레몬","아이리스, 자스민, 로즈, 이리스 뿌리","시벳, 머스크, 샌달우드, 앰버, 모스, 바닐라, 베티버, 패츌리","파우더리, 우디, 알데하이드","N°5, 여성미의 정수, 시간을 초월한 유서 깊은 알데하이드 플로랄 부케와 최고급 원료에서 탄생한 진귀하고 특별한 향수"
224899,https://www.bysuco.com/product/show/224899,넘버5 퍼퓸 리필,샤넬,173000.0,https://cf.bysuco.net/75e267c3d44f9befeb1c20ca4e03583d.jpg?w=600,"알데하이드, 일랑일랑, 네롤리, 베르가못, 레몬","아이리스, 자스민, 로즈, 이리스 뿌리","시벳, 머스크, 샌달우드, 앰버, 모스, 바닐라, 베티버, 패츌리","파우더리, 우디, 알데하이드","N°5, 여성미의 정수, 시간을 초월한 유서 깊은 알데하이드 플로랄 부케와 최고급 원료에서 탄생한 진귀하고 특별한 향수"
32623,https://www.bysuco.com/product/show/32623,듀로 엑스뜨레 드 퍼퓸,나소마토,247000.0,https://cf.bysuco.net/01d74a66c76386b09046a0e1ac9be5c1.jpg?w=600,"우디 노트, 레더, 스파이시",,,"우디, 레더, 웜 스파이시",남성적인 관능미를 한 병에 담다
3406666,https://www.bysuco.com/product/show/3406666,윈 아무레트 오 드 퍼퓸,에따 리브르 도량쥬,150000.0,https://cf.bysuco.net/253fedc85dc5a03b487d05d35294f81a.jpg?w=600,"핑크 페퍼콘, 카다멈, 네롤리","피치, 아이리스, 파출리","아키갈라우드, 바닐라 앱솔루트","우디, 오우드, 웜 스파이시","매콤한 핑크 페퍼, 빛나는 네롤리, 감각적인 파출리의 최면 혼합물입니다.
   바닐라와 오포포낙스의 따뜻함이 남아 열정과 흥미의 흔적을 남깁니다. 
   예측할 수 없고 잊을 수 없는—사랑의 덧없는 마법을 받아들이는 사람들을 위한 향수입니다."
3405519,https://www.bysuco.com/product/show/3405519,오 드 옴브레 레더 오 드 뚜왈렛,톰 포드,203000.0,https://cf.bysuco.net/bbe8e5c037eb262a7f50850af167f829.jpg?w=600,"카다멈, 진저, 코리안더","바닐라, 레더",암브로픽스,"바닐라, 웜 스파이시, 레더",미국 서부에서 맞이하는 새로운 새벽의 시작을 연상케 하는 향
224989,https://www.bysuco.com/product/show/224989,뿌르 무슈 오 드 뚜왈렛,샤넬,183000.0,https://cf.bysuco.net/20b85a3979559c08371d6a22ac6cbd92.jpg?w=600,시칠리안 레몬 / 페티그레인 / 네롤리,카더멈 / 진저 / 코리안더 / 바질,오크모스 / 베티버 / 시더,"아로마틱, 시트러스, 우디",은근하고 정제된 향의 우아한 조화와 현대적이며 독창적인 노트와 고전적인 남성의 품위가 조화된 향
140977,https://www.bysuco.com/product/show/140977,샹젤리제 오 드 뚜왈렛,겔랑,208000.0,https://cf.bysuco.net/c7a91588d5434c3306767225997c420d.jpg?w=600,"미모사 잎, 로즈 페탈","미모사, 부들레아, 블랙 커런트","아몬드 트리, 우디 노트, 히비스커스 씨앗, 바닐라","플로랄, 옐로우 플로랄, 우디",빛의 도시에서 만난 향기
23778,https://www.bysuco.com/product/show/23778,포트레이트 더 리벤지 오브 레이디 블랑쉬 오 드 퍼퓸,펜할리곤스,448000.0,https://cf.bysuco.net/a4a0a03cad1afb9cc0dd70cf705f5d6b.jpg?w=600,"히아신스, 아이리스 플라워, 나르시소스",,,"그린, 플로랄, 아이리스",우아함의 극치
10481,https://www.bysuco.com/product/show/10481,실버 버치 앤 라벤더 오 드 코롱,조 말론,110000.0,https://cf.bysuco.net/15f77fdf5fc635d6113eb9dd0ab40c11_cvt.webp?w=600,그레이프 프룻,라벤더,"자작나무, 우디 노트","라벤더, 우디, 레더","갓 짜낸 자몽 과즙이 상쾌함을 더해주고, 땅의 우디함을 담은 카리스마 있는 실버 비치와 강렬한 로스티드 오크가 향을 감싸안아 줍니다."
9798,https://www.bysuco.com/product/show/9798,자낫 오 드 퍼퓸,메모,390000.0,https://cf.bysuco.net/6ce339b19239e1aa6636812d50479bce_cvt.webp?w=600,"네롤리, 페티그레인, 베르가못, 아말피 레몬, 푸루메리아, 만다린 오렌지, 머스크, 클라리 세이지, 리아트리스, 통카 빈",,,"시트러스, 아로마틱, 플로랄",열대 우림 속 파라다이스를 느낄 수 있는 향
9760,https://www.bysuco.com/product/show/9760,씨 패션 오 드 퍼퓸,조르지오 아르마니,145000.0,https://cf.bysuco.net/b1c45ae3979471cd748de270310e59c2.jpg?w=600,"페어, 블랙 커런트, 핑크 페퍼, 그레이프 프룻","파인애플, 로즈, 자스민, 헬리오트로프","바닐라 시더, 앰버우드, 페출리","프루티, 스위트, 우디","생동감 넘치는 풍부한 플로럴 및 프루티 향으로, 부드럽고 매력적인 향"
3405855,https://www.bysuco.com/product/show/3405855,호프 오 드 퍼퓸,프레데릭 말,300000.0,https://cf.bysuco.net/1035826029c1dc1a7cc4748526766047.webp?w=600,"주니퍼, 핑크 페퍼.","우드, 스모크, 베티버.","레더, 앰버","스모키, 오우드, 아로마틱","HOPE는 연기 향, 베티버, 매운 향이 풍부한 우아한 우드 향수입니다."
22692,https://www.bysuco.com/product/show/22692,아쿠아 알레고리아 플로라블룸 오 드 뚜왈렛,겔랑,189000.0,https://cf.bysuco.net/f251876dd5416f5dd17052411f559939.jpg?w=600,"망고, 베르가못, 라임","튜베로즈, 로즈, 아이리스, 바이올렛","코코넛, 머스크, 샌달우드","튜베로즈, 트로피칼, 화이트 플로랄",플로라블룸은 폭우가 내린 후 사막에 활짝 피어난 수많은 꽃들의 모습에서 영감을 받아 무지갯빛 부케의 다채로운 매력을 유쾌하게 펼쳐내는 플로럴 향수
3406306,https://www.bysuco.com/product/show/3406306,그레이프프루트 오 드 코롱,조 말론,110000.0,https://cf.bysuco.net/2838670539f57d129d7574171571947e.webp?w=600,그레이프프루트,로즈마리,모스,"시트러스, 아로마틱, 프레쉬 스파이","스페인 해안의 수많은 자몽 과수원. 자몽의 밝고 명랑한 느낌에 로즈마리, 페퍼민트, 피멘토의 톡 쏘는 향"
224963,https://www.bysuco.com/product/show/224963,샹스 오 드 뚜왈렛,샤넬,106000.0,https://cf.bysuco.net/6f416dbb7ea61eaafc11bc01c7a5206c.jpg?w=600,"패출리, 핑크 페퍼, 파인애플, 히아신스, 아이리스","레몬, 자스민, 로즈","패출리, 머스크, 베티버, 바닐라","패출리, 우디, 스위트",예측할 수 없는 샤넬의 플로랄 향수
33577,https://www.bysuco.com/product/show/33577,미모사 앤 카다멈 오 드 코롱,조 말론,239000.0,https://cf.bysuco.net/ab7561ae894e8e3cfad5e1dabf3d1f54.jpg?w=600,카다멈,미모사,통카 빈,"옐로우 플로랄, 웜 스파이시, 파우더리",골드빛 미모사의 달콤한 향이 이제 막 으깬 카다멈의 스파이시함 위로 안개처럼 피어 오르는 향
3406550,https://www.bysuco.com/product/show/3406550,312 생또노레 오 드 퍼퓸,비디케이,89000.0,https://cf.bysuco.net/35f83141771e62ecc727f5fabe7606b1.jpg?w=600,"핑크 페퍼, 안젤리카 루트","오렌지 블라썸, 아이리스, 통카 빈","화이트 머스크, 암브록산, 오우드 우드, 앰브로스타","머스크, 앰버, 파우더리",파리 312 생또노레 거리를 연상케 하는 섬세하고 매혹적인 향
693932,https://www.bysuco.com/product/show/693932,씨 오 드 퍼퓸,조르지오 아르마니,195000.0,https://cf.bysuco.net/a8fdae2794b710349b2b62eebdd79684.jpg?w=600,블랙커런트,"메이 로즈, 프리지아","바닐라, 패츌리, 우디 노트, 암브록산","우디, 바닐라, 아로마틱",세련되고 관능적인 현대 시프르 향수
22765,https://www.bysuco.com/product/show/22765,잉글리쉬 오크 앤 헤이즐넛 오 드 코롱,조 말론,110000.0,https://cf.bysuco.net/554ff96b904521ae0a6f80c14ebcd389.jpg?w=600,헤이즐넛,시더,오크,"우디, 너티",흙내음과 녹색이 어우러진 고혹적인 향
694140,https://www.bysuco.com/product/show/694140,엘르 오 드 퍼퓸,입생로랑,261000.0,https://cf.bysuco.net/b34ce08cfcef3b2f24239fc12bc20c44.jpg?w=600,"리치, 피오니, 아말피 레몬","핑크 페퍼, 로즈, 자스민, 프리지아","패츌리, 베티버, 시더, 암브레트","우디, 플로랄, 패츌리",상쾌하면서도 여성스러운 플로럴 우디 머스크 향수
23370,https://www.bysuco.com/product/show/23370,엉브레 오 드 퍼퓸,나르시소 로드리게즈,137000.0,https://cf.bysuco.net/1e10ef22c35c5426c2ca941c9d9a1bc9.jpg?w=600,"푸루메리아, 일랑일랑, 화이트 플로랄","머스크, 앰버","캐쉬미란, 바닐라, 시더","머스크, 파우더리, 플로랄",사막에 드리운 황금빛 태양의 신비롭고 우아한 유혹과 같은 향기입니다.
22331,https://www.bysuco.com/product/show/22331,도손 솔리드 퍼퓸,딥티크,104000.0,https://cf.bysuco.net/3bb8dcf1998116929160e94178ae5023.jpg?w=600,"튜베로즈, 오렌지 리프, 머스크, 핑크 페퍼",,,"튜베로즈, 화이트 플로랄, 머스크",미풍에 실려오는 튜베로즈의 향기
9902,https://www.bysuco.com/product/show/9902,길티 블랙 포 힘 오 드 뚜왈렛,구찌,118000.0,https://cf.bysuco.net/d6090b8ec68c0972c5fe7991ec6287ff_cvt.webp?w=600,"라벤더, 그린 코리안더","그린 노트, 오렌지 블라썸, 네롤리","시더, 페출리","그린, 아로마틱, 라벤더",당당하고 활기찬 젊음과 다이나믹한 관능미를 표현한다.
9362,https://www.bysuco.com/product/show/9362,아미리스 옴므 오 드 뚜왈렛,메종 프란시스 커정,339000.0,https://cf.bysuco.net/f7344d4b6d6aebe4b0e4d1a810ba0c3d.jpg?w=600,"시칠리안 만다린, 로즈마리","아미리스, 아이리스, 밀크 초콜렛, 코코넛, 커피","통카 빈, 아가우드","아로마틱, 우디, 시트러스",신선한 날에 소나무 밑에 서 있는 것 같은 느낌이 드는 향
3405863,https://www.bysuco.com/product/show/3405863,아폼 오 드 퍼퓸,메종 프란시스 커정,220000.0,https://cf.bysuco.net/31c3b9574a3c9b912a53e7db4e07f49e.webp?w=600,"오렌지 블로썸, 화이트 머스크, 일랑일랑, 라벤더, 엠버, 바닐라.",,,"화이트 플로랄, 스위트, 머스",강렬하고 빛나며 관능적인 앰버릴 플로럴 향수입니다.
3405601,https://www.bysuco.com/product/show/3405601,옴브레 레더 퍼퓸,톰 포드,96000.0,https://cf.bysuco.net/0d771990ce22c2e43f3ecb2384432013.jpg?w=600,"바이올렛 잎, 시더","자스민 삼박, 이리스","레더, 우디 노트, 타바코","레더, 우디, 오조닉","블랙 레더와 바이올렛 잎, 그리고 청초 느낌의 감각적인 시더우드가 조화를 이루는 향수"
693912,https://www.bysuco.com/product/show/693912,시트러스 비가라드 오 드 퍼퓸,크리드,420000.0,https://cf.bysuco.net/1c7811cab03a5b156126857c33128201.jpg?w=600,"페티그레인, 이탈리안 레몬","이탈리안 만다린, 화이트 페퍼","아이티언 베티버, 진저, 민트","시트러스, 아로마틱, 그린",따뜻한 지중해의 햇살을 받아 어둠속에서 반짝이는 칵테일을 연상하게 하는 향
9634,https://www.bysuco.com/product/show/9634,오 소바쥬 오 드 뚜왈렛,디올,138000.0,https://cf.bysuco.net/03fd3c7ac28e28117889337cbbf129c8.jpg?w=600,"레몬, 베르가못, 바질, 로즈마리, 카라웨이, 프루티","자스민, 코리안더, 카네이션, 패출리, 오리스 루트, 샌달우드, 로즈, 라벤더, 헤디온","오크모스, 베티버, 머스크, 앰버","시트러스, 화이트 플로랄",강렬한 에너지와 벨벳처럼 은은한 플로랄 그리고 시프레 잔향이 완벽한 조화를 이루는 향
33564,https://www.bysuco.com/product/show/33564,쥬르 데르메스 압솔뤼 오 드 퍼퓸,에르메스,145000.0,https://cf.bysuco.net/05be41d8db5590289166972c41cb5cf3.jpg?w=600,"그레이프 프룻, 아프리콧 블라썸","가데니아, 플로랄 노트, 자스민 삼박","우디 노트, 오크모스","플로랄, 화이트 플로랄, 시트러스",오직 꽃으로만 표현한 여성성의 본질
22486,https://www.bysuco.com/product/show/22486,랑떼르디 오 드 뚜왈렛,지방시,176000.0,https://cf.bysuco.net/9c045555536d6f08b7aac3b4b4406f68.jpg?w=600,"오렌지 블라썸, 튜베로즈","비터 오렌지, 머스크","패츌리, 베티버","시트러스, 화이트 플로랄, 튜베로즈",관능적인 매력의 플로랄 우디 머스키 향
21130,https://www.bysuco.com/product/show/21130,피오니 앤 블러시 스웨이드 오 드 코롱 선물패키지,조 말론,239000.0,https://cf.bysuco.net/2963aac5601ca83be45e2908a3b0aa63.jpg?w=600,레드 애플,"피오니, 로즈, 카네이션, 자스민",스웨이드,"플로랄, 로즈, 프레쉬",작약이 선사하는 부드럽고 여리한 이미지 연출
3406289,https://www.bysuco.com/product/show/3406289,팔라틴 오 드 퍼퓸,퍼퓸 드 말리,450000.0,https://cf.bysuco.net/5a1c7d27304e78138f8ac112bf9ec1c2.jpg?w=600,"페어, 베르가못, 만다린","바이올렛, 플로럴 부케, 라벤더","머스크, 샌달우드, 바닐라, 패춀리","파우더리, 바이올렛, 머스크",18세기 프랑스 왕실에서 가장 개성넘치고 독창적인 캐릭터로 기록된 팔라틴 공주를 모티브로 제작된 향수로 대담함과 자유로움을 표현
694105,https://www.bysuco.com/product/show/694105,루나 로사 카본 오 드 뚜왈렛,프라다,145000.0,https://cf.bysuco.net/d90ee837ad6405fb3a1c53a1c3ab7d55.jpg?w=600,"베르가못, 페퍼","라벤더, 메탈릭 노트, 석탄, 워터리 노트, 소일 팅처","암브록산, 페출리","프레쉬 스파이시, 앰버, 라벤더",지구와 자연에 집중하되 금속을 터치할 때 느껴지는 프레쉬한 미네럴 향이 마치 산업 혁명처럼 신선하게 다가오는 느낌
225107,https://www.bysuco.com/product/show/225107,퓨어 쁘와종 오 드 퍼퓸,디올,128000.0,https://cf.bysuco.net/826d2a3a5ebf89f0a5117a87cbf1951c.jpg?w=600,"자스민, 오렌지, 베르가못, 시칠리안 만다린","가데니아, 오렌지 블라썸","샌달우드, 화이트 앰버, 시더, 화이트 머스크","화이트 플로랄, 시트러스, 우디",섬세하고 현대적인 분위기의 매혹적인 향
96924,https://www.bysuco.com/product/show/96924,오 드 프리베이트 컬렉션 오 드 퍼퓸,에스티 로더,185000.0,https://cf.bysuco.net/b9b3723dee476f73fd77359e7a8a84b9_cvt.webp?w=600,"시트러스, 허니써클, 자스민","오렌지 블라섬, 일랑일랑, 코리앤더","패출리, 샌달우드","화이트 플로랄, 시트러스, 우디",에스티로더 본인만을 위해 제작한 향수
9450,https://www.bysuco.com/product/show/9450,아니말리크 오 드 퍼퓸,바이레도,280000.0,https://cf.bysuco.net/a3752db81b313828c95f7d55932a222b.jpg?w=600,"베르가못, 레몬","바이올렛, 미모사","스웨이드, 타바코 리프, 앰버","파우더리, 레더, 바이올렛","플로랄향과 스웨이드, 앰버가 표현하는 관능적이면서 신비로운 분위기"
694005,https://www.bysuco.com/product/show/694005,오 데 랑콤 오 드 뚜왈렛,랑콤,162000.0,https://cf.bysuco.net/0ffae5a5b4f54963c80609d788d5f383.jpg?w=600,"레못, 베르가못, 만다린 오렌지, 허니서클","바질, 로즈마리, 코리안더, 자스민","오크모스, 베티버, 샌달우드","시트러스, 아로마틱, 프레쉬 스파이시",
141215,https://www.bysuco.com/product/show/141215,길티 엘릭서 드 퍼퓸 뿌르 팜므 오 드 퍼퓸,구찌,263000.0,https://cf.bysuco.net/ef70925ceadb02a34af3152bd0fe4133.jpg?w=600,"바이올렛, 만도라, 베르가못","위스테리아, 오스만투스, 로즈","통카빈, 파츌리, 바닐라","플로랄, 바닐라","세련된 위스테리아 어코드와 과일 향이 나는 만도라가 매혹적인 바닐라 앱솔루트와
통카 빈과 완벽하게 어우러지는 향"
96929,https://www.bysuco.com/product/show/96929,플레저 오 드 퍼퓸,에스티 로더,85000.0,https://cf.bysuco.net/bf8b36156be6c91936a5373c616eef24_cvt.webp?w=600,"그린 노트, 프리지아, 핑크페퍼, 바이올렛, 바이올렛 리프","릴리 오브 더 맬리, 피오니, 라일락, 릴리, 로즈, 자스민, 제라늄","머스크, 시더, 샌달우드, 패출리","플로랄, 화이트 플로랄, 프레쉬",프레쉬한 화이트 플로랄이 선사하는 상쾌한 향
22697,https://www.bysuco.com/product/show/22697,아쿠아 알레고리아 그라나다 살비아 오 드 뚜왈렛,겔랑,169000.0,https://cf.bysuco.net/3e733a41a359e7587c51c887c83bb443.jpg?w=600,"블랙 커런트, 레몬, 베르가못","석류, 세이지, 로즈, 시프레","화이트 머스크, 모스, 페출리","우디, 아로마틱, 프루티","블랙커런트, 사이프러스, 레몬, 베르가못 노트의 신선함이 느껴지는 감미로운 석류 어코드와 화이트 머스크, 모스, 패츌리 위에 펼쳐지는 우아한 세이지와 장미향이 조화롭게 어우러집니다."
3406333,https://www.bysuco.com/product/show/3406333,312 생또노레 오 드 퍼퓸,비디케이,339000.0,https://cf.bysuco.net/b1741bccfec788c2b0064902e0be538c.jpg?w=600,"핑크 페퍼, 안젤리카 루트","오렌지 블라썸, 아이리스, 통카 빈","화이트 머스크, 암브록산, 오우드 우드, 앰브로스타","머스크, 앰버, 파우더리",파리 312 생또노레 거리를 연상케 하는 섬세하고 매혹적인 향
3405265,https://www.bysuco.com/product/show/3405265,오드 투 덜니스 오 드 퍼퓸,줄리엣 헤즈 어 건,169000.0,https://cf.bysuco.net/e582b84e2dc98f82306a4245a00971c0.jpg?w=600,"캐시미어우드, 샌달우드, 스타아니스, 통카빈",,,"우디, 아니스, 소프트 스파이시",비오는 날 이불 속 포근하고 깨끗한 느낌을 가진 향수
2389801,https://www.bysuco.com/product/show/2389801,유스 듀 오 드 퍼퓸,에스티 로더,154000.0,https://cf.bysuco.net/4148d42f7a3c7666ed006e5e8846bd1c_cvt.webp?w=600,"로즈, 나르시소스, 라벤더","스파이스 노트, 릴리 오브 더 밸리, 자스민","모스, 베티버, 패출리","화이트 플로랄, 얼씨, 우디",향수 대중화를 일으킨 역사적이고 기념비적인 화이트 플로랄의 향
33573,https://www.bysuco.com/product/show/33573,허니서클 앤 다바나 오 드 코롱,조 말론,239000.0,https://cf.bysuco.net/459593d09b118407d52506f22d1f6e46.jpg?w=600,다바나,"허니서클, 로즈",모스,"화이트 플로랄, 아로마틱, 프루티",햇살의 따뜻함이 드리워진 정원의 향
30695,https://www.bysuco.com/product/show/30695,끌로에 시그니처 나츄렐 인텐스 오 드 퍼퓸,끌로에,191000.0,https://cf.bysuco.net/58d47ea83ec6184a970c58032e082b9b.jpg?w=600,"시트론, 블랙 커런트","로즈, 네롤리","미모사, 시더","로즈, 시트러스, 플로랄",100% 천연 유래 향료를 사용한 향
3406970,https://www.bysuco.com/product/show/3406970,올드 패션드 오 드 퍼퓸,킬리안,85000.0,https://cf.bysuco.net/9c25d404346e9fd8094685dd7e083855.jpg?w=600,"위트, 다바나","부조화, 시더우","톨루 발삼, 시도니 랑쎄서","앰버, 웜 스파이시, 스위트",킬리안 헤네시가 재해석한 최고의 스코틀랜드 전통 싱글몰트 위스키 향.
225143,https://www.bysuco.com/product/show/225143,듄 뿌르 옴므 오 드 뚜왈렛,디올,188000.0,https://cf.bysuco.net/2e1bb0c4f52a48920e7dbe93660a120a.jpg?w=600,"무화과 나뭇잎, 카시스, 세이지, 바질","무화과 나무 껍질, 로즈, 미뇨레뜨","샌달우드, 시더, 통카빈, 바닐라","우디, 그린, 아로마",시원한 바람이 부는 해안가로 떠난 듯한 기분을 느끼게 하는 조화로운 향
224909,https://www.bysuco.com/product/show/224909,넘버5 오 드 뚜왈렛 리필,샤넬,166000.0,https://cf.bysuco.net/d89884833f743808273fae269c10a49a.jpg?w=600,"알데하이드, 일랑일랑, 네롤리, 아말피 레몬, 베르가못","아이리스, 자스민, 로즈, 오리스 루트, 릴리오브더밸리","시벳, 샌달우드, 머스크, 오크모스, 베티버, 앰버, 바닐라, 패출리","우디, 파우더리, 알데하이드",우아하고 매혹적이면서 모던한 향수
24612,https://www.bysuco.com/product/show/24612,티파니 앤 러브 포 힘 오 드 뚜왈렛,티파니앤코,175000.0,https://cf.bysuco.net/2fd9f022f241cd34c5ddd4213773d20d.jpg?w=600,"만다린 오렌지, 진저, 카다멈","시프레, 주니퍼","베티버, 세쿼이아, 샌달우드","우디, 웜 스파이시, 아로마틱",모던한 사랑에 바치는 헌사
3405263,https://www.bysuco.com/product/show/3405263,줄리엣 오 드 퍼퓸,줄리엣 헤즈 어 건,195000.0,https://cf.bysuco.net/613a6a3dfe866378eb6b632b1b081994.jpg?w=600,"샤워 체리, 핑크 페퍼",자스민,"캐시머란, 통카빈","화이트 플로랄, 스위트, 체리",다크체리의 플로럴함이지만 결코 가볍지 않은 매혹적인 향입니다.
23239,https://www.bysuco.com/product/show/23239,카나비스 퍼퓸 오일,멜린앤게츠,53000.0,https://cf.bysuco.net/17c3b8ca36b8757597e6b6cf67dbaf41.jpg?w=600,"페퍼, 무화과","레몬, 오렌지","페출리, 샌달우드","시트러스, 페출리, 우디",나른한 오후와 오래도록 머무르는 연기를 떠올리게 하는 풍부한 흙내음을 담은 향.
22686,https://www.bysuco.com/product/show/22686,몽 겔랑 오 드 퍼퓸,겔랑,245000.0,https://cf.bysuco.net/99570957549bc87c420b1948d07f7d32.jpg?w=600,"라벤더, 베르가못","아이리스, 자스민 삼박, 로즈","타이티안 바닐라, 쿠마린, 호주산 샌달우드, 리코리스, 벤조인, 페출리","바닐라, 라벤더, 우디","보이지 않는 나만의 문신 같은, 나의 향기"
225078,https://www.bysuco.com/product/show/225078,바이킹 오 드 퍼퓸,크리드,430000.0,https://cf.bysuco.net/90f918362445339507cec226e4993553.jpg?w=600,"핑크 페퍼, 페퍼민트, 베르가못, 레몬, 오렌지, 압생트","라벤더, 불가리안 로즈, . 클로브, 올스파이스, 오리스 버터, 자스민","베티버, 시더, 화이트 머스크, 통카 빈","아로마틱, 프레쉬 스파이시, 그린",시트러스 향이 로즈 오일과 만나 겹겹히 층을 이루어 불타는 듯한 느낌을 선사하는 남성적인 향
9900,https://www.bysuco.com/product/show/9900,코스타 아주라 퍼퓸,톰 포드,405000.0,https://cf.bysuco.net/25cc1c3e6b78be6bbaa83c6d5ec8a935.jpg?w=600,이탈리안 레몬,"시프레, 오크","앰버, 랍다넘","우디, 아로마틱, 앰버",눈부신 시스투스 앱솔루트와 앰버가 조화를 이루는 향
3406016,https://www.bysuco.com/product/show/3406016,루아 퍼퓸,제르조프,340000.0,https://cf.bysuco.net/7e1a2dee599cf2f74a561b0054a0ef5a.jpg?w=600,"메론, 오렌지, 베르가못","아이리스, 로즈, 릴리 오브 더 배리, 핑크 페퍼","머스크, 바닐라, 패춀리, 시더","파우더리, 시트러스, 머스크",신선함과 프루티함이 매력적인 플로럴 프루티 퍼퓸
224882,https://www.bysuco.com/product/show/224882,일레븐스 아워 오 드 퍼퓸,바이레도,280000.0,https://cf.bysuco.net/d124d11c447216353105df8b6bf4c045.jpg?w=600,"베르가못, 반 팀무르","럼, 당근, 무화과","통카 빈, 캐시미어 우드","우디, 프루티, 프레쉬 스파이시",향신료와 무화과잎이 럼에 적셔져 모험을 선사하는 오리엔탈 향
3405612,https://www.bysuco.com/product/show/3405612,로즈 프릭 오 드 퍼퓸,톰 포드,139000.0,https://cf.bysuco.net/cf89190f6914b8cb7fdee6a15210b9e5.jpg?w=600,"사천 페퍼, 터메릭","5월의 장미, 불가리안 로즈, 터키쉬 로즈","페출리, 통카 빈","로즈, 웜 스파이시, 패츌리",대조적인 장미향의 매력을 보여주는 향
694126,https://www.bysuco.com/product/show/694126,블랙 오피움 르 퍼퓸,입생로랑,162000.0,https://cf.bysuco.net/4033cfa136f8a3b4e85fbfab149000db.jpg?w=600,"시나몬, 페퍼, 그린 만다린","솔라 노트, 자스민 삼박, 오렌지 블로썸","바닐라 앱솔루트, 커피, 패츌리, 바닐라 오키드","바닐라, 웜 스파이시, 커피",끝없는 밤을 찾는 여성을 위한 독특하고 바람직한 대담한 플로럴 향수
693935,https://www.bysuco.com/product/show/693935,씨 오 드 퍼퓸 인텐스,조르지오 아르마니,155000.0,https://cf.bysuco.net/87956a99491d13552676f1df5ee55542.jpg?w=600,블랙 커런트,"메이 로즈, 다바나","브루본 바닐라, 바닐라, 블랙 티","바닐라, 프루티, 로즈",벨벳 같은 따뜻함을 선사하여 지속적인 인상을 남기는 향수
225459,https://www.bysuco.com/product/show/225459,통카 25 오 드 퍼퓸,르 라보,138000.0,https://cf.bysuco.net/d2f5e8a872eaeb973d260b8bc589e369.jpg?w=600,"머스트, 아틀라스 시더, 통카 빈, 오렌지 블라썸, 때죽나무, 바닐라",,,"우디, 머스크, 바닐라",어두운 매력을 지닌 향
97160,https://www.bysuco.com/product/show/97160,뀌르 모레스크 오 드 퍼퓸,세르주 루텐,505000.0,https://cf.bysuco.net/8a5f23c4cbc4cceb43c9f15b8fdacd9b.jpg?w=600,"레더리, 스모키, 앰버, 스파이시 노트",,,"앰버, 웜 스파이시",Serge Lutens의 Gratte-ciel 컬렉션에 포함된 세련되고 동물적이며 관능적인 향수입니다.
30721,https://www.bysuco.com/product/show/30721,아뜰리에 데 플뢰르 나르시서스 포이티쿠스 오 드 퍼퓸,끌로에,239000.0,https://cf.bysuco.net/15ad8ad4b30a1a7787fc3a96fe3ccc2a.jpg?w=600,나르시소스,,,"옐로우 플로랄, 그린, 아로마틱",신선하고 약간은 파우더리한 나르시서스 포이티쿠스는 봄날의 기쁨을 담은 즐거운 추억을 떠오르게하는 향수
23777,https://www.bysuco.com/product/show/23777,포트레이트 머치 아도 어바웃 더 듀크 오 드 퍼퓸,펜할리곤스,448000.0,https://cf.bysuco.net/0f4cd3dcb297ae7ed272d53ad6559409.jpg?w=600,"로즈, 페퍼, 진, 우디 노트, 레더",,,"우디, 로즈, 프레쉬 스파이시",잉글랜드인들의 정신과 유머를 담은 향
3407265,https://www.bysuco.com/product/show/3407265,베티베르 파탈 코롱 압솔뤼 오 드 퍼퓸,아틀리에 코롱,148000.0,https://cf.bysuco.net/3be2659c9283fdf0782c74f01888ea0d.jpg?w=600,"칼라브리안 베르가못, 비터 오렌지, 시칠리안 레몬, 튀니지안 오렌지 블로썸, 플럼, 바이올렛 리프, 아이티산 베티버, 시더우드, 아가우드",,,"시트러스, 우디, 아로마틱",베티베르는 베르가모테와 오랑주 꽃에 의해 길들여져 호기심을 불러일으키는 향기의 시원하고 매력적인 해석에 신비를 가져다 주는 부드러운 숲이 우거진 항해를 제공합니다.
1908014,https://www.bysuco.com/product/show/1908014,에게 엑스트레 드 퍼퓸,니샤네,330000.0,https://cf.bysuco.net/d7e0383de1e12b3dfebe66851fcd8e81.webp?w=600,"유자, 제비꽃 잎, 아니스","바질, 녹색 카다멈, 민트","올리바넘, 감초","그린, 프레쉬 스파이시, 아로마틱",아로마틱과 시원함이 담긴 프레쉬 향.
225438,https://www.bysuco.com/product/show/225438,스모킹 핫 오 드 퍼퓸 리필,킬리안,580000.0,https://cf.bysuco.net/9879e7303277cfe209ca9eb2f0dd28c3.jpg?w=600,"애플, 스모크, 시나몬","토바코, 모스","버번 바닐라, 오르카녹스","토바코, 프루티, 바닐라",코냑의 오크 그리고 애플 타바코의 세련된 조화
30315,https://www.bysuco.com/product/show/30315,산달로 오 드 퍼퓸,아쿠아 디 파르마,425000.0,https://cf.bysuco.net/9e32350ff56f85b0f4dc1d88f4cafa14.jpg?w=600,"칼라브리안 베르가못, 오렌지, 레몬, 페티그레인","라벤더, 카다멈","샌달우드, 통카빈, 앰버","시트러스, 아로마틱",샌달우드의 크리미한 향과 감귤의 고급진 조화로 세련되면서 화려한 이미지 연출
3407114,https://www.bysuco.com/product/show/3407114,라이트 블루 오 드 뚜왈렛,돌체앤가바나,114000.0,https://cf.bysuco.net/714561eb8e07ab35cf2488af96c45248.jpg?w=600,"시칠리안 레몬, 그래니 스미스 사과, 시더우드, 벨플라워","뱀부, 자스민, 로즈","시더우드, 머스크, 앰버","시트러스, 프루티, 프레쉬",아크네 스튜디오의 머플러의 색감과 텍스쳐를 닮은 포근하고 달콤한 향
694123,https://www.bysuco.com/product/show/694123,블랙 오피움 익스트림 오 드 퍼퓸,입생로랑,147000.0,https://cf.bysuco.net/804eee15da869ba1312be716011a04a6.jpg?w=600,"커피, 카카오","자스민 삼박, 오렌지 블라썸","부르본 바닐라, 패츌리","웜 스파이시, 커피, 카카오",날카롭고 대담한 여성에서 영감을 받은 매혹적인 향수
694100,https://www.bysuco.com/product/show/694100,루나 로사 오션 오 드 뚜왈렛,프라다,195000.0,https://cf.bysuco.net/d185782617ef4f02e4baf59063b77695.jpg?w=600,"베르가못, 핑크 페퍼, 아르테미시아","아이리스 노트, 라벤더, 샤프란 조화","베티베르, 머스크, 패리","아로마틱, 머스크, 라벤더",활기 넘치는 라벤더와 세이지가 매력적인 시트러스와 만나 선사하는 상큼하고 청명한 향
33040,https://www.bysuco.com/product/show/33040,미우 미우 오 드 퍼퓸,미우미우,200000.0,https://cf.bysuco.net/648bbb24d021176c1e8050294a58f3f9.jpg?w=600,"릴리 오브 더 밸리, 베르가못, 레몬","그린 노트, 로즈, 자스민, 블랙커런트, 피치","아키갈라우드, 화이트 머스크","화이트 플로랄, 그린",은방울 꽃의 선사하는 우아하고 관능적인 향
20842,https://www.bysuco.com/product/show/20842,패출리 24 오 드 퍼퓸,르 라보,310000.0,https://cf.bysuco.net/9fe1dc3a9c724a208b5140263be5d52e.jpg?w=600,페출리,"자작나무, 때죽나무",바닐라,"레더, 우디, 앰버",자작나무의 스모키한 향과 센슈얼한 바닐라 향이 어우러진 개성 넘치는 향
10416,https://www.bysuco.com/product/show/10416,피오니 앤 블러시 스웨이드 오 드 코롱 선물패키지,조 말론,110000.0,https://cf.bysuco.net/34305b67cd406e916c5fc31e0812b59b.jpg?w=600,레드 애플,"피오니, 로즈, 카네이션, 자스민",스웨이드,"플로랄, 로즈, 프레쉬",작약이 선사하는 부드럽고 여리한 이미지 연출
693997,https://www.bysuco.com/product/show/693997,이돌 넥타 오 드 퍼퓸,랑콤,178000.0,https://cf.bysuco.net/1525043f426d92d7e900475731c5f2a2.jpg?w=600,"솔트, 로즈, 베르가못","로즈, 자스민","비번 바닐라, 솔트, 머스크, 헬리오트로프","바닐라, 로즈, 솔티",태양이 내리쬐는 꽃향과 바닐라 향
693996,https://www.bysuco.com/product/show/693996,이돌 넥타 오 드 퍼퓸,랑콤,117000.0,https://cf.bysuco.net/4a323f186beed82b03e8f349e59ccf03.jpg?w=600,"그라스 로즈, 로즈, 터키쉬 로즈","카라멜, 팝콘",바닐라,"로즈, 바닐라, 카라멜",장미 꽃다발과 달콤한 팝콘의 맛을 결합된 독특하고 아방가르드한 향
97114,https://www.bysuco.com/product/show/97114,람브르 드 메르베이 오 드 퍼퓸,에르메스,200000.0,https://cf.bysuco.net/8e57e815f0d89bce1e1251faee315e53.jpg?w=600,"앰버, 바닐라, 랍다넘, 페출",,,"앰버, 바닐라, 우디",엠버의 따듯하고 감각적인 향
3406344,https://www.bysuco.com/product/show/3406344,타박 로즈 오 드 퍼퓸,비디케이,349000.0,https://cf.bysuco.net/19adb53ca5d4162a368766e6bb0d3ccd.jpg?w=600,"플럼, 핑크 페퍼, 이탈리안 레몬","터키쉬 로즈, 초콜릿, 시나몬","타바코, 인도네시안 패촐리 리프, 스페인 라다넘","스위트, 로즈, 웜 스파이시",타바코가 어우러진 부드러우면서 강력한 로즈향
3406010,https://www.bysuco.com/product/show/3406010,오페라 오 드 퍼퓸,제르조프,320000.0,https://cf.bysuco.net/ca5b0c4099415519f64e2a541455c01c.jpg?w=600,"프루티스, 터키쉬 로즈","일랑일랑, 넛맥, 레더, 앰버","바닐라, 패춀리, 머스크, 버지니아 시더, 아이티산 베티버","우디, 스위트, 프루티",플로럴 향과 스모키한 우디향을 화사하게 표현한 플로럴 우디 향수
20822,https://www.bysuco.com/product/show/20822,잉글리쉬 페어 앤 스윗 피 오 드 코롱 스페셜 에디션,조 말론,110000.0,https://cf.bysuco.net/6922f504a435cc558e65c07afc3b4de7_cvt.webp?w=600,윌리엄 페어,스위트피,화이트 머스크,"플로랄, 머스크, 스위트",햇살이 따스하게 내리쬐는 과수원에서 무르익기 직전의 매혹적인 배가 가지에 가득 달려 생기를 불어넣는 향
3405600,https://www.bysuco.com/product/show/3405600,블랙 오키드 오 드 퍼퓸,톰 포드,77000.0,https://cf.bysuco.net/f47894d3ebcc529c1551bf5e95da049e.jpg?w=600,"트러플, 가데니아, 블랙 커런트, 일랑일랑, 자스민, 베르가못, 만다린 오렌지, 아말피 레몬","오키드, 스파이시, 가데니아, 프루티 노트, 일랑일랑","멕시칸 초콜렛, 페출리, 바닐라, 인센스, 앰버","웜 스파이시, 얼시, 우디",어두운 향이 짙게 잘 어우러진 고급스러우며 감각적인 향수
225081,https://www.bysuco.com/product/show/225081,디오렐라 오 드 뚜왈렛,디올,228000.0,https://cf.bysuco.net/68525759b553ee8b6b0af6ed2806876b.jpg?w=600,일랑일랑,은방울꽃,자스민,"화이트 플로랄, 프레쉬, 그린",매콤한 상큼함과 자연스러운 매력으로 허니서클 어코드와 베티버가 결합된 시칠리아 레몬 향의 현대적인 향수
140963,https://www.bysuco.com/product/show/140963,몽 겔랑 오 드 퍼퓸 인텐스,겔랑,138000.0,https://cf.bysuco.net/533dfb2307bf0964b09d352ef6c3de31.jpg?w=600,"라벤더, 만다린 오렌지, 베르가못","타히티안 바닐라, 마다가스카르 바닐라, 아이리스, 로즈, 자스민 삼박","쿠마린, 페출리, 리코리쉬, 벤조인, 오스트레일리아 샌달우드, 화이트 머스크","바닐라, 우디, 라벤더",독특하고 감각적인 우디 앰버
97131,https://www.bysuco.com/product/show/97131,라 휠레 뚜르 드 뻬르 오 드 퍼퓸,세르주 루텐,229000.0,https://cf.bysuco.net/33a8df12481bdf5382ce5716249d7a13.jpg?w=600,"터키쉬 로즈, 불가리안 로즈, 아이리스, 핑크 페퍼",,,"로즈, 아이리스, 플로랄",파리 여성의 정신을 받아들여 현대 여성성의 시크하고 대담한 본성을 구현한 향
24604,https://www.bysuco.com/product/show/24604,로즈 골드 인텐스 오 드 퍼퓸,티파니앤코,183000.0,https://cf.bysuco.net/ddfa77eb5de012e8ee95c03ba8857d78.jpg?w=600,"프루티 노트, 핑크 페퍼, 시트러스","터키쉬 로즈 오일, 이리스, 오렌지 블라썸, 자스민 삼박","페출리, 슈가, 우디 노트, 시 노트","스위트, 프루티, 우디",로즈 골드 오 드 퍼퓸 포 우먼의 핵심 정체성을 유지하면서 더욱 깊고 풍부한 감각적인 경험을 위해 그 스토리를 진화시킨 향
693955,https://www.bysuco.com/product/show/693955,아르마니 코드 팜므 오 드 퍼퓸,조르지오 아르마니,147000.0,https://cf.bysuco.net/e8422a997f1585dc1b2e21e3a7db415b.jpg?w=600,"비터 오렌지, 진저, 배","오렌지 블로썸, 커피, 자스민 삼박","바닐라 빈, 열대 나무","화이트 플로랄, 시트러스, 바닐라",치명적인 유혹을 위한 오렌지 꽃 앱솔루트 기반의 향수
97121,https://www.bysuco.com/product/show/97121,보야지 데르메스 오 드 뚜왈렛,에르메스,145000.0,https://cf.bysuco.net/7fee2a8b707c56bcb3003a908bfa55e4.webp?w=600,"카다멈, 아말피 레몬, 스파이스, 주니퍼 베리","티, 그린 노트, 플로랄 노트","우디 노트, 머스크, 시더","웜 스파이시, 시트러스, 그린",머스키한 우디노트가 표현하는 따듯하고 감각적인 향
32612,https://www.bysuco.com/product/show/32612,스트로베리 오 드 퍼퓸,멜린앤게츠,151000.0,https://cf.bysuco.net/5f25b7254c01aee5e018b61d24da8dc2.jpg?w=600,"스트로베리, 핑크페퍼, 베르가못","그린 노트, 밀크, 자스민","머스크, 오리스, 시더, 오크모스","그린, 프루티, 스위티",스트로베리 향의 관념에 도전하는 다이나믹한 향
10414,https://www.bysuco.com/product/show/10414,우드 세이지 앤 씨 솔트 오 드 코롱 선물패키지,조 말론,110000.0,https://cf.bysuco.net/e7cc1bd8346ae543e459a6b2d108d25a.jpg?w=600,암브레트,"씨 솔트, 미네랄 노트",세이지,"머스크, 솔티, 아로마틱",바람부는 해안을 따라 걸으며 휴식을 취하는 것같은 향
9641,https://www.bysuco.com/product/show/9641,어딕트 오 드 뚜왈렛,디올,166000.0,https://cf.bysuco.net/cbb3d08a9337e44da62b32cca967002c.jpg?w=600,시칠리안 만다린,"자스민 삼박, 튜니지아 네롤리","바닐라, 샌달우드","화이트 플로랄, 시트러스, 바닐라",풍부한 프루티 시트러스가 어우러져 유쾌하고 매력적인 향
693985,https://www.bysuco.com/product/show/693985,라비에벨 솔레이 크리스탈 오 드 퍼퓸,랑콤,195000.0,https://cf.bysuco.net/47228d6287fb89c25a5ccb4b75d5bef0.jpg?w=600,"만다린 오렌지, 핑크 페퍼, 베르가못","일랑일랑, 아이리스, 오렌지 블라썸, 자스민","코코넛, 바닐라, 패츌리","바닐라, 코코넛, 스위트",달콤한 바닐라와 트로피컬 코코넛의 따뜻한 향
23782,https://www.bysuco.com/product/show/23782,포트레이트 더 언컴프로마이징 소한 오 드 퍼퓸,펜할리곤스,448000.0,https://cf.bysuco.net/8a6890b29a37297970f2348d2d672ce8.jpg?w=600,"로즈, 샤프론, 핑크 페퍼","랍다넘, 베티버","라오스 오우드, 샌달우드","우디, 오우드, 로즈",이집트가 선사하는 퇴폐적인 향
3406680,https://www.bysuco.com/product/show/3406680,라 팽 뒤 몽드 오 드 퍼퓸,에따 리브르 도량쥬,150000.0,https://cf.bysuco.net/ddc4bed7f7c627f538eb5666bca73878.webp?w=600,"블랙페퍼, 팝콘, 구운 깨","아이리스, 프리지아, 커민씨앗","샌달우드, 파우더, 사향","파우더리, 스모키, 아이리스","세상의 종말을 어디서 경험할 수 있을까요? 바로 영화관에서요! 그럼 향은 어떨까요? 물론 팝콘 향이죠! 
  피부에 은은하게 퍼지는 향에 파우더리한 베이스가 더해진 향수입니다."
693981,https://www.bysuco.com/product/show/693981,라비에벨 로즈 엑스트라오디네르 오 드 퍼퓸,랑콤,139000.0,https://cf.bysuco.net/e249a8817098a3a37b56170ca5caa5e4.jpg?w=600,"베르가못, 오렌지, 스템스 그린스","다마스크 로즈, 로즈, 로즈 워터, 아이리스","암브록산, 머스크, 이끼, 우디 노트, 샌달우드","로즈, 시트러스, 머스크",세 가지 로즈 어코드의 플로랄 하트를 밝히는 우디향으로 독특한 강렬함을 선사하는 향수
10516,https://www.bysuco.com/product/show/10516,타마린도 오 드 퍼퓸,메모,390000.0,https://cf.bysuco.net/c0587651970d7023ed670a419efa94a1_cvt.webp?w=600,"베르가못, 카다멈, 만다린 오렌지, 오렌지","파인애플, 자스민, 튜베로즈, 코코넛, 피치, 일랑일랑","페출리, 바닐라, 벤조인","스위트, 프루티, 화이트 플로랄","뜨거운 태양이 내리쬐고, 광활한 바다가 펼쳐지는 중남미 코스타리카의 해안지역 타마린도를 추억하는 향"
3406549,https://www.bysuco.com/product/show/3406549,운 자르뎅 아 시테르 오 드 뚜왈렛,에르메스,60000.0,https://cf.bysuco.net/5a4b27c65fa1453d544856693c058880.jpg?w=600,"시트러스, 피스타치오, 올리브 트리, 그린",,,"우디, 시트러스, 그린","감귤류와 우디 노트를 시작으로 금발처럼 흩날리는 풍성한 풀, 건장한 올리브 나무, 신선한 피스타치오가 어우러진 향"
33333,https://www.bysuco.com/product/show/33333,레 조 아 라 모드 로스트 인 그레이스 오 드 뚜왈렛,미우미우,150000.0,https://cf.bysuco.net/b5209c1836498ce50598c615dd446e34.jpg?w=600,페어,아이리스,시더우드,"프루티, 라벤더, 아로마틱",자존감이 돋보이는 관능미를 가진 여성을 표현한 향
10512,https://www.bysuco.com/product/show/10512,랄리벨라 오 드 퍼퓸,메모,390000.0,https://cf.bysuco.net/c1937f72ebeb4ad153efd2e68b757565_cvt.webp?w=600,"코코넛, 오키드, 로즈, 피오니","바닐라, 페출리, 자스민, 랍다넘","인센스, 토바코 리프, 염주나무","플로랄, 바닐라, 스위트","형형색색의 미네랄 암석이 장관을 이루는 에티오피아의 유서깊은 성지, 랄리벨라를 추억하는 향"
22080,https://www.bysuco.com/product/show/22080,노마드 자스민 나츄렐 오 드 퍼퓸,끌로에,135000.0,https://cf.bysuco.net/f28689d802137c89baddd782ecb47926.jpg?w=600,"데이트, 미라벨","이집트 자스민, 프리지아","바닐라, 샌달우드, 오크모스","스위트, 프루티, 바닐라",천연 재료들로 마치 당장이라도 뛰어나올 것 같은 느낌의 상쾌한 어우러짐을 선보이는 향
9931,https://www.bysuco.com/product/show/9931,길티 인텐스 뿌르 팜므 오 드 퍼퓸,구찌,203000.0,https://cf.bysuco.net/3dfb3c5d40782b8f6150e204fb26bcaa.jpg?w=600,"바이올렛, 만도라, 리치","플럼, 튜베로즈, 일랑일랑","페출리, 바닐라, 베티버","우디, 프루티, 스위트",클래식한 구찌 길티 포 허를 재해석해 향의 매력을 최고조로 끌어올렸습니다.
9930,https://www.bysuco.com/product/show/9930,길티 뿌르 옴므 퍼퓸,구찌,203000.0,https://cf.bysuco.net/fee7aa3f0e8423ff86896f3a96d1aec6_cvt.webp?w=600,"주니퍼, 라벤더, 레몬","오렌지 블라썸, 너트맥, 스패니시","페출리, 드라이 우드, 머스크","우디, 프레쉬 스파이시, 아로마틱",프렌치 라벤더와 경쾌한 레몬의 가볍고 부드럽고 모던한 향이 주니퍼의 따듯함과 완벽하게 어우러진다.
1908013,https://www.bysuco.com/product/show/1908013,넵스 엑스트레 드 퍼퓸,니샤네,820000.0,https://cf.bysuco.net/dc7f5da4f30f82ae4d2d8a095adb0663.webp?w=600,"꿀, 제비꽃, 샐비어, 사프란, 무화과","로즈, 오스만투스, 제라늄, 재스민, 육두구","앰버, 위스키, 우드, 시나몬, 시더우드, 구르줌, 가죽, 바닐라","웜 스파이시, 우디, 플로랄",따뜻한 느낌에 스파이시가 더해진 복합적인 매력의 향.
225699,https://www.bysuco.com/product/show/225699,쏠레이 브룰런트 오 드 퍼퓸,톰 포드,414000.0,https://cf.bysuco.net/72469024e63eaec8c71d00be0d4786a7.jpg?w=600,"핑크 페퍼, 만다린 오렌지, 베르가못","허니, 오렌지 블라썸","우디 노트, 레더, 베티버, 레진, 앰버, 프랑킨센스","바닐라, 스파이시, 스위트",황금 태양빛이 내리쬐는 이국적인 섬의 절경을 향으로 표현한 향
225394,https://www.bysuco.com/product/show/225394,캔트 스탑 러빙 유 오 드 퍼퓸 리필,킬리안,580000.0,https://cf.bysuco.net/33b19248264e54dfcd2c8d180d22b5fc.jpg?w=600,오렌지 블라썸,허니,"오크모스, 마다가스카르 바닐라, 올리바넘","화이트 플로랄, 스위트, 허니",끝없는 신비로움을 선사하는 향
3407089,https://www.bysuco.com/product/show/3407089,에벤 퓨메 트래블 스프레이,톰 포드,105000.0,https://cf.bysuco.net/ece805a2794cb0021afb74cd50fdd594.jpg?w=600,"인센스, 팔로 산토, 블랙 페퍼, 바이올렛 리프","레더, 랩다넘, 케이드 오일, 파피루스, 로즈","레진, 에보니 우드, 가이악 우드","우디, 앰버, 스모키","따뜻하고 우아한 시스투스 앱솔루트 유혹적인 블랙 페퍼 그리고 숭고한
레더 노트가 더해진 에보니 우드는 팔로 산토 연기가 지닌 에센스를 더욱 숭고하게 표현해줍니다."
3406445,https://www.bysuco.com/product/show/3406445,이.큐. 오 드 퍼퓸,도르세,73000.0,https://cf.bysuco.net/64c062272b2f9f7512e54e7adf1b6218.jpg?w=600,"핑크페퍼, 앰버","아이리스, 자스민","캐시메란, 패춀리","파우더리, 우디, 아이리스",연인의 입술 위에 발린 립스틱에서 느껴지는 후각에서 영감을 받은 향
24615,https://www.bysuco.com/product/show/24615,티파니 시어 오 드 뚜왈렛,티파니앤코,153000.0,https://cf.bysuco.net/4bfb09bcd7d766d6d237d82e87d39974.jpg?w=600,"만다린 리프, 블랙 커런트","로즈, 일랑일랑","머스크, 아이리스","머스크, 파우더리, 아이리스",오리지널 향수의 우아한 아이리스와 반짝이는 일랑일랑 노트가 더해져 더욱 쾌활하면서도 럭셔리한 향
23283,https://www.bysuco.com/product/show/23283,마르파 오 드 퍼퓸,메모,390000.0,https://cf.bysuco.net/1034e5cd28e5fe6266871366e8909a8f_cvt.webp?w=600,"오렌지 블라썸, 만다린 오렌지","튜베로즈, 일랑일랑, 용설란","바닐라, 샌달우드, 화이트 머스크, 시더","화이트 플로랄, 튜베로즈, 우디",텍사스 주의 작은 예술 마을
3406552,https://www.bysuco.com/product/show/3406552,빠 쓰 수아 오 드 퍼퓸,비디케이,89000.0,https://cf.bysuco.net/a339049aae51415b797dcfe52d18c787.jpg?w=600,"진저, 만다린 오렌지, 블랙 페퍼","모로칸 자스민, 오렌지 블라썸, 모과","캐시메란, 싱가포르 파출리, 앰버 우드","프루티, 화이트 플로랄, 우디",신비롭고 감각적인 파리의 밤을 표현한 향
3405910,https://www.bysuco.com/product/show/3405910,엉썽 프레시유 오 드 퍼퓸,반클리프 아펠,235000.0,https://cf.bysuco.net/2883e5f2e4b427522c5d0b228eb6097d.webp?w=600,"인센스, 블랙 페퍼, 핑크 페퍼콘","몰약, 레더 어코드","인센스, 타바코, 바닐라","앰버, 스모키, 웜 스파이",동양의 풍경에서 영감을 받은 엉썽 프레시우는 강렬한 페퍼 향을 시작으로 사막의 열기를 후각적으로 표현
97103,https://www.bysuco.com/product/show/97103,오 드 바질릭 뿌프르 오 드 코롱,에르메스,193000.0,https://cf.bysuco.net/1ab1bc4f87bba69002bd3884ec7687bf.jpg?w=600,베르가못,"바질, 제라늄","스파이스, 페출리","프레쉬 스파이시, 아로마틱, 시트러스","햇살을 가득 머금은 이 향기로운 식물에 바치는 오마주이며, 가족과 함께 보내는 즐거운 여름을 연상시키는 향"
22867,https://www.bysuco.com/product/show/22867,라비에벨 오 드 퍼퓸,랑콤,115000.0,https://cf.bysuco.net/688e78742b37a39e9ebf52ed5ea3bb29.jpg?w=600,"블랙 커런트, 페어","아이리스, 자스민, 오렌지 블라썸","프랄린, 바닐라, 페출리, 통카빈","스위트, 바닐라, 프루티","우아함과 빛, 자유로운 세계를 담고 있는 풍부하고 여성스러운 아이리스향"
225119,https://www.bysuco.com/product/show/225119,에스깔레 포토피노 오 드 뚜왈렛,디올,171000.0,https://cf.bysuco.net/b3e5cc11dd8fe349e689c38897ca1cf1.jpg?w=600,"베르가못, 레몬, 페티그레인","오렌지 블라썸, 주니퍼 베리, 아몬드","사이프러, 시더, 머스크, 갈바늄, 캐러웨이","시트러스, 아로마틱, 프레쉬 스파이",지중해 지역의 16가지 최상 품질의 천연 에센스로 조합되어 마치 이탈리아에 온듯한 느낌을 선사하는 향
31034,https://www.bysuco.com/product/show/31034,아르마니 코드 오 드 뚜왈렛,조르지오 아르마니,130000.0,https://cf.bysuco.net/34f05efb9dcb47fc013cec53576ba098.jpg?w=600,그린 만다린,라벤더,"통카 빈, 시더","바닐라, 우디, 아로마틱",유혹적이고 섬세한 매력을 지닌 남성을 위한 향
3406337,https://www.bysuco.com/product/show/3406337,빠 쓰 수아 오 드 퍼퓸,비디케이,339000.0,https://cf.bysuco.net/84375846694823822a01ae152bb888fc.jpg?w=600,"진저, 만다린 오렌지, 블랙 페퍼","모로칸 자스민, 오렌지 블라썸, 모과","캐시메란, 싱가포르 파출리, 앰버 우드","프루티, 화이트 플로랄, 우디",신비롭고 감각적인 파리의 밤을 표현한 향
224904,https://www.bysuco.com/product/show/224904,넘버5 오 드 퍼퓸 리필 휴대용 스프레이,샤넬,245000.0,https://cf.bysuco.net/ced8628d6b1f1ac2822ba1fd52edc7a5.jpg?w=600,"알데하이드, 일랑일랑, 베르가못","로즈, 자스민, 아이리스","샌달우드, 바닐라","바닐라, 알데하이드, 파우더리",플로랄 향기와 알데하이드를 혼합한 향기에서 영감을 받아 탄생한 향수
34373,https://www.bysuco.com/product/show/34373,자가라 오 드 코롱,산타 마리아 노벨라,210000.0,https://cf.bysuco.net/d949b7ee8985e7b3f719fe8655595241.jpg?w=600,"페티그레인, 오렌지, 베르가못, 레몬 버베나, 라임, 자몽, 라벤더","오렌지 플라워, 자스민, 카네이션, 제라늄",오크모스,"시트러스, 화이트 플로랄, 프레쉬 스파이시",신부의 부케로 사용되었던 오렌지 블라썸의 달콤함이 순수함을 표현해주는 향
10417,https://www.bysuco.com/product/show/10417,블랙베리 앤 베이 오 드 코롱 선물패키지,조 말론,110000.0,https://cf.bysuco.net/92f9319c01018a46d8d2f272e19693da.jpg?w=600,블랙베리,베이 리프,시더,"프루티, 프레쉬 스파이시, 아로마틱",매력적이고 생기 넘치는 상쾌한 느낌의 향
3406652,https://www.bysuco.com/product/show/3406652,LA 캐피탈 오 드 퍼퓸,제르조프,359000.0,https://cf.bysuco.net/a896f3825d054a9f5d2689a78cdfc522.jpg?w=600,"스트로베리, 카라멜, 피치, 라다넘","래더, 앰버, 사프란, 진저, 로즈","벤조인, 버번 바닐라","프루티, 스위트, 앰버",동양적인 아로마틱 향을 향한 관능적인 여행
3406436,https://www.bysuco.com/product/show/3406436,지.에르.오 드 뚜왈렛,도르세,179000.0,https://cf.bysuco.net/9a5e0785fa2f2539481a8bcaeb8a95ab.jpg?w=600,"카다멈, 클레멘타인, 그레이프프룻","아이리스, 라일락","머스크, 샌달우드, 시더, 나르시수","파우더리, 플로럴, 아이리스","수선화를 중심으로 파우더리한 향에 카다멈의 스파이시가 터치되고, 머스키한 우디로 마무리되는 향"
20834,https://www.bysuco.com/product/show/20834,허니서클 앤 다바나 오 드 코롱,조 말론,110000.0,https://cf.bysuco.net/01abc89293834b5191b60e6b8f6c2bd4_cvt.webp?w=600,다바나,"허니서클, 로즈",모스,"화이트 플로랄, 아로마틱, 프루티","허니서클, 과일 향의 다바나, 장미 그리고 우디함의 모스 향이 어우러지는 향"
23783,https://www.bysuco.com/product/show/23783,포트레이트 테러블 테디 오 드 퍼퓸,펜할리곤스,448000.0,https://cf.bysuco.net/4d4914485770fd71c95d53f9dbda2fa8.jpg?w=600,인센스,레더,암브록산,"앰버, 스모크, 레더",수수께기 같은 센슈얼함
3405269,https://www.bysuco.com/product/show/3405269,릴리 판타지 오 드 퍼퓸,줄리엣 헤즈 어 건,169000.0,https://cf.bysuco.net/1ff1efb45da0594b911ff909ef6aafd2.jpg?w=600,버블껌,"튜베로즈, 자스민","암브록산, 앰버","화이트 플로랄, 엠버, 튜베로즈",화려한 칵테일 기반에 풍선껌 향의 개성을 더한 황홀한 조합으로 기억에 계속 남을 향입니다.
34361,https://www.bysuco.com/product/show/34361,에바 오 드 코롱,산타 마리아 노벨라,210000.0,https://cf.bysuco.net/d75c5a45b4491b5c0e3aee491f32bf51.jpg?w=600,"베르가못, 레몬","페퍼, 스파이시 노트","베티버, 우디 노트","시트러스, 우디, 아로마틱",상큼한 레몬향과 스파이시하고 드라이한 우드향이 어우러진 향
3408596,https://www.bysuco.com/product/show/3408596,엑시트 더 킹 오 드 퍼퓸,에따 리브르 도량쥬,95000.0,https://cf.bysuco.net/c8a45623c06a295f51bda337a324a13d.jpg?w=600,"비누, 알데하이드, 머스크, 핑크 페퍼, 티무르","장미, 재스민, 은방울꽃","이끼, 파출리, 앰브록산, 샌달우드","솝, 화이트 플로랄, 로즈","엑시트 더 킹은 낡은 규범으로 가득 찬 세상을 떠나 새로운 세상으로 나아가는 이야기를 담고 있습니다. 
   자유와 발견으로 가득한 세상. 
   꽃, 거품, 이끼의 균형 잡힌 조화와 확고한 시프르 향이 변화를 갈망하는 이들을 위해 탄생했습니다."
140968,https://www.bysuco.com/product/show/140968,몽 겔랑 스파클링 부케 오 드 퍼퓸,겔랑,185000.0,https://cf.bysuco.net/0c5bd9132e9a0f600a862453d6b3a916.jpg?w=600,"페어, 베르가못, 만다린 오렌지","라벤더, 피오니, 자스민 삼박","타히티안 바닐라, 화이트 머스크, 샌달 우드","시트러스, 플로랄, 프레쉬",기분 좋은 프루티 앰버 향
97125,https://www.bysuco.com/product/show/97125,24 포부르 오 드 퍼퓸,에르메스,198000.0,https://cf.bysuco.net/7747752adc691e90346af970af8d80ef.jpg?w=600,"히아신스, 오렌지, 일랑일랑, 피치, 베르가못","오렌지 블라썸, 가데니아, 자스민, 블랙 엘더, 아이리스","앰버, 샌달우드, 페출리, 바닐라","화이트 플로랄, 플로랄, 시트러스",풍성한 플로랄 부케가 선사하는 따듯하고 감각적인 향
9898,https://www.bysuco.com/product/show/9898,코스타 아주라 오 드 퍼퓸,톰 포드,343000.0,https://cf.bysuco.net/21ba246005e329535db95f198b2d575e_cvt.webp?w=600,"드리프트우드, 씨위드, 아가우드, 카다멈, 암브레트, 샐러리 씨드","레몬, 사이프러스, 옐로우 만다린, 라벤더, 머틀","인세스, 오크, 베티버, 올리바넘, 유향나무","아로마틱, 우디, 시트러스","사이프러스, 오크 및 아로마틱의 상쾌한 메들리"
3406442,https://www.bysuco.com/product/show/3406442,떼.지. 오 드 퍼퓸,도르세,73000.0,https://cf.bysuco.net/c4dd45bf76f1663723ec31cc5ca8c516.jpg?w=600,레진,"인센스, 스모크","아우드, 라다넘, 바닐라, 패춀리","앰버, 발사믹, 우디","우디, 얼씨, 레지노우스한 목재를 중심으로 꽃과 향신료가 추가되고 바닐라로 코팅된 향"
97097,https://www.bysuco.com/product/show/97097,오 도랑쥬 베르뜨 오 드 코롱,에르메스,139000.0,https://cf.bysuco.net/d45e980c02e26f986bd72e41f0e3a4c8.jpg?w=600,"오렌지, 아말피 레몬, 오크모스, 민트, 만다린 오렌지, 카시스, 페출",,,"시트러스, 아로마틱, 그린",활력이 넘치는 신선하고 푸른 향기
96933,https://www.bysuco.com/product/show/96933,뷰티풀 오 드 퍼퓸,에스티 로더,145000.0,https://cf.bysuco.net/8df133164a52cc18b78297a95c8b0d41_cvt.webp?w=600,"갈바늄, 로즈, 릴리, 블랙커런트, 프루티노트, 카시스, 만다린 오렌지","튜베로즈, 카네이션, 마리골드, 미모사, 나르시소스, 자스민","샌달우드, 앰버, 베티버, 머스크, 시더, 바닐라","플로랄, 화이트 플로랄, 아로마틱",신부가 연상되는 플로랄 부케의 향
10513,https://www.bysuco.com/product/show/10513,룩소 우드 오 드 퍼퓸,메모,390000.0,https://cf.bysuco.net/4ce7539e101d6b395929bb9bc1430856_cvt.webp?w=600,"페출리, 만다린 오렌지","과실류, 데저트 로즈","아가우드, 랍다넘","프루티, 오우드, 플로랄",성스럽고도 관능적인 향
3406441,https://www.bysuco.com/product/show/3406441,엠므.아. 오 드 퍼퓸,도르세,73000.0,https://cf.bysuco.net/a853e609618cfc0ea8febaedac977dd6.jpg?w=600,"안젤리카, 레몬 잎","아이리스, 바이올렛","암브록산, 화이트 머스크","머스크, 앰버, 파우더리","우디, 앰버, 머스키, 파우더리 노트의 힘과 달콤함을 은은하게 느낄 수 있는 향"
3406561,https://www.bysuco.com/product/show/3406561,마이애미 셰이크 오 드 퍼퓸,줄리엣 헤즈 어 건,59000.0,https://cf.bysuco.net/26323517324f0e00145289e7cbddc83a.webp?w=600,와일드 스베리,"휘핑 크림, 오렌지 블라썸, 아이스크림 콘","바닐라 앱솔루트, 크리미 머스크","스위트, 바닐라, 푸루티","장난기 넘치고, 화려하면서도 기발한 향. 

야생 딸기의 풍성한 과일 향에 풍성한 크리미 노트와 매혹적인 바닐라 향이 더해진 마이애미 셰이크는 오렌지 꽃의 은은한 플로럴 향이 더해져 최고의 향을 선사합니다."
1793845,https://www.bysuco.com/product/show/1793845,러브 돈 비 샤이 오 프레쉬 리필,킬리안,580000.0,https://cf.bysuco.net/f157a7176c715b7cf277fe4690aeb615.jpg?w=600,"네롤리, 페티그레인","자스민, 피오니, 프리지아","마쉬멜로우, 화이트 머스크","플로랄, 화이트 플로랄, 스위트",상징적인 플로럴 부케와 마시멜로 아코드의 더 가벼운 구성으로 시작되는 향
693995,https://www.bysuco.com/product/show/693995,이돌 아우라 오 드 퍼퓸,랑콤,178000.0,https://cf.bysuco.net/3bc1bfccc5dd95badf686e343d780e9e.jpg?w=600,"솔트, 로즈, 베르가못","로즈, 자스민","비번 바닐라, 솔트, 머스크, 헬리오트로프","바닐라, 로즈, 솔티",태양이 내리쬐는 꽃향과 바닐라 향
3407870,https://www.bysuco.com/product/show/3407870,피그 앤 로터스 플라워 코롱,조 말론,110000.0,https://cf.bysuco.net/071fca0d6e093ff5bf6af80a1db8d952.jpg?w=600,피그 리프,로터스,베티버,"플로랄, 아쿠아틱, 오조닉",과즙을 가득 머금은 무화과의 향과 연꽃이 만나 라이트 플로랄 향.
3405286,https://www.bysuco.com/product/show/3405286,페보니우스 엑스트레 드 퍼퓸,니샤네,390000.0,https://cf.bysuco.net/8f3388b9f030bff8a47d1e7f8bbdc052.webp?w=600,"베르가못, 핑크 페퍼, 인센","제레늄, 시프리올, 로즈, 아르모아즈, 클라리 세이지","우드, 시더우드, 출리, 샌달우드","우디, 로즈, 오우드",봄의 달콤함과 꽃의 열정을 불러 일으키는 향.
2200762,https://www.bysuco.com/product/show/2200762,어딕티브 바이브레이션 오 드 퍼퓸,이니시오 퍼퓸,553000.0,https://cf.bysuco.net/4b9309d6660195b1e4b785a87e9acfc6.jpg?w=600,"꿀, 애플 블라썸, 오렌지 블라썸, 머스크, 바닐라 오키드",,,"플로랄, 허니, 스위트",육신의 마그마와 사향과 꿀의 불타는 혼합물에서 정욕적인 향
225731,https://www.bysuco.com/product/show/225731,코리앤더 오 드 퍼퓸,디에스 앤 더가,240000.0,https://cf.bysuco.net/51fe19879f0b884718864a94888ea27b.jpg?w=600,"러시안 코리앤더, 페퍼, 쥬니퍼 니들","제라늄, 클로브, 클라리 세이지","머스크, 목련, 메이스","아로마틱, 그린, 마린",오데사 위의 언덕처럼 시원한 향신료와 흑해 바람을 연상케 하는 향기
225087,https://www.bysuco.com/product/show/225087,조이 바이 디올 오 드 퍼퓸 인텐스,디올,218000.0,https://cf.bysuco.net/6691fd43261682fdb00966cc7a2bc5d5.jpg?w=600,"네롤리, 베르가못","자스민, 그라스 로즈","바닐라, 머스크, 통카빈, 샌달우드","바닐라, 화이트 플로랄, 파우더리",다채로운 아름다움이 폭발하듯 흘러 넘치며 환희를 피워내는 화려한 플로럴 향수
97099,https://www.bysuco.com/product/show/97099,꽁상트레 도랑쥬 베르트 오 드 뚜왈렛,에르메스,145000.0,https://cf.bysuco.net/8fd93704ef550e7cf9745daa83b22c0f.jpg?w=600,"오렌지, 바질, 시더, 페출리, 앰버",,,"시트러스, 프레쉬 스파이시, 우디",아침 이슬에 젖은 덤불 냄새에서 영감을 받아 탄생하였으며 폭발적인 시트러스향과 함께 독보적인 신선함이 특징
3406102,https://www.bysuco.com/product/show/3406102,와일드 블루벨 오 드 코롱 선물패키지,조 말론,110000.0,https://cf.bysuco.net/bd8e12aa16fe85b076538e89a09d76fc.jpg?w=600,"듀 드랍, 그린 리프, 클로프","감, 피치","머스크, 파우더리 노트","머스크, 파우더리, 그린",숲 속 깊은 곳에서 빛나고 있는 사파이어
694001,https://www.bysuco.com/product/show/694001,트레조 오 드 퍼퓸,랑콤,139000.0,https://cf.bysuco.net/5fb0282285f547ec7d58d0c970941f1b.jpg?w=600,"피치, 로즈, 살구 블라썸, 라일락, 파인애플, 릴리오브더릴리, 베르가못","로즈, 아이리스, 헬리오트로프, 자스민","피치, 살구, 바닐라, 샌달우드, 앰버, 머스크","프루티, 파우더리, 플로랄",로맨틱하고 부드러운 터치를 지닌 섬세하고 가벼운 향수
225095,https://www.bysuco.com/product/show/225095,쁘와종 걸 오 드 뚜왈렛,디올,96000.0,https://cf.bysuco.net/420cbbf292ee971f847f6f4ee3cb9828.jpg?w=600,"오렌지, 비터 오렌지, 레몬","오렌지 블로썸, 네롤리, 그라스 로즈, 다마스크 로즈","바닐라, 카라멜, 통카빈, 헬리오트로프, 캐시미란","시트러스, 바닐라, 스위트",독특한 비트를 지닌 후각적 구성의 향
33514,https://www.bysuco.com/product/show/33514,오 드 프로텍씨옹 오 드 퍼퓸,에따 리브르 도량쥬,150000.0,https://cf.bysuco.net/0bf0293714e98bfb9f5710fcedb9da80.jpg?w=600,"비터 오렌지, 진저, 블랙페퍼","터키쉬로즈, 자스민, 헬리오트로프","패출리, 벤조인, 통카빈","로즈, 웜 스파이시, 시트러스","스파이시, 파우더리, 달콤함 모든 것을 느낄 수 있는 장미 향"
10736,https://www.bysuco.com/product/show/10736,메탈리크 오 드 퍼퓸,톰 포드,343000.0,https://cf.bysuco.net/91e31bf3402946834fea72311b5f906c.jpg?w=600,"알데하이드, 베르가못, 핑크페퍼","오베핀, 뮤게, 헬리오트로프","암브레트씨드, 발삼, 바닐라, 샌달우드",,만개한 꽃 속에 둘러싸여 있는 비너스 여신 동상을 연상시키는 향
224948,https://www.bysuco.com/product/show/224948,코코 마드모아젤 오 드 뚜왈렛 리필 스프레이,샤넬,197000.0,https://cf.bysuco.net/769f6bd0672de1bd9ecedab0a09dadc5.jpg?w=600,"베르가못, 오렌지, 그레이프 프룻","로즈, 리치, 자스민","패출리, 바닐라, 머스크, 베티버","시트러스, 우디, 패출리",자유롭고 대담함을 즐길 줄 아는 여성을 위한 공기처럼 가볍고 유혹적인 엠버리 계열의 향수
23774,https://www.bysuco.com/product/show/23774,레거시 오브 페트라 오 드 퍼퓸,펜할리곤스,390000.0,https://cf.bysuco.net/e411034cf35d17f08646a998db06db36.jpg?w=600,"그린 티, 펜넬, 베르가못","감초, 미르, 올리바넘, 로즈마리","벤조인, 바닐라, 우디 노트","앰버, 소프트 스파이시, 웜 스파이시",페트라에서 영감을 받은 향
3406440,https://www.bysuco.com/product/show/3406440,지.에르. 오 드 뚜왈렛,도르세,73000.0,https://cf.bysuco.net/74d955eed04049b6626a455cf19ab850.jpg?w=600,"카다멈, 클레멘타인, 그레이프프룻","아이리스, 라일락","머스크, 샌달우드, 시더, 나르시수","파우더리, 플로럴, 아이리스","수선화를 중심으로 파우더리한 향에 카다멈의 스파이시가 터치되고, 머스키한 우디로 마무리되는 향"
3406126,https://www.bysuco.com/product/show/3406126,스팀드 레인보우 오 드 퍼퓸,디에스 앤 더가,240000.0,https://cf.bysuco.net/3908ef36cf66b953af5b2a0d1867000d.webp?w=600,": 레드 만다린, 오렌지, 옐로우 엘레미 레진","그린 시더, 푸른 아몬드 꽃, 인디고 그라스","바이올렛, 베티버, 수증기","시트러스, 그린, 아로마틱","습한 공기 위에 있는 무지개를 구성하는 모든 컬러의 원료를 노트로 사용하여 향기로 구현했습니다.
  깔끔하고 프레쉬한 향기는 상쾌하면서도 가벼우며 마치 폭우가 끝난 뒤 깨끗한 공기와 같은 무지개를 연상시킵니다."
693914,https://www.bysuco.com/product/show/693914,제스트 만다린 오 드 퍼퓸,크리드,420000.0,https://cf.bysuco.net/a6619ca5d464c399f14f2cc4e7addec4.jpg?w=600,"레몬 리프, 이탈리안 오렌지","옐로우 만다린, 이탈리안 레몬","인디안 패츌리, 페티그레인, 오렌지 우드","시트러스, 패츌리",시칠리아의 어느 늦은 여름날 속의 과일과 여러 꽃들을 상기시키게 만들고 가장 행복했던 시절을 떠올리게 하는 향수
225089,https://www.bysuco.com/product/show/225089,디오리시모 오 드 뚜왈렛,디올,161000.0,https://cf.bysuco.net/2912a0a8f1bfcc81400e82abe7e0cee5.jpg?w=600,"그린 리브, 베르가못","라일락, 일랑일랑, 릴리오브더밸리",샌달우드,"화이트 플로랄, 프레쉬, 그린",은방울꽃의 상큼함을 담은 향
97123,https://www.bysuco.com/product/show/97123,24 포부르 오 드 뚜왈렛,에르메스,180000.0,https://cf.bysuco.net/5602f148a2d9a3aa159f6edb840dd911.jpg?w=600,"히아신스, 오렌지, 일랑일랑, 피치, 베르가못","오렌지 블라썸, 가데니아, 자스민, 블랙 엘더, 아이리스","앰버, 샌달우드, 페출리, 바닐라","화이트 플로랄, 플로랄, 시트러스",풍성한 플로랄 부케가 선사하는 따듯하고 감각적인 향
2200764,https://www.bysuco.com/product/show/2200764,하이 프리퀀시 오 드 퍼퓸,이니시오 퍼퓸,575000.0,https://cf.bysuco.net/0490a48c8ca3d80bf1fb558d5b767299.jpg?w=600,"아몬드, 헤디온, 메그놀리아, 헬리오트로프, 바닐라, 자스민, 샌달우드",,,"플로랄, 아몬드, 너티",부드럽게 시작해서 피부의 데시벨을 높이는 음파 같은 향수
1908024,https://www.bysuco.com/product/show/1908024,팬 유어 플레임스 엑스트레 드 퍼퓸,니샤네,320000.0,https://cf.bysuco.net/b13470ec239d38f69227c98ecf0b3187.webp?w=600,"코코넛, 럼","토바코, 통카","오크모스, 차이니스 시더","스위트, 코코넛, 우디",매혹적인 따뜻함과 매콤한 포옹을 선사하는 향.
693946,https://www.bysuco.com/product/show/693946,마이 웨이 퍼퓸,조르지오 아르마니,155000.0,https://cf.bysuco.net/29591ec70961edd74a72492ab00d4b01.jpg?w=600,"오렌지 블로썸, 비터 오렌지, 베르가못","아이리스, 튜베로즈, 암브레트","머스크, 바닐라, 시더","화이트 플로랄, 시트러스, 머스크",나만의 개성으로 자신의 길을 걷고자 하는 여성을 대변하는 향수
141102,https://www.bysuco.com/product/show/141102,스와르 도리엔트 오 드 퍼퓸,시슬리 코스메틱,218000.0,https://cf.bysuco.net/3d10d6d9a6e8000bba2dc034ba13c19e.jpg?w=600,"레몬, 샤프론, 갈바눔","튀르키에 로즈, 이집트 제라늄, 블랙 페퍼","산탈우드, 소말리아 인센스, 패츌","웜 스파이시, 프레쉬 스파이시, 로즈",눈부신 여성스러움을 돋보이게 하는 신비로움에 가려진 향수. 수수께끼 같고 눈부시게 관능적인 구성
140972,https://www.bysuco.com/product/show/140972,레전더리 삼사라 오 드 뚜왈렛,겔랑,208000.0,https://cf.bysuco.net/7e061103446bc858f244b7efaae5d0bd.jpg?w=600,시트러스,"일랑일랑, 자스민","샌달우드, 아이리스, 바닐라, 통가 빈","우디, 파우더리, 옐로우 플로랄",자스민과 샌달우드의 조화로 이루어진 신성한 사랑의 향기
33387,https://www.bysuco.com/product/show/33387,쟈도르 롤러 펄 오 드 뚜왈렛,디올,79000.0,https://cf.bysuco.net/fad49aca98024068dcf74a18a42404c4.jpg?w=600,"블러드 오렌지, 레몬","매그놀리아, 네롤리, 다마스크 로즈","샌달우드, 바닐라","시트러스, 플로랄, 로즈",쟈도르 오 드 퍼퓸을 산뜻하게 재해석한 향
1908028,https://www.bysuco.com/product/show/1908028,튜베로자 엑스트레 드 퍼퓸,니샤네,320000.0,https://cf.bysuco.net/00ddf0add0c6c176eca830604aaf6f22.jpg?w=600,"일랑일랑, 스위트 오렌지, 아르모아즈, 오렌지 블라썸","튜버로즈, 가데니아, 재스민, 금잔화","앰버우드, 베티버, 샌달우드, 머스크","화이트 플로랄, 튜베로즈, 아로마틱",독특함을 보장하는 강한 앰버 베이스 향.
23305,https://www.bysuco.com/product/show/23305,윈터 팰리스 오 드 퍼퓸,메모,390000.0,https://cf.bysuco.net/cc09777fe2129a00d2a7e02cc853eef3_cvt.webp?w=600,"레드티, 오렌지, 톨루 발삼, 바닐라, 레몬, 베르가못, 메이트, 앰버, 자몽, 통카 빈, 벤조인, 발삼, 랍다넘, 때죽나무, 머스크",,,"시트러스, 앰버, 바닐라",활한 중국의 아름다운 지형과 숨겨진 장소들의 아름다움에서 영감을 받아 만들어진 향.
693986,https://www.bysuco.com/product/show/693986,라비에벨 인텐스먼트 오 드 퍼퓸,랑콤,150000.0,https://cf.bysuco.net/786f0cb3b003e1b160fe170ecd29336c.jpg?w=600,"산딸기, 핑크 페퍼, 베르가","헬리오트로프, 오렌지 블로썸, 자스민 삼박","바닐라, 아이리스, 벤조인, 패츌리, 샌달우드","바닐라, 파우더리, 스위트",따뜻한 강렬함이 느껴지는 생생한 꽃
225730,https://www.bysuco.com/product/show/225730,보우메이커스 오 드 퍼퓸,디에스 앤 더가,240000.0,https://cf.bysuco.net/cc59ef9f2b0a903b7e70ecd46cf19c58.jpg?w=600,"바이올린 바니쉬, 마호가니","호박 송진향, 단풍나무, 사이프러스","송진, 시더우드, 모스","우디, 아로마틱, 앰버",바이올린과 활을 만드는 한 상점의 독특한 비밀 광택들로 가득 차있는 풍부한 향기
3406001,https://www.bysuco.com/product/show/3406001,카페 로즈 오 드 퍼퓸,톰 포드,91000.0,https://cf.bysuco.net/3c8a9c79d67aae6217c635efeb1d353e.webp?w=600,"터키쉬 로즈, 커피","불가리안 로즈, 패출리, 카더멈, 코리안더, 일랑일랑","샌달우드, 프랑킨센스","로즈, 윔 스파이스, 우디",세련된 장미의 길들여지지 않은 관능미에 대비되는 다크 커피 트위스트 향이 스며든 플로럴 시프레 계열의 향
33326,https://www.bysuco.com/product/show/33326,트위스트 오 드 뚜왈렛,미우미우,162000.0,https://cf.bysuco.net/8a5ec772409f3c2f4c59c439189390bd.jpg?w=600,만다린 오렌지 / 애플 블라썸,앰버,"시더, 통카빈","시트러스, 앰버, 우디",궁극의 상쾌함과 산뜻함을 느낄 수 있는 향수
3406128,https://www.bysuco.com/product/show/3406128,디베이저 오 드 퍼퓸,디에스 앤 더가,95000.0,https://cf.bysuco.net/25239d6e00276fdd43a171121eb331de.webp?w=600,"베르가못, 녹색잎, 배","무화과, 코코넛 밀크, 아이리스","블론드 우드, 통카빈, 모스","우디, 스위트, 프루티","8월의 무더위, 라디오를 통해 흘러나오는 블랙 프랜시스의 거칠고 날카로운 소리 무르익은 무화과, 아이리스, 코코넛 밀크, 통카빈 및 드라이 한 브론드 우드 향기"
694061,https://www.bysuco.com/product/show/694061,올 오브 미 오 드 퍼퓸,나르시소 로드리게즈,102000.0,https://cf.bysuco.net/1d647ea63483505093b486498f43a01f.jpg?w=600,매그놀리아,"로즈, 제라늄","머스크, 샌달 우드","로즈, 플로럴, 머스크",세상에 하나뿐인 '진정한 나'를 표현하여 나만의 독보적인 아우라를 남기는 향수
97158,https://www.bysuco.com/product/show/97158,페리유스몬 보터 오 드 퍼퓸,세르주 루텐,505000.0,https://cf.bysuco.net/5e75049de62829fa396c728b444f8602.jpg?w=600,"로즈, 오드",,,"우디, 로즈, 플로랄",Gratte-ciel 컬렉션에 포함된 결단력 있고 용기 있고 화려한 향수
97034,https://www.bysuco.com/product/show/97034,이레지스터블 로즈 벨벳 오 드 퍼퓸,지방시,175000.0,https://cf.bysuco.net/e64fd1c6dc6d442f5ec70105297961c0.jpg?w=600,"블랙커런트, 네롤리","로즈 에센셜, 아이리스","패츌리, 우디 노트","로즈, 우디, 아이리스",벨벳처럼 부드러운 플로럴 시프레 머스키 향
34366,https://www.bysuco.com/product/show/34366,오포포낙스 오 드 코롱,산타 마리아 노벨라,210000.0,https://cf.bysuco.net/c4f4cd94bc5dc6f3d619eabc7667a6ba.jpg?w=600,"오포포파악스, 레진, 머스크, 패츌리",,,"앰버, 발사믹, 스위트",싱글 우디 오리엔탈 노트의 향
3406446,https://www.bysuco.com/product/show/3406446,두블르베.떼. 오 드 퍼퓸,도르세,73000.0,https://cf.bysuco.net/68ed6c70b568d4cf9d0cb8a3eef501b4.jpg?w=600,"민트, 알데하이드, 만다린 오렌지, 핑크 페퍼, 레몬","프랑킨센스, 제라늄, 자스민","프랑킨센스, 베티버, 모스","아로마틱, 프레쉬 스파이시, 그린","어느 일본 화학자와 스코틀랜드인의 서로 너무나도 다르지만 끌리는 운명적 사랑을 민트와 프랑킨센스의
조화로 표현한 향"
3406345,https://www.bysuco.com/product/show/3406345,프렌치 부케 오 드 퍼퓸,비디케이,349000.0,https://cf.bysuco.net/dc6d2221d2bb4c2e46538792c1840498.jpg?w=600,"알데하이드, 코리안더, 베르가못","로즈, 자스민, 오렌지 블라썸","라다넘, 바이올렛, 타바코, 샌달우드, 패촐리, 통카 빈, 베티버","우디, 알데하이드, 아로마틱",1970년대 프랑스 향수에 대한 노스텔지어로 그 유산을 오마주한 향
225100,https://www.bysuco.com/product/show/225100,이쁘노틱 쁘와종 오 드 퍼퓸,디올,234000.0,https://cf.bysuco.net/1177d5d419451d901d132e886a2bc75b.jpg?w=600,"리커리쉬, 아몬드","자스민 삼박, 오렌지 블로썸","바닐라, 통카","바닐라, 스위트, 소트 스파이시",매혹적이고 새롭고 더 대담한 향
224954,https://www.bysuco.com/product/show/224954,알뤼르 오 드 뚜왈렛,샤넬,166000.0,https://cf.bysuco.net/5aae1a3626cc256711384967667df24f.jpg?w=600,"레몬, 만다린 오렌지, 패션프루트, 피치, 베르가못","허니써클, 자스민, 매그놀리아, 프리지아, 워터 릴리, 오렌지 블로썸, 피오니, 5월의 장미","바닐라, 샌달우드, 앰버, 베티버, 패출리","시트러스, 플로랄, 화이트 플로랄",마드모아젤 샤넬이 정의한 고결한 품격의 향.
140877,https://www.bysuco.com/product/show/140877,끌로에 시그니처 나츄렐 인텐스 오 드 퍼퓸,끌로에,136000.0,https://cf.bysuco.net/9d5a099623c9cd54fa7968a7e559c86f.jpg?w=600,"시트론, 블랙 커런트","로즈, 네롤리","미모사, 시더","로즈, 시트러스, 플로랄",100% 천연 유래 향료를 사용한 향
33575,https://www.bysuco.com/product/show/33575,포머그래니트 누와 오 드 코롱,조 말론,239000.0,https://cf.bysuco.net/4a7f31a9cc573730fbb064f0bc8c43c1.jpg?w=600,"석류, 루바브, 플럼, 라즈베리, 워터멜론","클로브, 핑크 페퍼, 과이액목, 올리바넘, 오포포낙스, 로즈, 자스민, 릴리오브더밸리","버지니아 시더, 페출리, 앰버, 머스크","우드, 웜 스파이시, 프루티",어둡고 불가사의한 느낌의 향
22531,https://www.bysuco.com/product/show/22531,블룸 인텐스 오 드 퍼퓸,구찌,59000.0,https://cf.bysuco.net/9a478063c40bff0dccee8d835699c4be.jpg?w=600,"배, 진저, 만다린 오렌지","튜베로즈, 나이트 블루밍 자스민, 자스민 삼박, 오렌지 블라썸","패츌리, 모스, 코코넛",화이트 플로랄,몽환적인 화이트플로랄 부케의 향
694066,https://www.bysuco.com/product/show/694066,포 허 포에버 오 드 퍼퓸,나르시소 로드리게즈,143000.0,https://cf.bysuco.net/619673751bfcd1399391f25d4bfe3e7b.jpg?w=600,"자스민, 프랜지파니, 가드니","오스만투스, 튜베로즈, 아프리칸 오렌지 플라워","머스크, 패촐리","화이트 플로럴, 머스크, 플로럴",아름다움과 우아함에 대한 영원한 찬사를 담은 플로럴 시프레 머스크 향수
225084,https://www.bysuco.com/product/show/225084,오 프레쉬 오 드 뚜왈렛,디올,228000.0,https://cf.bysuco.net/57ef08bafe72feb9a26632a06144cefb.jpg?w=600,"레몬, 만다리안 오렌지",브라질리안 로즈우드,"오크모스, 바닐라","시프러스, 우디, 모씨",시트러스 향이 가미된 이 상큼한 시프레 향수
97159,https://www.bysuco.com/product/show/97159,퓌메리 튀르크 오 드 퍼퓸,세르주 루텐,505000.0,https://cf.bysuco.net/9ccfd761959be3a5eafa7c1642ea99bf.jpg?w=600,"타바코, 허니, 스웨이드, 패츌리, 통카빈, 바닐라, 카모마일, 주니퍼 베리, 터키쉬 로즈, 레드 커런",,,"스위트, 타바코, 허니","Serge Lutens의 Gratte-ciel 컬렉션에 포함된 블론드, 허니 및 스모크 향"
34358,https://www.bysuco.com/product/show/34358,카라 로사 오 드 코롱,산타 마리아 노벨라,210000.0,https://cf.bysuco.net/ae39c3ddb2e915b020f2621d19cfee19.jpg?w=600,"유칼립투스, 라벤더, 임모르텔, 랍다넘, 민트, 펜넬",,,"아로마틱, 우디, 허벌",바람에 실려오는 시원한 그린 발사믹 마린 향
10411,https://www.bysuco.com/product/show/10411,와일드 블루벨 오 드 코롱 선물패키지,조 말론,239000.0,https://cf.bysuco.net/74f56ca35a6c566997933ebbd1a44b9b.jpg?w=600,"캄파눌라, 듀 드랍, 그린 리프, 클로프","감, 피치","머스크, 파우더리 노트","플로랄, 화이트 플로랄, 프레쉬 스파이시",숲 속 깊은 곳에서 빛나고 있는 사파이어
3407614,https://www.bysuco.com/product/show/3407614,포머그래니트 누와 코롱,조 말론,168000.0,https://cf.bysuco.net/0b76c699e754f9b2a1a687bbc02e0fe3.jpg?w=600,"포도석류, 루바브, 자두, 라즈베리, 워터멜론","클로브, 핑크 페퍼, 올리바넘, 오포포낙스, 로즈, 자스민","버지니아 시더, 파출리, 앰버, 머스크","우디, 웜 스파이시, 프루티","석류, 라즈베리, 자두를 섞은 짙은 다홍색 주스에 핑크 페퍼를 넣고 카사블랑카 백합과 숲의 향기를 더했습니다."
12383,https://www.bysuco.com/product/show/12383,레더 퍼퓸 오일,멜린앤게츠,53000.0,https://cf.bysuco.net/d43ef4b1cb95264b8e88bc3b05fb01d8_cvt.webp?w=600,"페퍼, 클로브, 로투스","바이올렛, 릴리오브더밸리, 오키드","샌달우드, 레더, 시더","프루티, 레더, 스위트",은은한 플로럴향과 부드러운 가죽의 우아한 향
10349,https://www.bysuco.com/product/show/10349,잉글리쉬 페어 앤 프리지아 오 드 코롱 스페셜 에디션,조 말론,110000.0,https://cf.bysuco.net/5959c7c092f25997e3979fc939d6eeb3.jpg?w=600,"페어, 멜론","프리지아, 로즈","머스크, 페출리, 루바브, 앰버","플로랄, 프루티, 스위트","가을의 정수. 화이트 프리지아 부케향에 이제 막 익은 배의 신선함을 입히고 호박, 파출리, 우디향으로 은은함을 더했습니다"
3406129,https://www.bysuco.com/product/show/3406129,아이 돈 노우 왓 오 드 퍼퓸,디에스 앤 더가,95000.0,https://cf.bysuco.net/bad3d80cf265abc07260ea4430272cb7.webp?w=600,베르가못 에센스,"이소 이 슈퍼, 베티버","샌달우드, 앰브록스 슈퍼","우디, 앰버, 머스크","프랑스 사람들이 ""I DON'T KNOW WHAT"" 이라고 말하는 것처럼, 어떤 향수도 확실한 향수를 주는 투명한 광채를 가진 향기"
225727,https://www.bysuco.com/product/show/225727,라디오 봄베이 오 드 퍼퓸,디에스 앤 더가,240000.0,https://cf.bysuco.net/a21fd368f1738e721f706e556e76a127.jpg?w=600,"우드, 구리, 시더우드","샌달우드, 아이리스, 브로니아","전나무, 코코넛 머스크, 앰버그리스","우디, 파우더리, 코코넛",열로 인해 나무의 기름이 분해되어 RAGAS와 GEETA DUTT는 바쁜 도시의 작은 스피커에서 장글거리는 소리와 같은 향
225083,https://www.bysuco.com/product/show/225083,디올 에센스 오 드 뚜왈렛,디올,228000.0,https://cf.bysuco.net/5a67bb4bd359f442b46c83743f1c1f8e.jpg?w=600,제라늄,시나몬,패츌리,"웜 스파이시, 패츌리, 프레쉬 스파이시",신비로운 관능미를 담은 여성스러운 오리엔탈 향수
224947,https://www.bysuco.com/product/show/224947,코코 마드모아젤 오 드 뚜왈렛 리필,샤넬,140000.0,https://cf.bysuco.net/de8f66e8fa46cf71ebec1edc0855da20.jpg?w=600,"베르가못, 오렌지, 그레이프 프룻","로즈, 리치, 자스민","패출리, 바닐라, 머스크, 베티버","시트러스, 우디, 패츌리",자유롭고 대담함을 즐길 줄 아는 여성을 위한 공기처럼 가볍고 유혹적인 엠버리 계열의 향수
33320,https://www.bysuco.com/product/show/33320,미우미우 로 로제 오 드 뚜왈렛,미우미우,162000.0,https://cf.bysuco.net/0062de21fb9d7856eecd06638b08c562.jpg?w=600,"카시스, 베르가못, 라임, 레몬","릴리 오브 더 밸리, 피오니, 로즈, 피치, 페어","화이트 머스크, 샌달우드, 바닐라","프레쉬, 플로랄, 시트러스",은방울 꽃이 표현하는 활기찬 여성스러움
9797,https://www.bysuco.com/product/show/9797,문 피버 오 드 퍼퓸,메모,390000.0,https://cf.bysuco.net/723f357e4f43ab7dad19b147047d174a_cvt.webp?w=600,"비터 오렌지, 레몬, 자몽","레몬 버베나, 클라리 세이지, 네롤리","레더, 통카 빈, 베티버","시트러스, 아로마틱",자몽과 베티버 잎이 조화롭게 어우러지는 향
3408594,https://www.bysuco.com/product/show/3408594,헤르만 오 드 퍼퓸,에따 리브르 도량쥬,95000.0,https://cf.bysuco.net/ff6257351cfffd441889e6cb3a055014.jpg?w=600,"블랙페퍼, 갈바넘, 블랙커런트","인센스, 지오스민, 로즈 앱솔루트","베티버, 패출리, 암브록산","엠버, 로즈, 아쿠아틱","고독한 시간이지만 외롭지 않은, 사색적인 산책길을 떠올리게 하는 블랙커런트와 베티버 숲과 흙의 냄새를 
    그려주는 파출리와 갈바넘 온통 어둠으로 가득한 밤 길게 늘어선 나무 숲 사이를 거니는 듯한 기분이 들게 하는 향"
9903,https://www.bysuco.com/product/show/9903,길티 뿌르 팜므 오 드 퍼퓸,구찌,203000.0,https://cf.bysuco.net/93caadcb06a02edad2796454f9d874da.jpg?w=600,"핑크 페퍼, 만다린 오렌지, 베르가못","라일락, 바이올렛, 제라늄, 로즈","페출리, 앰버","플로랄, 바이올렛, 시트러스",자기 표현과 두려움 없는 모습을 상징합니다.
3406125,https://www.bysuco.com/product/show/3406125,피스타치오 오 드 퍼퓸,디에스 앤 더가,240000.0,https://cf.bysuco.net/f0f2a3084d248e983e3dff0e0965cdb3.webp?w=600,": : 피스타치오, 카다멈","많은 피스타치오, 구운 아몬드","훨씬 더 많은 피스타치오, 파출리, 바닐라 크림","우디, 너티, 원 스파이","디에스앤더가 최초의 구어망드(Gourmand) 향수입니다.
이 향수는 별다른 스토리가 필요 없이 피스타치오가 주는 재미, 특히 피스타치오 디저트 맛을 떠오르게 합니다.
처음에는 가볍게 느껴질 수 있지만, 곧 풍부함으로 가득 채워지는 맛있는 향기로 피스타치오의 고소함, 카다멈의 스파이시함, 그리고 바닐라의 부드러움이 조화를 이룹니다."
3406104,https://www.bysuco.com/product/show/3406104,라임 바질 앤 만다린 오 드 코롱 선물패키지,조 말론,110000.0,https://cf.bysuco.net/ae70914431fe40ec2e4d481c99c0094b.jpg?w=600,"라임, 만다린 오렌지, 베르가못","바질, 타임, 아이리스, 라일락","베티버, 페출리","시트러스, 아로마틱, 프레쉬 스파이",현대적인 감각의 클래식한 향
694133,https://www.bysuco.com/product/show/694133,오피움 오 드 뚜왈렛,입생로랑,128000.0,https://cf.bysuco.net/16f0cebf0abfbd1f5d28176dbe003f01.jpg?w=600,"텐저린, 베르가못, 은방울꽃","몰약, 카네이션, 자스민","앰버, 패츌리, 바닐라","앰버, 웜 스파이시, 플로랄",극도의 관능미를 위한 매콤한 동양적 조화
225725,https://www.bysuco.com/product/show/225725,재스민 유카탄 오 드 퍼퓸,디에스 앤 더가,240000.0,https://cf.bysuco.net/e7b228c92b807a910aba60e377bf1dfc.jpg?w=600,"워터, 패션 플라워, 베르가못 에센스","재스민 유카테코, 삼박, 클로브","스네이크 플랜트, 베티버, 코팔","화이트 플로랄, 아쿠아틱, 플로랄",울창한 정글 풀숲을 지나 발견한 자스민 꽃 한송이와 같은 그리너리 플로럴 향
3406123,https://www.bysuco.com/product/show/3406123,브라운 플라워 오 드 퍼퓸,디에스 앤 더가,240000.0,https://cf.bysuco.net/7c574c3882279f93e21db0a9e579053d.webp?w=600,": 아카비아, 건조한 세드라트, 퀸 앤스 레이스","설: 브라운 오키드, 커피 플라워, 삼박 자스민","숙성된 머스크, 뿌리, 커피","플로랄, 화이트 플로랄, 커피","이국적인 드라이 플라워가 공간을 가득 채우고, 오랜 시간 숙성된 식물의 깊은 향이 은은하게 퍼집니다.
   차분하면서도 강렬한 플로럴 노트와 직접 추출한 허브 에센스, 그리고 유럽에서만 구할 수 있는 특별한 머스크까지
   단순한 꽃향을 넘어, 한 사람의 기묘하고 매혹적인 세계를 그려냅니다."
3405262,https://www.bysuco.com/product/show/3405262,줄리엣 오 드 퍼퓸,줄리엣 헤즈 어 건,59000.0,https://cf.bysuco.net/0364af41a8c85887d9d964e4bb90198f.jpg?w=600,"샤워 체리, 핑크 페퍼",자스민,"캐시머란, 통카빈","화이트 플로랄, 스위트, 체리",다크체리의 플로럴함이지만 결코 가볍지 않은 매혹적인 향
225722,https://www.bysuco.com/product/show/225722,스윗 두 낫띵 오 드 퍼퓸,디에스 앤 더가,240000.0,https://cf.bysuco.net/1cb103bfdf165b86722861ef0430433d.jpg?w=600,"네롤리, 그린 코요테 콜라, 사막 고추","텍사스 무화과, 오렌지 플라워, 인센스","텍사스 삼나무, 워터 머스크, 크레오소트","스모키, 우디, 화이트 플로랄","오렌지 꽃, 꽃이 핀 선인장, 텍사스 삼나무, 무화과, 크레오소트 사이의 조화를 포착한 향수"
34371,https://www.bysuco.com/product/show/34371,산달로 오 드 코롱,산타 마리아 노벨라,210000.0,https://cf.bysuco.net/2e5d361470f47919c2549dd7755ff198.jpg?w=600,샌달우드,,,우디,인도의 샌달우드에서 영감 받은 따뜻한 오리엔탈 향
10515,https://www.bysuco.com/product/show/10515,샴스 오드 오 드 퍼퓸,메모,390000.0,https://cf.bysuco.net/233f849a66d5c3a7c3c3c904b312d1da_cvt.webp?w=600,"페퍼, 샤프론, 진저","나가르모타, 베티버","아가우드, 프렌치 랍다넘, 톨루 발삼, 자작나무, 때죽나무, 통카 빈","앰버, 웜 스파이시, 우디",뜨거운 태양이 연상되는 스파이시한 향기를 완성한 향수
141242,https://www.bysuco.com/product/show/141242,뱀부 오 드 뚜왈렛,구찌,127000.0,https://cf.bysuco.net/36e4d2207ddc61f5e1af2a25a171643e.jpg?w=600,"시칠리아 베르가못, 오렌지 블로썸, 배, 이탈리안 만다린","카사블랑카 릴리, 자스민, 일랑일랑","화이트 머스크, 용연향, 타히티안 바닐라, 산달우드","화이트 플로랄, 시트러스",샌들우드와 그레이 앰버는 여성스러움을 더해 주고 우디한 향과 적절한 조화를 이루는 향
32610,https://www.bysuco.com/product/show/32610,브레인 데드 X 카나비스 퍼퓸 오일 리미티드 에디션,멜린앤게츠,53000.0,https://cf.bysuco.net/f60af469b9b04b481848147b2dcbc663.jpg?w=600,"블랙페어, 베르가못",매그놀리아,"패츌리, 시더, 샌달우드","우디, 스파이시",오래도록 머무르는 연기를 떠오르게 하는 풍부한 흙내음
2351490,https://www.bysuco.com/product/show/2351490,노토리어스 우드 오 드 퍼퓸,디에스 앤 더가,240000.0,https://cf.bysuco.net/518cda152bfa9752f4e4b2f8322562f4.jpg?w=600,"샤프론, 캄포, 칼라눔","아가 우드, 불가리안 로즈, 라벤더","파피루스, 사향, 세타록스","오우드, 웜 스파이시, 우디",세계 곳곳의 최고급 원료를 모아 창조해낸 오우드에 대한 디에스앤더가의 재해석
693983,https://www.bysuco.com/product/show/693983,라비에벨 아이리스 앱솔루 오 드 퍼퓸,랑콤,150000.0,https://cf.bysuco.net/ef54a9054e1b6ad718a9bf201cbaebcf.jpg?w=600,"블랙 커런트, 배","아이리스, 오렌지 블라썸, 다마스크 로즈, 자스민","프랄린, 캐시미어 우드, 바닐라, 통카빈","스위트, 바닐라, 우디",우아한 아이리스와 과일 향의 매혹적인 향수
34364,https://www.bysuco.com/product/show/34364,마레시알라 오 드 코롱,산타 마리아 노벨라,210000.0,https://cf.bysuco.net/78ae9a664b128b8c7e24b4b329c2e9ef.jpg?w=600,"물냉이, 시트러스","버지니아 시더, 로즈","오크모스, 패츌리, 샌달우드","우디, 얼씨, 모스",스파이시한 우디 오리엔탈의 향
224928,https://www.bysuco.com/product/show/224928,코코 오 드 뚜왈렛,샤넬,166000.0,https://cf.bysuco.net/fd35243230223ad99cef3890c64075a5.jpg?w=600,"불가리안 로즈, 코리안더, 피치, 자스민, 만다린 오렌지","클로브, 로즈, 오렌지 블로썸, 클로버","앰버, 샌달우드, 통카빈, 오포포낙스, 시벳, 바닐라, 랍다넘","앰버, 웜 스파이시, 스위트",예측하지 못한 프레시 오리엔탈 향
34372,https://www.bysuco.com/product/show/34372,튜브로사 오 드 코롱,산타 마리아 노벨라,210000.0,https://cf.bysuco.net/953d9faf946da0f6b3ac9b7b077778cb.jpg?w=600,"자스민, 오렌지 플라워, 일랑일랑","튜베로즈, 클로브, 페퍼","스타이랙스, 벤조인, 샌달우드, 버지니아 시더","화이트플로랄, 튜베로즈, 웜 스파이시",튜베로즈의 강렬한 도발이 돋보이는 향
2200759,https://www.bysuco.com/product/show/2200759,미스틱 익스페리언스 오 드 퍼퓸,이니시오 퍼퓸,553000.0,https://cf.bysuco.net/4b4e7390542040603cd32d2bec894030.jpg?w=600,"앰버, 샌달우드, 커피, 머스크, 오크모스",,,"우디, 앰버, 파우더리",머스크와 커피의 강렬하고 품격 있는 조합과 초월적인 경험을 추구하는 입문자를 위한 향수
22483,https://www.bysuco.com/product/show/22483,이레지스터블 오 드 뚜왈렛,지방시,185000.0,https://cf.bysuco.net/0195dbfd77dd1951db9a54a9f13156d0.jpg?w=600,"로즈워터, 카시스","다마스크 로즈, 아이리스","화이트 머스크, 버지니아 시더","로즈, 머스크, 파우더리",프레쉬한 향과 자유분방한 매력
2351486,https://www.bysuco.com/product/show/2351486,미시시피 메디슨 오 드 퍼퓸,디에스 앤 더가,240000.0,https://cf.bysuco.net/82b328cd90ea77097f17a4b5456c6253.jpg?w=600,"자작나무, 사이프러스, 인센스, 캐나다 소나무, 향나무, 제비꽃, 알데히드",,,"우디, 스모키, 아로마틱",1200년대 미시시피 원시 원주민의 숭배의 의식을 영감으로 탄생한 향기
141080,https://www.bysuco.com/product/show/141080,로 레베 다리아 오 드 뚜왈렛,시슬리 코스메틱,145000.0,https://cf.bysuco.net/a1ef6c874eb08677af49a4a9e35ead0d.jpg?w=600,"베르가못, 만다린, 진저","오스만투스, 블랙커런트, 넛멕","닐라, 벤조인, 파출리","시트러스, 프루티, 웜 스파이시",관능적이고 매혹적인 데블우드: 프루티하면서 레더의 향이 동시에 묻어나는 신비로운 플로럴 향과 스파이시한 진저 향의 조화
3408525,https://www.bysuco.com/product/show/3408525,플라잉 오 드 퍼퓸,메종 마르지엘라,325000.0,https://cf.bysuco.net/8e357765d592527a0d79f56814262729.jpg?w=600,오렌지 블로썸,머스크,앰버,"머스크, 플로럴, 앰버, 소프트","은은한 오렌지 블로썸의 맑은 플로럴이 공기처럼 가볍게 퍼지며, 머스크와 앰버의 포근한 온기가 더해져 구름 위를 떠다니는 듯 부드럽고 깨끗하게 감싸는 소프트 머스크 향"
225164,https://www.bysuco.com/product/show/225164,하이어 오 드 뚜왈렛,디올,188000.0,https://cf.bysuco.net/5b95a4e6cb36204ac8a688535c5256fd.jpg?w=600,"배, 바질, 레몬, 복숭아","사이프러스, 로즈마리, 카다멈, 페퍼","머스크, 시더","아로마틱, 프레쉬 스파이시, 프루티",놀라운 아로마 우디 향이 현재의 삶을 즐기지만 영원한 남성성을 표방하는 남성을 위해 탄생한 향
141076,https://www.bysuco.com/product/show/141076,로 레베 디자 오 드 뚜왈렛,시슬리 코스메틱,145000.0,https://cf.bysuco.net/d9be45ba249408ddc85884b5b5a939f7.jpg?w=600,"베르가못, 블랙 페퍼, 핑크 베리","자스민 로즈, 그린티","머스크, 오크모스 패출리","모씨, 얼디, 로즈",따듯한 햇빛을 가득 머금은 신선한 자스민 플라워: 강렬한 스파이스와 담대한 화이트 플라워의 아름다운 조합
140891,https://www.bysuco.com/product/show/140891,노마드 뉘 드 이집트 오 드 퍼퓸,끌로에,135000.0,https://cf.bysuco.net/05f0996e3b347d05734350d62eac53cb.jpg?w=600,"미르, 시나몬, 진저","오렌지 블라썸, 금작화, 카이피","바닐라, 오포포낙스, 향부자","스위트, 화이트 플로랄, 앰버",인류 최초의 향수로 알려진 고대 카이피에서 영감을 받은 이 매력적인 향
96931,https://www.bysuco.com/product/show/96931,플레저 포 맨 오 드 코롱,에스티 로더,175000.0,https://cf.bysuco.net/6900e0427ca38a02a892a28b0f2b6bdc_cvt.webp?w=600,"넥타린, 워터 노트, 자몽, 그린노트","라벤더, 로즈, 페퍼, 제라늄, 진저, 피멘토, 코리앤더","에보니, 오크모스, 벤조인, 샌달우드","웜 스파이시, 프레쉬 스파이시, 아로마틱",따뜻함과 시원함이 공존하는 아로마의 향
31025,https://www.bysuco.com/product/show/31025,씨 패션 에끌라 오 드 퍼퓸,조르지오 아르마니,123000.0,https://cf.bysuco.net/ecb0cbef6e84260c24ad9592179e825d.jpg?w=600,"블랙 커런트, 베르가못","메이 로즈, 다마스크 로즈","머스크, 마다카스카 바닐라","프루티, 로즈, 머스크",대담하고 매혹적인 향수
3408529,https://www.bysuco.com/product/show/3408529,셀레스티얼 위스퍼스 오 드 퍼퓸,메종 마르지엘라,325000.0,https://cf.bysuco.net/0e87c3d68b57e0fe30e3711a452d5eaa.jpg?w=600,화이트 플로럴 노트,아이리스,"머스크, 앰버","플로럴, 머스크, 앰버, 소프트","투명한 화이트 플로럴의 은은한 향기가 공기처럼 부드럽게 퍼지며, 머스크와 앰버의 따뜻한 온기가 더해져 고요하고 몽환적인 여운으로 남는 소프트 머스크 플로럴 향"
141084,https://www.bysuco.com/product/show/141084,로 레베 디까르 오 드 뚜왈렛,시슬리 코스메틱,145000.0,https://cf.bysuco.net/de5b59d21e6afd13f6bc89c3fecc70de.jpg?w=600,"레몬, 비터 오렌지, 제라늄","렌티스크, 아이리스","베티베르, 시스투스, 샌들우드","아로마틱, 시트러스, 우디",투명한 렌티스크 : 나무 관목과 베티베르 흙냄새의 조화
96934,https://www.bysuco.com/product/show/96934,에스티 슈퍼 오 드 퍼퓸,에스티 로더,175000.0,https://cf.bysuco.net/e4ee671890554af44033f72831b7c572_cvt.webp?w=600,"자스민, 로즈, 릴리 오브 더 밸리","일랑일랑, 코리앤더, 오리스",모스 샌달우드,"화이트 플로랄, 옐로우 플로랄, 스위트",클래식하면서도 페미닌한 생생한 플로랄의 향
140889,https://www.bysuco.com/product/show/140889,노마드 자스민 나츄렐 인텐스 오 드 퍼퓸,끌로에,136000.0,https://cf.bysuco.net/c244c94cc200b7344a8277acb56fb283.jpg?w=600,"미라벨, 배","대추야자, 이집트 자스민, 프리지아","바닐라, 샌달우드, 오크모스, 파출리","스위트, 프루티, 화이트 플로랄",자연을 기념하고 보호하려는 열망으로 탄생한 빛나는 플로랄 향.
96921,https://www.bysuco.com/product/show/96921,센슈어스 오 드 퍼퓸,에스티 로더,175000.0,https://cf.bysuco.net/cb73ee0f1607b777187381e9d42e4204_cvt.webp?w=600,"릴리, 자스민, 매그놀리아","우디, 앰버, 일랑일랑","샌달우드, 허니, 만다린 오렌지","우디, 허니, 앰버",따뜻하고 부드러운 여성의 살결과 같은 향
694007,https://www.bysuco.com/product/show/694007,매직 느와르 오 드 뚜왈렛,랑콤,237000.0,https://cf.bysuco.net/c9d8f466eded65677558b68aee0a19b6.jpg?w=600,"갈바늄, 카시아, 히아신스, 불가리아 로즈, 산딸기, 베르가못","꿀, 수선화, 삼나무, 이리스 뿌리, 일랑일랑, 튜베로즈, 자스민, 은방울꽃","오크모스, 향료, 패츌리, 인텐스, 앰버, 샌달우드, 베티버, 머스크","우디, 그린, 얼",동양적이고 신비롭 매혹적인 향수
225090,https://www.bysuco.com/product/show/225090,쁘와종 오 드 뚜왈렛,디올,171000.0,https://cf.bysuco.net/fabf823c4904b3c0fca013e67ab7935c.jpg?w=600,"플럼, 와일드 베리, 코리앤더, 아니스, 로즈우드","튜베로즈, 인센스, 화이트 허니, 시나몬, 자스민 오포포낙스, 카네이션, 아프리칸 오렌지 플라워, 로즈","바닐라, 앰버, 샌달우드, 머스크, 헬리오트로프","프루티, 스위트, 앰버",잊을 수 없는 강렬한 힘이 느껴지는 오리엔탈 계열 향
3408593,https://www.bysuco.com/product/show/3408593,고스트 인 더 쉘 오 드 퍼퓸,에따 리브르 도량쥬,95000.0,https://cf.bysuco.net/acba1e4d1efa580ab8e8b7a133400660.jpg?w=600,"아쿠아, 유자, 헥실 아세테이트","자스민, 무가네, 밀키 스킨 어코드","모스 코드, 비닐 가이아콜, 이끼","락토닉, 시트러스, 플로랄","가볍고 상쾌한 시트러스 향은 해가 질 때 불어오는 차가운 바람을 떠올리게 합니다. 
    강렬한 재스민과 편안한 밀키 향이 어우러져 영원한 재시작을 의미합니다. 
    이 향수는 인간 본성의 복잡성과 스스로를 뛰어넘고 한계를 초월하는 능력을 상징합니다."
225110,https://www.bysuco.com/product/show/225110,쟈도르 롤러 펄 인피니심 오 드 퍼퓸,디올,98000.0,https://cf.bysuco.net/786ea306fe5724721ac8829ffaae4b40.jpg?w=600,"블러드 오렌지, 핑크 페퍼, 베르가못","튜베로즈, 일랑일랑, 자스민 삼박, 릴리오브더밸리, 로즈",샌달우드,"화이트 플로랄, 튜베로즈, 우디",풍성한 화이트 플로랄의 향기에 우디가 더해진 육감적인 향
224910,https://www.bysuco.com/product/show/224910,넘버5 오 드 뚜왈렛 리필 스프레이,샤넬,197000.0,https://cf.bysuco.net/c7c07d9830e77a69faf1d0c5e43c5d0f.jpg?w=600,"알데하이드, 일랑일랑, 네롤리, 아말피 레몬, 베르가못","아이리스, 자스민, 로즈, 오리스 루트, 릴리오브더밸리","시벳, 샌달우드, 머스크, 오크모스, 베티버, 앰버, 바닐라, 패출리","우디, 파우더리, 알데하이드",우아하고 매혹적이면서 모던한 향수
33505,https://www.bysuco.com/product/show/33505,리마커블 피플 오 드 퍼퓸,에따 리브르 도량쥬,150000.0,https://cf.bysuco.net/bd9b976fc51e8065c57db08b3ff689b9.jpg?w=600,"자몽, 샴페인, 카다멈","블랙페퍼, 커리 트리, 자스민","샌달우드, 로레녹스, 랍다넘","웜 스파이시, 시트러스, 우디",청량하고 깨끗함이 느껴지는 스파이시 시트러스
9923,https://www.bysuco.com/product/show/9923,길티 뿌르 팜므 오 드 뚜왈렛,구찌,127000.0,https://cf.bysuco.net/a29dd9e9cfa652ad23e3559a31d418d7.jpg?w=600,"핑크 페퍼, 만다린 오렌지","라일락, 피치, 자스민, 라즈베리, 제라늄, 블랙 커런트","화이트 머스크, 앰버, 페출리, 바닐라","플로랄, 프루티, 머스크",가볍고 신선한 여성스러운 향
225102,https://www.bysuco.com/product/show/225102,이쁘노틱 쁘와종 롤러 펄 오 드 뚜왈렛,디올,77000.0,https://cf.bysuco.net/80075f1141890be9da247c0034aa4e0e.jpg?w=600,"코코넛, 플럼, 아프리콧","브라질리안 로즈우드, 자스민, 카라웨이, 튜베로즈, 로즈, 릴리오브더밸리","바닐라, 아몬드, 샌달우드, 머스크","바닐라, 아몬드, 파우더리",아몬드와 자스민이 어우러진 관능적인 바닐라의 은은한 오리엔탈 향수
224927,https://www.bysuco.com/product/show/224927,코코 오 드 퍼퓸 리필,샤넬,195000.0,https://cf.bysuco.net/1adc394dd638a947d8a48e43f2af16fc.jpg?w=600,"불가리안 로즈, 코리안더, 피치, 자스민, 만다린 오렌지","클로브, 로즈, 오렌지 블로썸, 미모사, 클로버","앰버, 샌달우드, 통카빈, 오포포낙스, 시벳, 바닐라, 랍다넘","앰버, 웜 스파이시, 스위트",예측하지 못한 오리엔탈 향
693934,https://www.bysuco.com/product/show/693934,씨 오 드 퍼퓸 리필,조르지오 아르마니,218000.0,https://cf.bysuco.net/e99ec782f4a9861a798e64018efa035a.jpg?w=600,블랙커런트,"메이 로즈, 프리지아","바닐라, 패츌리, 우디 노트, 암브록산","우디, 바닐라, 아로마틱",세련되고 관능적인 현대 시프르 향수
96925,https://www.bysuco.com/product/show/96925,알리아지 스포츠 오 드 퍼퓸,에스티 로더,175000.0,https://cf.bysuco.net/81dc85c2e13be2d3bb3a7a2ff4d5e458_cvt.webp?w=600,"그린노트, 시트러스, 자스민","아르테미지아, 로즈, 너트맥","오크모스, 베티버, 시더","얼씨, 모시, 우디",캐주얼한 최초의 스포츠 향수
649485,https://www.bysuco.com/product/show/649485,아쿠아 디 지오 옴므 오 드 뚜왈렛,조르지오 아르마니,215000.0,https://cf.bysuco.net/4c21c8bdcc434710fe965755bcf32329.jpg?w=600,"라임, 레몬, 베르가못, 자스민, 오렌지, 만다린 오렌지, 네롤리","시 노트, 자스민, 칼론, 로즈마리, 피치, 프리지아, 히아신스, 시클라멘, 바이올렛, 코리안더, 맥, 로즈","화이트 머스크, 시더 오크모스, 페출리, 앰버","시트러스, 아로마틱, 마린",내면의 자유와 평화를 선사하는 향.
693994,https://www.bysuco.com/product/show/693994,이돌 아우라 오 드 퍼퓸,랑콤,117000.0,https://cf.bysuco.net/af02bcc74a10b4041ce43d0b60799b7c.jpg?w=600,"솔트, 로즈, 베르가못","로즈, 자스민","비번 바닐라, 솔트, 머스크, 헬리오트로프","바닐라, 로즈, 솔티",태양이 내리쬐는 꽃향과 바닐라 향
9290,https://www.bysuco.com/product/show/9290,001 맨 오 드 퍼퓸,로에베,198000.0,https://cf.bysuco.net/feaaa3cf4be9ff975abd5799fa9236f8.jpg?w=600,"카다멈, 칼라브리안 베르가못, 만다린 오렌지","암브레트, 시더, 캐롯 씨드, 베티버, 사이프러스","바이올렛, 화이트 머스크, 인도네시안 패출리 리프","우디, 파우더리, 아로마틱",첫날 밤 이후의 속삭임처럼 부드럽고 은밀한 우디 향
10296,https://www.bysuco.com/product/show/10296,어나더 13 오 드 퍼퓸,르 라보,310000.0,https://cf.bysuco.net/ea50f67fafb51e48a8e09764e9635e4b.jpg?w=600,"페어, 애플, 시트러스","암브레트, 초산 살리실산, 모스, 자스민","이소이수퍼, 세타록스, 암브레톨리드","머스크, 앰버, 우디",백지장과 같이 순수하며 새하얀 느낌을 지닌 향으로 마치 캘리포니아 절벽 꼭대기에 있는 집처럼 아주 날카로운 매력을 갖고 있다.
3406301,https://www.bysuco.com/product/show/3406301,어스 오 드 퍼퓸,로에베,198000.0,https://cf.bysuco.net/a7194ee37dd14a19a381133c334ff661.jpg?w=600,"미모사, 바이올렛, 배, 트러플, 엘레미",,,"파우더리, 바이올렛, 옐로우 플로랄","눈에 보이는 것에서 보이지 않는 것까지, 내면과 외면 세계를 통합한 향수"
21984,https://www.bysuco.com/product/show/21984,블루 드 샤넬 오 드 퍼퓸,샤넬,151000.0,https://cf.bysuco.net/701408e3bf3b1d5b100fd90e2258685c.jpg?w=600,"그레이프 프룻, 레몬, 민트, 핑크 페퍼, 베르가못, 알데하이드, 코리안더","진저, 너트맥, 자스민, 멜론","인센스, 앰버, 시더, 샌달우드, 패출리, 앰버우드, 랍다넘","시트러스, 앰버, 우디",현실과 규칙에서 벗어나 진취적으로 삶을 살아가는 남성을 위한 향
23135,https://www.bysuco.com/product/show/23135,바카라 루쥬 540 오 드 퍼퓸,메종 프란시스 커정,430000.0,https://cf.bysuco.net/e4d1ecd7be9b292e9242af0d13c65b57.jpg?w=600,"샤프론, 자스민","앰버우드, 앰버그리스","퍼 레진, 시더","우디, 앰버, 웜 스파이시",프란시스 커정이 선사하는 매혹적인 감각의 연금술
9289,https://www.bysuco.com/product/show/9289,001 맨 오 드 뚜왈렛,로에베,172000.0,https://cf.bysuco.net/fab559501dd5d7b6bacb6ee0c915613f.jpg?w=600,"샌달우드, 머스크, 라벤더",,,"우디, 파우더리, 머스키",첫날 밤 이후의 속삭임처럼 부드럽고 은밀한 우디 향
23134,https://www.bysuco.com/product/show/23134,바카라 루쥬 540 오 드 퍼퓸,메종 프란시스 커정,302000.0,https://cf.bysuco.net/def337394e74e22bc0c73e7000cbb8a9.jpg?w=600,"샤프론, 자스민","앰버우드, 앰버그리스","퍼 레진, 시더","우디, 앰버, 웜 스파이시",프란시스 커정이 선사하는 매혹적인 감각의 연금술
3408216,https://www.bysuco.com/product/show/3408216,플레르 드 뽀 오 드 퍼퓸,딥티크,50000.0,https://cf.bysuco.net/385ed76a08cae5b2312ff3d84308c041.jpg?w=600,"알데하이드, 핑크 페퍼, 앤젤리카, 베르가못","아이리스, 터키쉬 장미","머스크, 암브레트, 당근, 앰버그리스, 샌달우드, 레더, 앰버우드","머스크, 파우더리, 아이리스",달콤한 숨소리로 로맨틱한 포옹을 하는 듯한 관능적인 체취를 느낄 수 있는 향
3406297,https://www.bysuco.com/product/show/3406297,파울라 이비자 오 드 뚜왈렛,로에베,156000.0,https://cf.bysuco.net/310c3df951f0d4632d18afda08305bfc.jpg?w=600,"갈바넘, 코코넛, 만다린 오렌지","드리프트 우드, 프랑지파니, 나르시스","앰버 그리스, 패춀리, 버번 바닐","우디, 그린, 코코아",일상에서 벗어난 보헤미안스럽고 여유로운 정신을 담아낸 향
3405533,https://www.bysuco.com/product/show/3405533,포트레이트 오브 어 레이디 오 드 퍼퓸(15주년 한정판),프레데릭 말,754000.0,https://cf.bysuco.net/19d14789aee5c33404a34ff109b28ea0.jpg?w=600,"로즈, 클로브, 라즈베리, 블랙 커런트, 시나몬, 레드 베리","페출리, 인센스, 샌달우드, 터키쉬 로즈, 일랑 일랑","머스크, 벤조인, 앰버, 인센스, 머스크, 샌달우드, 시더, 바닐라","웜 스파이시, 패춀리, 로즈","마치 자석처럼 사람을 유혹하고 오감을 만족시키는 아름다움, 최고의 터키쉬 로즈 에센스가 방대한 양으로 사용된 새로운 개념의 오리엔탈 로즈의 향"
9218,https://www.bysuco.com/product/show/9218,엔젤 디 피렌체 오 드 코롱,산타 마리아 노벨라,145000.0,https://cf.bysuco.net/4dbf77f7a43842412b20a6f310fcaa8c.jpg?w=600,"자스민, 일랑일랑, 시클라멘","멜론, 피치, 아이리스, 블랙 커런트","화이트 머스크, 바닐라","화이트 플로랄, 오조닉, 아쿠아틱",달콤한 피렌체 천사의 향기를 느낄 수 있다
23141,https://www.bysuco.com/product/show/23141,724 오 드 퍼퓸,메종 프란시스 커정,376000.0,https://cf.bysuco.net/3156fbc7fc3f17830d93a67cdacd7d5b.jpg?w=600,"알데하이드, 칼라브리안 베르가못","이집트 자스민, 고광나무, 스위트피","화이트 머스크, 샌달우드","화이트 플로랄, 알데하이드, 머스크",뉴욕의 이른 아침의 세탁소를 지나가며
225158,https://www.bysuco.com/product/show/225158,화렌하이트 오 드 뚜왈렛,디올,134000.0,https://cf.bysuco.net/192646f3534c20bb66ce528c7bb9cac4.jpg?w=600,"넛맥 꽃, 라벤더, 시더, 캐모마일, 만다린 오렌지","바이올렛 잎, 넛맥, 시더, 샌달우드, 카네이션","레더, 베디버, 머스크, 앰버, 패츌리, 통카빈","레더, 우디, 프레쉬 스파이",오래도록 지속되는 강렬한 향기를 남기는 유니크하고 대조적인 시그니처 향
9538,https://www.bysuco.com/product/show/9538,H24 오 드 뚜왈렛,에르메스,60000.0,https://cf.bysuco.net/44be29046a50a889ad9b8af23a8e210a_cvt.webp?w=600,클라리 세이지,나르시스,"로즈우드, 메탈릭 노트","아로마틱, 그린, 메탈릭, 프레시","차갑고 맑은 공기를 닮은 클라리 세이지와 나르시스의 그린함이 투명하게 퍼지며, 메탈릭한 미네랄 감과 머스크가 어우러져 현대적이고 도시적인 여운으로 남는 프레시 아로마틱 향"
34243,https://www.bysuco.com/product/show/34243,에센셜 컬렉션 포 맨,프레데릭 말,240000.0,https://cf.bysuco.net/8fd602749c3183212fdf24e749202a23.jpg?w=600,,,,,에디션 드 파르펭 프레데릭 말의 7ml*5로 구성된 시그니처 남성 향수 에센셜 컬렉션 세트입니다.
3408521,https://www.bysuco.com/product/show/3408521,와일드 베티버 오 드 퍼퓸,크리드,410000.0,https://cf.bysuco.net/6bf4a87beea2431bdfa3108d5695085d.jpg?w=600,"티무르 베리, 베르가못, 핑크 페퍼","로즈 센티폴리아, 제라늄, 블랙커런트 버드","베티버, 시더우드, 앰버우드","베티버, 우디, 스파이시, 그린","스파이스한 티무르 베리와 베르가못의 생기 있는 시트러스가 활기차게 열리고, 장미 센티폴리아와 제라늄의 은은한 플로럴이 조화를 이루며, 베티버와 시더우드, 앰버우드가 정제된 자연의 깊이를 남기는 세련된 우디 베티버 향"
3406959,https://www.bysuco.com/product/show/3406959,프리베 피브완 수저우 오 드 뚜왈렛,조르지오 아르마니,230000.0,https://cf.bysuco.net/75f7ed6932fd7c17e90e0b6c50226f0d.jpg?w=600,"라즈베리, 핑크 페퍼, 그린 만다린","피오니, 로즈","머스크, 앰버, 파촐리","로즈, 플로랄, 프루티",아시아의 베니스라 불리는 중국의 수저우 지방의 아름다운 연못을 지닌 정원에서 영감을 받아 탄생한 피보완 수저우는 맑은 연못에 활짝 핀 작약 한 송이가 전하는 생기 넘치고 감각적인 향입니다.
694116,https://www.bysuco.com/product/show/694116,리브르 르 퍼퓸,입생로랑,155000.0,https://cf.bysuco.net/1cd8352a48fbfc2f9702a989c8fa07c8.jpg?w=600,"만다린 오렌지, 베르가못, 진저, 샤프란","오렌지 블라썸, 라벤더","부르본 바닐라, 꿀, 통카 빈, 베티버","바닐라, 스위트, 시트러스",대담한 리브르의 향에 진저와 사프란의 악센트가 더해진 강렬한 스파이시 플로럴 향수
96706,https://www.bysuco.com/product/show/96706,글롬 오 드 퍼퓸,이솝,225000.0,https://cf.bysuco.net/2fd53cfaf6d12d90f2002ced05c4ae48.jpg?w=600,"핑크페퍼, 카다멈, 오렌지 플라워","샤프란, 자스민 삼박, 미모사","아이리스, 패출리, 코파이바","파우더리, 아이리스, 우디",명상을 위한 고요한 향
3407109,https://www.bysuco.com/product/show/3407109,아크네 스튜디오 파 프레데릭 말 오 드 퍼퓸,프레데릭 말,115000.0,https://cf.bysuco.net/06f9a117f4c1ff8f49f699e2e1d83a52.jpg?w=600,"알데하이드, 로즈, 바이올렛, 오렌지블라썸, 바닐라, 피치, 샌달우드, 프랑킨센스, 머스크",,,"알데하이드, 바닐라, 프루티",아크네 스튜디오의 머플러의 색감과 텍스쳐를 닮은 포근하고 달콤한 향
33012,https://www.bysuco.com/product/show/33012,아쿠아 미디어 코롱 포르테 오 드 퍼퓸,메종 프란시스 커정,339000.0,https://cf.bysuco.net/2a464aab60d0243897d774e14b17cdc9.jpg?w=600,"버베나, 베르가못","펜넬, 헤디온","마차 티, 머스크, 우디 노트","시트러스, 그린, 프레쉬",머스크와 시트러스가 어우러져 활기차고 신선한 향
23140,https://www.bysuco.com/product/show/23140,724 오 드 퍼퓸,메종 프란시스 커정,220000.0,https://cf.bysuco.net/4e7b62122481c7338e3046ebf61d9b5c.jpg?w=600,"알데하이드, 칼라브리안 베르가못","이집트 자스민, 고광나무, 스위트피","화이트 머스크, 샌달우드","화이트 플로랄, 알데하이드, 머스크",뉴욕의 이른 아침의 세탁소를 지나가며
23364,https://www.bysuco.com/product/show/23364,포 허 퓨어 머스크 오 드 퍼퓸,나르시소 로드리게즈,143000.0,https://cf.bysuco.net/845e6715bbdb8f464c5301a9b7956ff3.jpg?w=600,머스크,플로랄,캐쉬미란,"머스크, 플로랄, 파우더리",궁극의 순수함을 담은 중독적 머스크
693978,https://www.bysuco.com/product/show/693978,잉글리쉬 페어 앤 스윗 피 오 드 코롱,조 말론,110000.0,https://cf.bysuco.net/03360bf10fd00358bdcde0757c86791d.jpg?w=600,윌리엄 페어,스위트피,화이트 머스크,"플로랄, 머스크, 스위트",햇살이 따스하게 내리쬐는 과수원에서 무르익기 직전의 매혹적인 배가 가지에 가득 달려 생기를 불어넣는 향
9365,https://www.bysuco.com/product/show/9365,로얄 프린세스 우드 오 드 퍼퓸,크리드,350000.0,https://cf.bysuco.net/d2d2f07678df1c82b84dd824253acf63.jpg?w=600,"베르가못, 바이올렛, 로즈","패출리, 투스칸 아이리스, 자스민, 바닐라 압솔루트","아가우드, 샌달우드, 시암 벤조인, 때죽나무","파우더리, 우디, 바이올렛",자극적이고 우아한 향기를 드러내며 관능적인 잔향을 남기는 향
22704,https://www.bysuco.com/product/show/22704,아쿠아 알레고리아 베르가못 칼라브리아 오 드 뚜왈렛,겔랑,178000.0,https://cf.bysuco.net/f5d5369abd331d5f73754110a3ae39f6.jpg?w=600,"칼라브리안 베르가못, 페티그레인","진저, 카다멈","화이트 머스크, 우디 노트","시트러스, 웜 스파이시, 아로마틱",스파이시함과 따뜻함을 더하고 부드럽게 감싸며 마무리하는 향
3405893,https://www.bysuco.com/product/show/3405893,보야지 데르메스 오 드 뚜왈렛,에르메스,60000.0,https://cf.bysuco.net/256c205e63c1c4f70d01342cbc43eede.webp?w=600,"카다멈, 아말피 레몬, 스파이스, 주니퍼 베리","티, 그린 노트, 플로랄 노트","우디 노트, 머스크, 시더","웜 스파이시, 시트러스, 그린",머스키한 우디노트가 표현하는 따듯하고 감각적인 향
2200768,https://www.bysuco.com/product/show/2200768,머스크 테라피 엑스뜨레 드 퍼퓸,이니시오 퍼퓸,591000.0,https://cf.bysuco.net/5304f16962d05b3d33388cd6dad34ee8.jpg?w=600,"화이트 머스크, 머스크, 블랙 커런트, 베르가못, 만다린 오렌지, 메그놀리아, 화이트 샌달우드, 헤디온",,,"시트러스, 머스크, 플로랄",마법 같은 기분 향상제와 휴식과 같은 향수
3407917,https://www.bysuco.com/product/show/3407917,엔젤스 쉐어 온 더 락스 오 드 퍼퓸,킬리안,420000.0,https://cf.bysuco.net/42ac0627a03bd026d729fbc0063299fb.jpg?w=600,"그레이프프루트, 베르가못, 이탈리안 레몬, 아이스, 비터 오렌지, 만다린, 알데하이드","코냑, 시나몬, 캐러멜","통카빈, 오크, 샌달우드, 캐시미어 우드, 미르","우디, 시트러스, 웜 스파이시","오리지널 엔젤스 쉐어의 달콤한 코냑·우디 베이스에 자몽과 레몬이 얼음 띄운 위스키 칵테일처럼 톡 쏘며 얹힌, 시원하고 부즈한 향"
30313,https://www.bysuco.com/product/show/30313,라방드 31 오 드 퍼퓸,르 라보,310000.0,https://cf.bysuco.net/3dd1af944e5b5a270289b200dee300ac.jpg?w=600,"네롤리, 베르가못",라벤더,"머스크, 통카, 앰버","시트러스, 라벤더, 머스크",할머니의 고풍스러운 욕실 세면대 옆에 놓인 보라색 비누가 생각나는 향
3406939,https://www.bysuco.com/product/show/3406939,본조르노 오 드 퍼퓸,아쿠아 디 파르마,250000.0,https://cf.bysuco.net/2c74ba280ff4a664123b163dbb0a12d1.jpg?w=600,"스피어 민트, 바질, 레몬, 로즈마리","만다린 잎, 라벤더","화이트 머스크, 센달우드, 앰버","프레쉬 스파이시, 그린, 아로마틱",활기찬 새로운 시작의 순간을 담아낸 향
224946,https://www.bysuco.com/product/show/224946,코코 마드모아젤 오 드 뚜왈렛,샤넬,166000.0,https://cf.bysuco.net/199eab4b3120d4d3b5fcf994e9f48e14.jpg?w=600,"베르가못, 오렌지, 그레이프 프룻","로즈, 리치, 자스민","패출리, 바닐라, 머스크, 베티버","시트러스, 우디, 패츌리",자유롭고 대담함을 즐길 줄 아는 여성을 위한 공기처럼 가볍고 유혹적인 엠버리 계열의 향수
22481,https://www.bysuco.com/product/show/22481,이레지스터블 오 드 퍼퓸,지방시,135000.0,https://cf.bysuco.net/b2c83b10c9e9c60e28a282abf6272aef.jpg?w=600,"페어, 암브레트","로즈, 아이리스","머스크, 버지니아 시더","머스크, 프루티, 로즈",거부할 수 없는 장미 향의 매력
225346,https://www.bysuco.com/product/show/225346,바질 앤 네롤리 오 드 코롱,조 말론,239000.0,https://cf.bysuco.net/737504e6b342aa2dcbb45e1076d40c07.jpg?w=600,바질,네롤리,"화이트 머스크, 베티버","스파이시, 아로마틱, 그린",런던의 모습을 그대로 담은 장난스럽고도 사랑스러운 향으로 자연의 싱그러움을 느낄 수 있습니다.
3406300,https://www.bysuco.com/product/show/3406300,아우라 화이트 매그놀리아 오 드 퍼퓸,로에베,157000.0,https://cf.bysuco.net/007b6f0d263f9510ea51b6cdddf48bc8.webp?w=600,"코튼 캔디, 매그놀리아, 바닐라, 유",,,"스위트, 시트러스, 플로랄","밝고, 관대하며, 외향적인 분위기를 자아내는 향수"
3406122,https://www.bysuco.com/product/show/3406122,토리노 24 오 드 퍼퓸,제르조프,280000.0,https://cf.bysuco.net/e11a3f17a0870711ca50f3edb1a67b39.webp?w=600,"망고, 베르가못, 만다린, 플럼","오렌지 블라썸, 핑크 로터, 스티락스","화이트 머스크, 무스, 페츌","시트러스, 프루티, 스위트","감각을 더욱 갈망하게 만드는 장난기 넘치는 향
토리노 24는 상큼한 과일 향과 매혹적인 꽃향기가 조화를 이루며, 깊고 따뜻한 베이스 노트로 부드럽게 마무리되는 향수입니다. 이 향수는 강렬한 첫인상과 함께, 시간이 지남에 따라 더욱 깊이 있는 매력을 발산합니다."
224957,https://www.bysuco.com/product/show/224957,알뤼르 센슈얼 오 드 퍼퓸,샤넬,206000.0,https://cf.bysuco.net/77b537134b78d60769f74ec2db707d71.jpg?w=600,"패츌리, 핑크 페퍼, 피치","터키 로즈, 불가리안 로즈, 아이리스","바닐라, 샌달 우드, 티버","우디, 웜 스파이시, 패츌리",신비로운 매력이 느껴지는 플로랄-소프트-엠버리 향수 여성 개인마다 다르게 표현되는 여섯 가지 향.
3406555,https://www.bysuco.com/product/show/3406555,어나더 13 오 드 퍼퓸,르 라보,250000.0,https://cf.bysuco.net/68ccf5c32248729954e821330e801829.webp?w=600,"페어, 애플, 시트러스","암브레트, 초산 살리실산, 모스, 자스민","이소이수퍼, 세타록스, 암브레톨리드","머스크, 앰버, 우디",백지장과 같이 순수하며 새하얀 느낌을 지닌 향으로 마치 캘리포니아 절벽 꼭대기에 있는 집처럼 아주 날카로운 매력을 갖고 있다.
3406681,https://www.bysuco.com/product/show/3406681,델피너스 오 드 퍼퓸,크리드,580000.0,https://cf.bysuco.net/47a398cdc9dfd266ef2d735625b43e6e.jpg?w=600,"블랙페퍼, 인센스, 아몬드, 핑크페퍼","헬리오트로프, 난초(오키드), 오리스 버터","패츌리, 통카빈, 앰버 우드, 레더 어코드, 마다가스카르산 버번 바닐라","바닐라, 파우더리, 아몬드",어둠 속에서 빛나는 별빛 같은 델피너스는 신비로운 스모키한 톤의 매혹적인 우디 앰버 향입니다.
32775,https://www.bysuco.com/product/show/32775,네롤리 아마라 오 드 퍼퓸,반클리프 아펠,235000.0,https://cf.bysuco.net/47e7f335159a06b1dfe0ad27b93f3ed0.jpg?w=600,"베르가못, 만다린 오렌지, 이탈리안 레몬, 핑크페퍼","오렌지 블라썸, 사이프러스, 배, 블랙페퍼","네롤리, 화이트 머스크","시트러스, 화이트 플로랄, 프레쉬 스파이시",네롤리가 표현하는 여름을 품은 가을 내음
10530,https://www.bysuco.com/product/show/10530,블랙 팬텀 오 드 퍼퓸,킬리안,450000.0,https://cf.bysuco.net/bd53e3fd081b305a6cef76411bca2d74_cvt.webp?w=600,"다크 초콜릿, 럼, 카라멜, 커피, 사탕수수, 아몬드, 샌달우드, 헬리오트로프",,,"스위트, 웜 스파이시, 카라멜",진한 커피향과 럼의 향이 균형을 맞춘 관능적인 향수
10544,https://www.bysuco.com/product/show/10544,오 드 네롤리 오 드 뚜왈렛,딥티크,275000.0,https://cf.bysuco.net/19321d9d9a9927c91a6b2511d01e8e8f_cvt.webp?w=600,"시트러스, 베르가못, 레몬 버베나, 페티그레인, 타라곤","네롤리, 오렌지 블라썸, 펠라고늄","비즈왁스, 화이트 머스크, 시더우드","시트러스, 화이트 플로랄, 아로마틱",상큼한 오렌지 향으로 시작하여 따뜻하고 풍성하게 파우더리해지는 향
3408524,https://www.bysuco.com/product/show/3408524,오르페옹 오 드 뚜왈렛,딥티크,275000.0,https://cf.bysuco.net/15e9aed326bc3faf7b3b9364735771b4.jpg?w=600,주니퍼 베리,아이리스,"통카빈, 시더우드","아로마틱, 우디, 파우더리, 모던 클래식","은은한 주니퍼와 시트러스가 맑게 열리며, 아이리스의 파우더리함과 통카빈의 부드러운 온기가 겹쳐져 빈티지 재즈바의 공기처럼 차분하고 세련되게 남는 아로마틱 우디 향"
23137,https://www.bysuco.com/product/show/23137,바카라 루쥬 540 엑스트레 드 퍼퓸,메종 프란시스 커정,380000.0,https://cf.bysuco.net/172be97dbf186f3d8b9ee52c7d3d9afe.jpg?w=600,"비터 오렌지, 샤프론","이집트 자스민, 시더","앰버그리스, 우디 노트, 머스크","우디, 앰버, 웜 스파이시",프란시스 커정이 선사하는 매혹적인 감각의 연금술
24561,https://www.bysuco.com/product/show/24561,스와르 드 륀 오 드 퍼퓸,시슬리 코스메틱,199000.0,https://cf.bysuco.net/29de181c5b7149cea263e6863930cffc.jpg?w=600,"베르가못, 만다린, 레몬, 코리앤더, 넛멕, 페퍼","자스민, 메이 로즈, 아이리스, 릴리, 미모사, 복숭아","머스크, 허니, 샌달우드, 파출리, 시더","허니, 얼디, 모씨",우아한 플로럴-시프레 노트의 섬세함이 현대적인 낭만을 일깨워 줍니다.
10105,https://www.bysuco.com/product/show/10105,미스 디올 블루밍 부케 오 드 뚜왈렛,디올,99000.0,https://cf.bysuco.net/5a53205aee5c7d600c90d29739f1a906.jpg?w=600,시칠리안 만다린,"핑크 피오니, 다마스크 로즈, 아프리콧, 피치",화이트 머스크,"플로랄, 로즈, 프레쉬",생동감 넘치면서도 부드럽게 다가오는 플로럴 향
32912,https://www.bysuco.com/product/show/32912,플뢰르 나르코티끄 오 드 퍼퓸,엑스 니힐로,350000.0,https://cf.bysuco.net/d6a19b8f71db1abd076bca736d4fd0fa.jpg?w=600,"리치, 베르가못, 피치","피오니, 오렌지 블라썸, 자스민, 페탈리아","머스크, 모스, 우디 노트","프레쉬, 플로랄",풍부한 피오니향이 개성이 넘치는 매혹적인 향으로 세련되고 관능적인 이미지 연출
3408119,https://www.bysuco.com/product/show/3408119,로즈 31 오 드 퍼퓸 (벌크제품),르 라보,250000.0,https://cf.bysuco.net/fbd63a66461bbcb709f816dd4b1ef773.jpg?w=600,"로즈, 큐민","로즈, 베티버, 시더","머스크, 가이악우드, 아가우드, 올리바넘, 랍다넘","우디, 로즈, 프레쉬 스파이시",앞치마를 한 남성을 떠올리며 만든 젠더리스 로즈 향수
23157,https://www.bysuco.com/product/show/23157,우드 사틴 무드 오 드 퍼퓸,메종 프란시스 커정,449000.0,https://cf.bysuco.net/a1c3ea29704f6f72d02a7a8b72865f53.jpg?w=600,"불가리안 로즈, 터키쉬 로즈, 바닐라, 아가우드, 바이올렛, 벤조인",,,"로즈, 바닐라, 오우드",새틴처럼 다듬어진 오우드의 향
9793,https://www.bysuco.com/product/show/9793,케두 오 드 퍼퓸,메모,390000.0,https://cf.bysuco.net/7054669049d45bc55f47f19b3cc47eaf.jpg?w=600,"자몽, 네롤리, 만다린 오렌지","메이트, 프리지아, 피오니, 로즈","참깨, 화이트 머스크, 모스","시트러스, 아로마틱, 플로랄",인도네시아 자바섬의 문화를 담은 향
18913,https://www.bysuco.com/product/show/18913,이더시스 오 드 퍼퓸,이솝,225000.0,https://cf.bysuco.net/fb8bc7b59e91fd4f7f31e48fb748077e.jpg?w=600,"블랙 페퍼, 페티그레인","프랑킨센스, 커민","샌달우드, 베티버, 시더우드","우디, 스파이시, 스모키, 드라이","블랙 페퍼의 드라이한 스파이스가 공기를 가르듯 열리며, 프랑킨센스의 미묘한 스모키함과 샌달우드의 따뜻한 결이 겹쳐지는 차분하고 사색적인 우디 스파이시 향"
3408379,https://www.bysuco.com/product/show/3408379,상탈 33 오 드 퍼퓸 (벌크제품),르 라보,250000.0,https://cf.bysuco.net/e31d6ba114bf710c9e159326d2a3e51c.jpg?w=600,"샌달우드, 레더, 파피루스, 버지니아 시더, 카다멈, 바이올렛, 아이리스, 앰버",,,"우디, 파우더리, 레더","타오르는 모닥불과 스모키하게 날리는 연기, 빛이 사라지고 난 이후에 느껴지는 센슈얼한 무드를 표현한 향"
3406314,https://www.bysuco.com/product/show/3406314,블루 탈리스만 오 드 퍼퓸,엑스 니힐로,350000.0,https://cf.bysuco.net/42776e4c4ea4b3bb2cb18e0b21d307fa.webp?w=600,"베르가못, 진저, 만다린, 페어","오렌지 블라썸, 조지우드™","아키갈라우드™, 머스크, 앰브로픽스M","시트러스, 프루티, 스위트","섬세하고 신선한 페어가 추상적인 머스크, 앰버 노트를 만나 부드러워지며 베르가못의 은은한 프레시함으로 끊임없는 영적 에너지를 표현합니다."
694084,https://www.bysuco.com/product/show/694084,패러독스 오 드 퍼퓸,프라다,135000.0,https://cf.bysuco.net/46933617563139bee4e60dd4d33c1d1b.jpg?w=600,"페어, 탠저린, 베르가못","오렌지 블라썸, 네롤리 에센스, 네롤리, 자스민 삼박","버번 바닐라, 화이트 머스크, 앰버, 벤조인","화이트 플로랄, 시트러스, 스위트",산뜻하면서도 깊이가 느껴지는 매혹적이고도 캐주얼한 향
9638,https://www.bysuco.com/product/show/9638,디올 옴므 오 드 코롱,디올,146000.0,https://cf.bysuco.net/c9e95bbfea573051e52e194bb73e1f18.jpg?w=600,칼라브리안 베르가못,그레이프 프룻 블라썸,화이트 머스크,"시트러스, 머스크, 프레쉬 스파이시",화이트 셔츠의 캐주얼한 매력을 표현한 향
23166,https://www.bysuco.com/product/show/23166,젠틀 플루이디티 실버 오 드 퍼퓸,메종 프란시스 커정,320000.0,https://cf.bysuco.net/7a229a6a99f2b451c2a4402c35c327c2.jpg?w=600,"주니퍼베리, 머스크, 코리앤더, 우디노트, 너트맥, 앰버, 바닐라",,,"아로마틱, 프레쉬 스파이시, 우디",젠더리스한 우디하고 아로마틱한 향
9314,https://www.bysuco.com/product/show/9314,블루 드 샤넬 퍼퓸,샤넬,181000.0,https://cf.bysuco.net/96be7d4a7cd22e05d50f642010ee08e5.jpg?w=600,"레몬 제스트, 베르가못, 민트, 아르테미지아","라벤더, 파인애플, 제라늄, 그린 노트","샌달우드, 시더, 앰버우드, 통카빈, 이소 이 수퍼","우디, 시트러스, 아로마틱",성취감과 자신감을 보여주는 강렬한 남성의 향기
32778,https://www.bysuco.com/product/show/32778,패출리 블랑 오 드 퍼퓸,반클리프 아펠,235000.0,https://cf.bysuco.net/75273f02c813c34c4af9a528a36923f9.jpg?w=600,"알데하이드, 핑크 페퍼","페출리, 로즈","화이트 머스크, 캐시미어 우드","페출리, 우디, 알데하이드",환상적인 패출리와 섬세하고 스파이시한 로즈의 조화
22733,https://www.bysuco.com/product/show/22733,트윌리 데르메스 오 진저 오 드 퍼퓸,에르메스,120000.0,https://cf.bysuco.net/f351466135fc1d4a278022a5db75722d.jpg?w=600,피오니,"캔디드 진저, 진저",시더,"웜 스파이시, 프레쉬, 플로랄",반짝이는 빛과 닮은 향
21986,https://www.bysuco.com/product/show/21986,알뤼르 옴므 스포츠 오 드 뚜왈렛,샤넬,134000.0,https://cf.bysuco.net/959270355fddb4758dd3bb7825994de1.jpg?w=600,"오렌지, 씨노트, 알데하이드, 블러드 만다린","페퍼, 네롤리, 시더","바닐라, 통카빈, 화이트 머스크, 앰버, 베티버, 엘레미 레진","시트러스, 아로마틱, 바닐라",도전의 긴장감을 즐기는 남성을 표현한 향수
23159,https://www.bysuco.com/product/show/23159,우드 사틴 무드 엑스트레 드 퍼퓸,메종 프란시스 커정,632000.0,https://cf.bysuco.net/9ba8ed2573c0624d7bf76254589d8da8.jpg?w=600,"다마스크 로즈, 터키쉬 로즈 오일, 아가우드, 바닐라, 바이올렛, 앰버, 시나몬, 제라늄",,,"로즈, 오우드, 파우더리",새틴처럼 다듬어진 고농축의 오우드의 향
10455,https://www.bysuco.com/product/show/10455,인퓨전 디 아이리스 오 드 퍼퓸,프라다,122000.0,https://cf.bysuco.net/09f74f7fba5f604f7a62fa9dbad030ec.jpg?w=600,"아프리칸 오렌지 플라워, 네롤리, 오렌지, 만다린 오렌지","아이리스, 갈바넘, 유향나무","버지니아 시더, 인센스, 벤조인, 베티버","아이리스, 우디, 앰버",아이리스 수증기가 선사하는 깨끗함
9386,https://www.bysuco.com/product/show/9386,친칸타 오 드 코롱,산타 마리아 노벨라,145000.0,https://cf.bysuco.net/0855572facfe42e875c29606dab893b3.jpg?w=600,"가데니아, 티아라 플라워, 오렌지 블라썸","그린 티, 우디 노트, 캐시미어 우드","화이트 머스크, 우디 노트, 앰버","화이트 플로랄, 머스크, 우디","과일의 가벼운 달콤함과 그린티, 로즈의 조화"
20848,https://www.bysuco.com/product/show/20848,떼 마차 26 오 드 퍼퓸,르 라보,310000.0,https://cf.bysuco.net/497941440f1f2efebb12b8186d7f262a.jpg?w=600,"튜베로즈, 릴리, 자스민, 바닐라, 머스크, 우디 노트",,,"우디, 프루티, 시트러스",외부의 소란으로부터 벗어나게 하고 내면으로 돌아오게 하는 향
3407929,https://www.bysuco.com/product/show/3407929,발 다프리크 앱솔뤼 드 퍼퓸,바이레도,340000.0,https://cf.bysuco.net/bce6ba7682f5462801a91ddd657e0431.jpg?w=600,"베르가못, 레몬, 블랙 커런트 어코드
- 하트 노트: 머스크 어코드, 프랄린 어코드, 바이올렛 어코드",,"시더우드, 베티버, 블랙 앰버 어코드","시트러스, 우디, 스위트","밝게 터지는 베르가못·레몬·블랙커런트가 투명한 시트러스 첫인상을 만들고, 머스크와 프랄린, 바이올렛이 살짝 달콤하고 포근한 실루엣을 더해주는 향입니다. 마지막에는 시더우드와 베티버, 블랙 앰버가 잔잔하게 어우러져, 따뜻한 해질녘의 발리 풍경을 닮은 부드러운 우디 스위트 잔향이 길게 남아요."
225452,https://www.bysuco.com/product/show/225452,어나더 13 오 드 퍼퓸,르 라보,138000.0,https://cf.bysuco.net/8aebfa824deeae917bf0ac019d49db8a.jpg?w=600,"페어, 애플, 시트러스","암브레트, 초산 살리실산, 모스, 자스민","이소이수퍼, 세타록스, 암브레톨리드","머스크, 앰버, 우디",백지장과 같이 순수하며 새하얀 느낌을 지닌 향으로 마치 캘리포니아 절벽 꼭대기에 있는 집처럼 아주 날카로운 매력을 갖고 있다.
22238,https://www.bysuco.com/product/show/22238,소바쥬 엘릭서,디올,252000.0,https://cf.bysuco.net/f39961cf0e7d708b5152b201f0cd1fbc.jpg?w=600,"너트맥, 시나몬, 카다멈, 그레이프 프룻",라벤더,"감초, 샌달우드, 앰버, 패출리, 하이티안 베티버","웜 스파이시, 프레쉬 스파이시, 우디","스파이시 노트를 중심으로 한 소바쥬만의 산뜻함과 라벤더 에센스, 달콤하면서도 부드러운 우디 노트가 조화를 이루며 강렬하고 독특하며 매혹적인 향"
225384,https://www.bysuco.com/product/show/225384,블루 문 진저 대쉬 오 드 퍼퓸,킬리안,420000.0,https://cf.bysuco.net/c3b6677b4e6d378d703925186690d5f6.jpg?w=600,"레몬, 칼론","생강, 보드카","앰브록산, 화이트 머스크","머스크, 시트러스, 프레",신선함을 더 해주는 칵테일 향입니다.
22342,https://www.bysuco.com/product/show/22342,오르페옹 솔리드 퍼퓸,딥티크,104000.0,https://cf.bysuco.net/d168bbb098b5c5578dc8bfd52a8f73b9.jpg?w=600,"주니퍼 베리, 시더, 통카 빈, 자스민",,,"파우더리, 우디, 아로마틱",딥티크 공동 창립자의 창작의 공간의 향
225386,https://www.bysuco.com/product/show/225386,문라이트 인 헤븐 오 드 퍼퓸 리필,킬리안,350000.0,https://cf.bysuco.net/e710b6a0232fe6440bc17b7512f1ca01.jpg?w=600,"자몽, 핑크페퍼, 레몬","망고, 코코넛, 쌀","베티버, 통카빈","스위트, 시트러스, 트로피칼",이국적인 매력과 자연스러움이 돋보이는 향
33278,https://www.bysuco.com/product/show/33278,통카 25 오 드 퍼퓸,르 라보,310000.0,https://cf.bysuco.net/c0eecef87724e8e87f0abb77c5bf9a9f.jpg?w=600,"머스트, 아틀라스 시더, 통카 빈, 오렌지 블라썸, 때죽나무, 바닐라",,,"우디, 머스크, 바닐라",어두운 매력을 지닌 향
9360,https://www.bysuco.com/product/show/9360,아 라 로즈 오 드 퍼퓸,메종 프란시스 커정,229000.0,https://cf.bysuco.net/b8224333396a9935e397a9bcb64ce838.jpg?w=600,"칼라브리안 베르가못, 캘리포니아 오렌지","불가리안 로즈, 그라스 로즈, 바이올렛, 매그놀리아","머스크, 시더","로즈, 시트러스, 플로랄",400송이의 장미 부케가 선사하는 관능적인 향기
21933,https://www.bysuco.com/product/show/21933,블랙 샤프란 오 드 퍼퓸,바이레도,280000.0,https://cf.bysuco.net/ea83289ba8c44509e7b862dd1eda96c0.jpg?w=600,"샤프란, 주니퍼베리, 차이니즈 자몽","레더, 블랙 바이올렛","라즈베리, 캐쉬미란, 베티버","레더, 프루티",달콤한 상상을 하게 하는 이국적 향
9972,https://www.bysuco.com/product/show/9972,로즈 오 드 퍼퓸,이솝,225000.0,https://cf.bysuco.net/f5d212f623dee2f0c8617d90504d74fe.jpg?w=600,"로즈, 시소, 핑크페퍼, 베르가못, 비터 오렌지","로즈, 가이악우드, 자스민, 일랑일랑","샌달우드, 베티버, 패츌리, 미르, 머스크","우디, 아로마틱, 로즈",풍성한 우디향에 스쳐지나가는 장미향이 묵직한 세련미를 연출
9762,https://www.bysuco.com/product/show/9762,아쿠아 디 지오 프로폰도 오 드 퍼퓸,조르지오 아르마니,99000.0,https://cf.bysuco.net/f72152ce1cd9e7e3544e0deb1b4e6901.jpg?w=600,"시 노트, 아쿠오존, 베르가못, 그린 만다린","로즈마리, 라벤더, 시프레스, 매스틱","미네랄 노트, 머스크, 페출리, 앰버","아로마틱, 마린, 시트러스",깊고 고요한 심해를 닮은 향
141199,https://www.bysuco.com/product/show/141199,뮤직 포 어 와일 오 드 퍼퓸,프레데릭 말,370000.0,https://cf.bysuco.net/939d4fee24571e7519f3cdd431be5e43.jpg?w=600,"라벤더, 프루티 노트, 아니스, 만다린 오렌지, 베르가못","파인애플, 제라늄","패출리, 카라멜, 슈가, 마닐라, 랍다넘","스위트, 프루티, 라벤더",바닐라 섞인 라벤더의 향기가 예상하지 못한 파인애플 노트로 변화하는 우아하고 유혹적인 향
694091,https://www.bysuco.com/product/show/694091,라 팜므 프라다 오 드 퍼퓸,프라다,150000.0,https://cf.bysuco.net/21383801a12f4bbc27ddc7a5fb0ab1fc.jpg?w=600,"매그놀리아, 베르가못, 캐럿씨드","푸루메리아, 튜베로즈, 일랑일랑, 아이리스, 스파이시","비즈왁스, 바닐라, 베티버","플로랄, 튜베로즈, 비즈왁스",예기치 않게 등장하는 프랜지패니에 경의를 표합니다
22406,https://www.bysuco.com/product/show/22406,러스트 인 파라다이스 오 드 퍼퓸,엑스 니힐로,350000.0,https://cf.bysuco.net/90fe81ed09d3cd6729953cbefff0338a.jpg?w=600,핑크페퍼,"피오니, 리치, 페탈리아","머스크, 화이트 시더우드, 앰버","프레쉬, 플로랄",깨끗하면서도 맑은 플로랄향기로 맑으면서 우아한 분위기 연출
10302,https://www.bysuco.com/product/show/10302,로즈 31 오 드 퍼퓸,르 라보,310000.0,https://cf.bysuco.net/5770997ff9d5c9526853be1502d1f197.jpg?w=600,"로즈, 큐민","로즈, 베티버, 시더","머스크, 가이악우드, 아가우드, 올리바넘, 랍다넘","우디, 로즈, 프레쉬 스파이시",앞치마를 한 남성을 떠올리며 만든 젠더리스 로즈 향수
224932,https://www.bysuco.com/product/show/224932,코코 누와르 오 드 퍼퓸,샤넬,139000.0,https://cf.bysuco.net/8625c3dae90c611cad6c34fd5537ca67.jpg?w=600,"그레이프 프룻, 베르가못, 오렌지","로즈, 제라늄, 자스민, 나르시소스, 피치","패출리, 샌달우드, 올리바넘, 통카빈, 바닐라, 화이트 머스크, 클로브, 벤조인","웜 스파이시, 우디, 시트러스",극단적인 동시에 매혹적인 향.
224886,https://www.bysuco.com/product/show/224886,나이트 베일스 토바코 만다린 익스트레잇 드 퍼퓸,바이레도,465500.0,https://cf.bysuco.net/5fdba8d8bc48cdac180d0a1e53eff91e.jpg?w=600,"고수 씨앗, 만다린","라브다넘, 가죽","올리바넘, 우드, 유향","프레쉬 스파이시, 타바코, 앰버","우디, 스파이시, 시트러스의 블렌딩이 매혹적인 향기"
10394,https://www.bysuco.com/product/show/10394,클레망틴 캘리포니아 코롱 압솔뤼 퓨어 오 드 코롱,아틀리에 코롱,102000.0,https://cf.bysuco.net/1f18967bae96effd5d05f93fb2f96f76_cvt.webp?w=600,"클레멘타인, 만다린 오렌지, 주니퍼베리","바질, 스타 아니스, 페퍼","사이프러스, 하이티안 베티버, 샌달 우드","시트러스, 아로마틱, 우디",귤과 샌달우드의 조화로운 향이 선사하는 상쾌함
694129,https://www.bysuco.com/product/show/694129,블랙 오피움 오버 레드 오 드 퍼퓸,입생로랑,139000.0,https://cf.bysuco.net/b54a6f6a68702b07b25b112503fde97e.jpg?w=600,"체리, 그린 만다린","자스민, 오렌지 블라썸, 블랙티","마다가스카 바닐라, 커피, 인도네시아 패츌리 잎","바닐라, 체리, 스위트",따뜻하고 달콤한 체리 향수
10507,https://www.bysuco.com/product/show/10507,인레 오 드 퍼퓸,메모,85000.0,https://cf.bysuco.net/b2c4749eba6ae5c0f28103184e9bfc10_cvt.webp?w=600,"베르가못, 민트, 아르테미시아","오스만투스, 메이트, 자스민, 스파이시","아이리스, 머스크, 시더","플로랄, 아로마틱, 프루티",호수 위 아름답게 걸친 구름의 향
3408378,https://www.bysuco.com/product/show/3408378,비올렛 30 오 드 퍼퓸,르 라보,310000.0,https://cf.bysuco.net/4e390eeed259137d98065784ae298ba8.webp?w=600,"샌달우드, 레더, 파피루스, 버지니아 시더, 카다멈, 바이올렛, 아이리스, 앰버",,,,"불타는 열정과 순수함, 강인함과 섬세함이 공존하는 비올렛의 양면성을 담아낸 시적인 플로럴 머스크 향"
113324,https://www.bysuco.com/product/show/113324,오스만투스 오 드 뚜왈렛,록시땅,80000.0,https://cf.bysuco.net/f1f3c211e9d7d58e874e425d3c80aa76.jpg?w=600,"살구, 배, 비터 오렌지","오스만투스, 마호니알, 캐롯씨드","암브레뜨, 시더, 샌달우드","프루티, 플로랄, 락토닉",그린의 신선함과 벨벳 같은 살구와 함께 피어오르는 크리미한 오스만투스
10095,https://www.bysuco.com/product/show/10095,오 듀엘르 오 드 퍼퓸,딥티크,315000.0,https://cf.bysuco.net/85cb1b607cbbfa5944c4ca0ea4590826_cvt.webp?w=600,"버번 바닐라, 스파이시, 암브록산, 록 로즈",,,"바닐라, 웜 스파이시, 앰버","톡 쏘는 후추향에 쌈사름한 풀향으로 강하게 시작, 시간이 지날수록 잔잔한 바닐라향으로 변화하며 상쾌한 솔잎 향을 느낄 수 있다."
21867,https://www.bysuco.com/product/show/21867,오 트리쁠 이리 드 말트,불리1803,259000.0,https://cf.bysuco.net/1de611fe8b6d664595c663283fc7a067.jpg?w=600,"레몬그래스, 오렌지 블로썸, 아이리스, 패츌리, 인센스",,,"파우더리, 머스크",깨끗한 린넨이 떠오를만큼 맑고 부드러운 이미지 연출
693913,https://www.bysuco.com/product/show/693913,그린 네롤리 오 드 퍼퓸,크리드,420000.0,https://cf.bysuco.net/0db4aecd99f6859c8eac0eb68924c31a.jpg?w=600,"민트, 블러드 만다린, 페트그레인","네롤리, 타라곤, 오렌지","민트, 이탈리안 레몬, 케러웨이, 로즈마","시트러스, 아로마틱, 그린",날카로움과 달콤함이 완벽한 균형을 이루면서 상쾌하고 시원한 시트러스 향을 전달하는 향수
32785,https://www.bysuco.com/product/show/32785,오키데 바니유 오 드 퍼퓸,반클리프 아펠,235000.0,https://cf.bysuco.net/3bebc27d17e940f82e1e48659fdffe75.jpg?w=600,"바닐라, 다크 초콜렛, 바닐라 오키드, 통카 빈, 비터 아몬드, 만다린 오렌지, 바이올렛, 화이트 머스크, 시더, 리치, 불가리안 로즈",,,"바닐라, 스위트, 파우더리",강렬하게 중독적이며 부드럽고 따뜻한 복합적인 매력의 바닐라
225121,https://www.bysuco.com/product/show/225121,디올 어딕트 오 프레쉬 오 드 뚜왈렛,디올,166000.0,https://cf.bysuco.net/c7216ada15a4b3851f228eaaa0eb1594.jpg?w=600,"시칠리안 베르가못, 자몽","프리지아, 릴리 오브 더 벨리","화이트 머스크, 우디 노트","플로랄, 시트러스, 머스크",산뜻하고 생동감이 넘치는 힘있는 향
113328,https://www.bysuco.com/product/show/113328,로즈 오 드 뚜왈렛,록시땅,80000.0,https://cf.bysuco.net/224acfe5e41d34e69b86aeb8b40f797b.jpg?w=600,리치 어코드,로사 센티폴리아,패출리,"그린, 프루티, 로즈",장미 정원 한 가운데 서 있는 듯한 생생한 장미향
33312,https://www.bysuco.com/product/show/33312,맨 오 프레쉬 오 드 뚜왈렛,베르사체,75500.0,https://cf.bysuco.net/4ae0edd9407c4c651119e77cb4bebbf9.jpg?w=600,"레몬, 베르가못, 스타 프루트, 카다멈, 로즈우드","시더, 탠저린, 세이지, 페퍼","머스크, 우디노트, 샤프란, 앰버, 시카모어","시트러스, 아로마, 우디",프레쉬하며 편안하고 여유로움을 느낄 수 있는 향
24397,https://www.bysuco.com/product/show/24397,라 휘드 베흘랑 리미티드 오 드 퍼퓸,세르주 루텐,205000.0,https://cf.bysuco.net/a9fb61873082ebd3a5164a926b590dbe.jpg?w=600,"로즈, 제라늄",팔마로사,"허니, 페출리, 모스","로즈, 프레쉬 스파이시, 아로마틱","차가운 도시와 외로움이 공존하는 곳, 그 그늘에서 피어난 한 송이의 장미"
32852,https://www.bysuco.com/product/show/32852,오 파퓨메 오 떼 베르 오 드 코롱,불가리,137000.0,https://cf.bysuco.net/5c6b2c24c448875ec42238315af969c9.jpg?w=600,"베르가못, 카다멈, 레몬, 코리앤더, 오렌지 블라썸, 만다린 오렌지","자스민, 릴리 오브 더 밸리, 불가리안 로즈","그린 티, 머스크, 시더, 프레시우스 우드, 샌달우드, 앰버","시트러스, 아로마틱, 화이트 플로랄",일본의 그린티에서 영감을 얻은 상쾌하고 고급스러운 향
23165,https://www.bysuco.com/product/show/23165,젠틀 플루이디티 실버 오 드 퍼퓸,메종 프란시스 커정,220000.0,https://cf.bysuco.net/138c75f86336f4959e6128135ff4e61f.jpg?w=600,"주니퍼베리, 머스크, 코리앤더, 우디노트, 너트맥, 앰버, 바닐라",,,"아로마틱, 프레쉬 스파이시, 우디",젠더리스한 우디하고 아로마틱한 향
9659,https://www.bysuco.com/product/show/9659,미스 디올 오 드 뚜왈렛,디올,161000.0,https://cf.bysuco.net/8eac6fe08add88c1dbf73843b5bcb4c9.jpg?w=600,블러드 오렌지,"다마스크 로즈, 불가리안 로즈, 네롤리",패츌리,"패츌리, 로즈, 시트러스",산뜻하고 황홀한 향
3406967,https://www.bysuco.com/product/show/3406967,러브 돈 비 샤이 오 드 퍼퓸,킬리안,90000.0,https://cf.bysuco.net/0cd94d85d3fd75e0c2e1b43a0685a4ab.jpg?w=600,"네롤리, 베르가못, 핑크 페퍼, 코리안더","오렌지 블라썸, 허니서클, 자스민, 아이리스, 로즈","슈가, 바닐라, 카라멜, 머스크, 시벳, 랍다넘","스위트, 화이트 플로랄, 바닐라",사랑이라는 마술 속으로의 이끌림을 표현한 향
1793986,https://www.bysuco.com/product/show/1793986,베티버 46 오 드 퍼퓸 (벌크제품),르 라보,310000.0,https://cf.bysuco.net/243db3cf4d596ade48a44d5383dab858.jpg?w=600,"올리바넘, 타히티안 베티버 페퍼, 가이악우드, 랍다넘, 시더, 클로브, 앰버, 베르가못, 바닐라",,,"우디, 앰버, 프레쉬 스파이시",르 라보에서 가장 남성적인 매력을 지닌 향수
20830,https://www.bysuco.com/product/show/20830,그린 아몬드 앤 레드커런트 코롱 오 드 코롱,조 말론,168000.0,https://cf.bysuco.net/195c35b9370bcbc056b4ea269b43d110.jpg?w=600,"시트러스, 레드 커런트",그린 아몬드,"통카 빈, 시더우드","시트러스, 프루티, 프레쉬",즐겁고 밝은 분위기의 향
224922,https://www.bysuco.com/product/show/224922,넘버19 뿌드르 오 드 퍼퓸,샤넬,284000.0,https://cf.bysuco.net/8efa9b05a797585160200f152cc2d38e.jpg?w=600,"갈바늄, 네롤리 만다린 오렌지","아이리스, 자스민","베티버, 머스크, 통카빈","아이리스, 그린, 파우더리","아이리스 꽃다발의 관능적인 향과, 상쾌한 산들바람 같은 베티베 향"
23667,https://www.bysuco.com/product/show/23667,알테어 오 드 퍼퓸,퍼퓸 드 말리,355000.0,https://cf.bysuco.net/02265a0f807c7eaa84f5500bebd1a65b.jpg?w=600,"시나몬, 카다멈, 오렌지 블라썸, 베르가못","버번 바닐라, 엘레미","프랄린, 머스크, 암브록산, 가이악 우드","스위트, 바닐라, 웜 스파이시",그 누구도 저항할 수 없는 영원하고 우아한 현대적 바닐라 향
10536,https://www.bysuco.com/product/show/10536,블랙 팬텀 오 드 퍼퓸 코프레,킬리안,595000.0,https://cf.bysuco.net/7f668e1bd0d98e574221d7a6d377522d_cvt.webp?w=600,"다크 초콜릿, 럼, 카라멜, 커피, 사탕수수, 아몬드, 샌달우드, 헬리오트로프",,,"스위트, 웜 스파이시, 카라멜",진한 커피향과 럼의 향이 균형을 맞춘 관능적인 향수
694137,https://www.bysuco.com/product/show/694137,파리 오 드 뚜왈렛,입생로랑,219000.0,https://cf.bysuco.net/1c8502f11af0dce7bcd7baab15336561.jpg?w=600,"로즈, 미모사, 히아신스, 제라늄, 그린 노트, 네스트리, 오렌지 블라썸, 산사나무, 카시아, 베르가못","로즈, 바이올렛, 백합, 라임 블라썸, 일랑일랑, 은방울꽃, 자스민, 오리스 뿌리","아이리스, 머스크, 헬리오트로프, 샌달우드, 오크모스, 앰버, 시더","플로랄, 파우더리, 로즈",현대적 낭만주의를 구현하는 우아하고 즐겁고 세련된 여성을 위한 매혹적인 향수
3407065,https://www.bysuco.com/product/show/3407065,일리오 오 드 뚜왈렛,딥티크,275000.0,https://cf.bysuco.net/dad5a12061f8c7729a06ae244e1cb95c.jpg?w=600,,,,"아이리스, 파우더리, 화이트 플로럴","작은 만을 따라 피어난 싱그럽고 푸르른 프리클리 페어(백년초), 여기에 베르가못과 자스민의 향이 어우러져 자연의 고요한 생기를 전합니다."
10534,https://www.bysuco.com/product/show/10534,문라이트 인 헤븐 오 드 퍼퓸 코프레,킬리안,595000.0,https://cf.bysuco.net/54341e126baba8a244fe78ff1d76aedd_cvt.webp?w=600,"자몽, 핑크페퍼, 레몬","망고, 코코넛, 쌀","베티버, 통카빈","스위트, 시트러스, 트로피칼",이국적인 매력과 자연스러움이 돋보이는 향
3406296,https://www.bysuco.com/product/show/3406296,아이레 수틸레사 오 드 뚜왈렛,로에베,72000.0,https://cf.bysuco.net/9d6de167c172406fe4dabb518d417cd6.jpg?w=600,"페어, 칼라브리언 만다린, 레드 커런트","릴리 오브 더 밸리, 매그놀리아, 이집트 자스민","머스크, 베티버, 샌달우드","화이트플로랄, 프루티, 시트러스",꽃잎의 살랑이는 자연의 바람의 내음
225157,https://www.bysuco.com/product/show/225157,화렌하이트 퍼퓸,디올,223000.0,https://cf.bysuco.net/f22310038bce7968962ff0b026d65b9b.jpg?w=600,"스웨이드, 시칠리안 만다린","바이올렛 잎, 럼, 코리안더, 큐민",부르 바닐라,"바닐라, 소프트 스파이, 아쿠아틱",강인함과 우아함을 결합한 반대의 조화를 가진 새롭고 강렬한 화씨 향수
23797,https://www.bysuco.com/product/show/23797,인퓨전 디 로즈 오 드 퍼퓸,프라다,330000.0,https://cf.bysuco.net/9498aacbae28dd404790e93876ab4878.jpg?w=600,"터키쉬 로즈, 불가리안 로즈, 민트, 비즈왁스, 메이트, 만다린 오렌지",,,"로즈, 아로마틱, 그린",다가올 미래의 대담한 대치를 통해 데자뷰와 같은 경험을 선사하는 향
3406356,https://www.bysuco.com/product/show/3406356,발라야 익스클루시브 오 드 퍼퓸,퍼퓸 드 말리,480000.0,https://cf.bysuco.net/86e42568563bf25f2bbf88f3b06ad2f2.webp?w=600,"벨베티 아몬드, 베르가못, 만다린","오렌지 블로썸, 화이트 플라워, 파우더리","아키갈라우드, 샌달우드, 앰브록산, 바닐라","화이트 플로랄, 파우더리, 시트러스",시대를 초월한 우아함과 감각의 심포니를 연출하는 플로럴 파우디 우디 향
694144,https://www.bysuco.com/product/show/694144,라 뉘 드 롬므 퍼퓸,입생로랑,204000.0,https://cf.bysuco.net/45c34c54e39a9f5e920fdd59adf4a55f.jpg?w=600,"페퍼, 아니스, 베르가못","프루티 노트, 라벤더, 프렌치 라다넘","바닐라, 패츌리, 베티버","프레쉬 스파이시, 프루티, 스위트",이브 생 로랑 남성성의 새로운 측면을 소개하는 유혹의 퍼퓸
23160,https://www.bysuco.com/product/show/23160,우드 오 드 퍼퓸,메종 프란시스 커정,410000.0,https://cf.bysuco.net/a38f45722529c6ba5032edbc6f022607.jpg?w=600,"샤프론, 엘레미, 아가우드, 페출리, 시더",,,"웜 스파이시, 오우드, 아로마틱",신비로운 1000일 밤을 담은 향
141169,https://www.bysuco.com/product/show/141169,누아 에삐쓰 오 드 퍼퓸,프레데릭 말,350000.0,https://cf.bysuco.net/511a02a7cee1fe344336a8a13f203d94.jpg?w=600,"제라늄, 오렌지, 로즈","클로브, 너트맥, 페퍼, 시나몬","패출리, 샌달우드, 시더","프레쉬 스파이시, 웜  스파이시, 로즈",이국적인 여정을 전달해주는 스파이시한 오리엔탈 향조의 관능적이고 우아한 향
21112,https://www.bysuco.com/product/show/21112,앰버 바닐라 오 드 퍼퓸,로라 메르시에,141000.0,https://cf.bysuco.net/650a879942d0cd7a170e0dd072f19786.jpg?w=600,"탠저린, 오키드","브라운 슈가, 아몬드, 헬리오트로프","코코넛, 샌달우드","스위트, 코코넛, 우디",여성스러운 우아함과 세련미가 느껴지는 부드럽고 관능적인 따뜻한 향
23348,https://www.bysuco.com/product/show/23348,헤븐리 진저릴리 오 드 뚜왈렛,몰튼 브라운,165000.0,https://cf.bysuco.net/b8e42a057c9763aafe04840c2a307f7f.jpg?w=600,"진저, 카다멈, 클로브","릴리, 튜베로즈, 자스민, 매리골드","머스크, 시더, 샌달우드","화이트 플로랄, 웜 스파이시, 튜베로즈",낭만에 도취된 듯한 행복감에 젖는 향
22162,https://www.bysuco.com/product/show/22162,앱솔루 어벤투스 오 드 퍼퓸,크리드,550000.0,https://cf.bysuco.net/f210be376abda5db15ab5a4ac6600bfd.jpg?w=600,"그레이프 프룻, 베르가못, 블랙 커런트","진저, 시나몬, 시트론, 카다멈","핑크 페퍼, 패츌리, 베티버","시트러스, 웜 스파이시, 아로마틱",시트러스 향이 강조된 어벤투스의 향
21989,https://www.bysuco.com/product/show/21989,알뤼르 옴므 에디씨옹 블랑슈 오 드 퍼퓸,샤넬,151000.0,https://cf.bysuco.net/c5275135fb4135ba5a821c04e79c395a.jpg?w=600,"시칠리안 레몬, 마다가스카르 바닐라, 칼라브리안 베르가못, 핑크 페퍼, 샌달우드, 통카 빈, 타히티안, 베티버, 머스크, 세더, 앰버",,,"시트러스, 아로마틱, 바닐라 스파이시","자신만의 예술을 써 내려가고, 아방가르드한 매력으로 확고한 취향과 대담한 결단력을 지닌 남성을 위한 향."
97060,https://www.bysuco.com/product/show/97060,젠틀맨 소사이어티 오 드 퍼퓸,지방시,148000.0,https://cf.bysuco.net/cecfc8da95e81d2b35c2e1ec66988831.jpg?w=600,"카다멈, 세이지","프렌치 나르시소, 하이티엔 베티버, 마다가스카르 베티","바닐라, 팔로산토, 시더","아로마틱, 우디, 바닐라",나만의 뚜렷한 색깔을 지닌 당신을 위한 향수
224934,https://www.bysuco.com/product/show/224934,코코 마드모아젤 퍼퓸,샤넬,226000.0,https://cf.bysuco.net/2812df62f1066bf777ca1f5b98f86434.jpg?w=600,"베르가못, 오렌지, 자몽","로즈, 리치, 자스민","패츌리, 바닐라, 머스크, 베티버","시트러스, 우디, 로즈",대담하고 자유로운 여성의 본질처럼 풍만하면서도 놀랍도록 신선한 구성을 지닌 여성스러운 앰버 향
21123,https://www.bysuco.com/product/show/21123,포피 앤 바알리 오 드 코롱,조 말론,239000.0,https://cf.bysuco.net/614603d15efa5ebb279e8b0050fde0dc_cvt.webp?w=600,"무화과, 바이올렛, 블랙 커런트","위트, 파우더리 노트, 포피","보리, 화이트 머스크, 브란","프루티, 플로랄, 우디",양귀비꽃을 품은 따듯한 보리 내음
20885,https://www.bysuco.com/product/show/20885,뗌포 오 드 퍼퓸,딥티크,315000.0,https://cf.bysuco.net/17b0ffcd58d3722905d53d4152df9036.jpg?w=600,"페출리, 메이트, 클래어리 세이지, 핑크 페퍼, 바이올렛 리프, 베르가못",,,"아로마틱, 우디, 시트러스",적절한 무게감의 맑고 부드러움이 공존하는 나무 향
10533,https://www.bysuco.com/product/show/10533,굿걸 곤 배드 오 드 퍼퓸 코프레,킬리안,595000.0,https://cf.bysuco.net/45ee7ee6b88cfb550fb7fa044546a2b4_cvt.webp?w=600,"오스만투스, 자스민, 로즈","튜베로즈, 나르시소스","앰버, 시더","플로랄, 화이트 플로랄, 프루티",바람에 흩날리는 꽃의 향이 순수하지만 동시에 유혹적인 바이브를 전달하는 관능적인 향
24827,https://www.bysuco.com/product/show/24827,와이 오 드 퍼퓸,입생로랑,177000.0,https://cf.bysuco.net/d80ad794ca0e6efdba89de541c9da5c7.jpg?w=600,"애플, 진저, 베르가못","세이지, 주니퍼 베리, 제라늄","앰버우드, 통카 빈, 시더, 베티버, 올리바넘","아로마틱, 우디, 프레쉬 스파이시",자유롭고 진취적인 남성을 위한 향
24395,https://www.bysuco.com/product/show/24395,로르프린느 리미티드 오 드 퍼퓸,세르주 루텐,205000.0,https://cf.bysuco.net/6e44d0cebfcb647b48723fbea74d3900.jpg?w=600,인센스,캐스토리움,머스크,"스모크, 머스크, 레더",연기 속에서 드라나는 비밀스런 실루엣을 닮은 향
10553,https://www.bysuco.com/product/show/10553,올렌느 오 드 뚜왈렛,딥티크,198000.0,https://cf.bysuco.net/f83090e170e78d2551d6ccc5426dc006.jpg?w=600,"나르시소스, 허니서클","자스민, 위스테리아","화이트 플로랄, 그린 노트","화이트 플로랄, 플로랄, 그린",은은한 등나무 꽃과 자스민 향기
9295,https://www.bysuco.com/product/show/9295,우드 오 드 퍼퓸,아쿠아 디 파르마,195000.0,https://cf.bysuco.net/a87874bf8b866b8ffa19f6ac1d09cfc2.jpg?w=600,"오렌지, 칼라브리안 베르가못","아가우드(오우드), 아미리스, 코리앤더","레더, 샌달우드, 머스크, 시더, 패츌리","오우드, 시트러스",오우드와 시트러스의 도화로 세련된 남성미를 연출
3406905,https://www.bysuco.com/product/show/3406905,언타이틀드 오 드 퍼퓸,메종 마르지엘라,310000.0,https://cf.bysuco.net/0f3da90e20822b8dd98eb11644e0e787.webp?w=600,"오렌지, 갈바넘, 부이스","갈바넘, 레진, 스민","머스크, 우드, 인센","우디, 그린, 아로마틱","2010년에 출시된 이 유니섹스 향수는 플로럴 우디 머스크 계열의 향으로, 세련미와 매력이 어우러진 매혹적인 향을 선사합니다. 
   성별에 구애받지 않고 독특하고 기억에 남는 향을 추구하는 현대인에게 완벽한 향입니다."
693948,https://www.bysuco.com/product/show/693948,아쿠아 디 지오이아 오 드 퍼퓸,조르지오 아르마니,122000.0,https://cf.bysuco.net/c7bf559b6a394c0cdd815d3b28ba78cf.jpg?w=600,"민트, 모히또, 아말피 레몬","워터 노트, 자스민, 피오니, 핑크 페퍼","버지니아 시더, 프렌치 라다넘","프레쉬, 그린, 시트러스",이탈리아의 지중해 연안에서 영감을 받은 이 상쾌한 향수
9964,https://www.bysuco.com/product/show/9964,매그놀리아 인피니타 오 드 퍼퓸,아쿠아 디 파르마,195000.0,https://cf.bysuco.net/cc9df7a9b05adbe39937d9129e166999.jpg?w=600,"베르가못, 레몬, 오렌지","매그놀리아, 자스민, 일랑일랑","머스크, 패츌리","화이트 플로랄, 시트러스","목련과 시트러스, 머스크의 조화로 깨끗하고 투명한 이미지 연출"
9894,https://www.bysuco.com/product/show/9894,보 드 주르 오 드 퍼퓸,톰 포드,245000.0,https://cf.bysuco.net/bc8a78513d6b603c9e7d90d4326ebb60_cvt.webp?w=600,"라벤더 액스트라, 라벤더","로즈마리, 오크모스, 민트, 바질, 제라늄","페출리, 앰버","아로마틱, 프레쉬 스파이시, 라벤더",상쾌하면서도 따뜻한 향
9794,https://www.bysuco.com/product/show/9794,아이리시 레더 오 드 퍼퓸,메모,390000.0,https://cf.bysuco.net/8b1818bed2d6220cfbff0914d6fe9710.jpg?w=600,"주니퍼 베리, 레더, 메이트, 앰버, 통카 빈",,,"아로마틱, 프레쉬 스파이시, 레더","마른 흙과 풀, 바싹 마른 마테잎의 향과 말가죽의 향이 어우러지며 쓸쓸한 느낌을 주는 향"
224988,https://www.bysuco.com/product/show/224988,뿌르 무슈 오 드 퍼퓸,샤넬,197000.0,https://cf.bysuco.net/96f673139bd34a6f36b9fb20602e19ed.jpg?w=600,"레몬, 바닐라, 넛맥, 라벤더, 베티버",,,"프레시 스파이시, 아로마틱, 시트러스",절제된 우아함을 유지하면서 은은하면서도 놀라운 우디 시프레 향
30732,https://www.bysuco.com/product/show/30732,아뜰리에 드 플뢰르 바닐라 플래니폴리아 오 드 퍼퓸,끌로에,210000.0,https://cf.bysuco.net/04cbdb05c090ef237ef387b9498ea462.jpg?w=600,"바닐라 오키드, 바닐라, 스파이스, 우디 노트",,,"바닐라, 플로랄, 스위트",매력적이고 풍성한 꽃향기가 느껴지는 살짝 스파이시한 노트로 바닐라 플래니폴리아의 입체적인 향
693999,https://www.bysuco.com/product/show/693999,라 뉘 트레조 오 드 퍼퓸,랑콤,139000.0,https://cf.bysuco.net/75decc6984845718685934f103465545.jpg?w=600,"배, 귤, 베르가못","딸기, 바닐라, 오키드, 블랙 로즈, 페션후르츠","프랄릴, 카라멜, 리치, 바닐라, 패츌리, 인텐스, 커피, 감초, 쿠마린, 파피루스","스위트, 프루티, 바닐라",가장 희귀한 원자재로 구성된 21세기의 새로운 사랑의 향수.
224991,https://www.bysuco.com/product/show/224991,안테우스 오 드 뚜왈렛,샤넬,183000.0,https://cf.bysuco.net/23249ba882c760746f922850f7889471.jpg?w=600,"브라질자단목, 코리안더, 시칠리안 만다린","시나몬, 다마스크 로즈, 카네이션","샌달우드, 타파코, 바닐라, 레더","아로마틱, 우디, 레더",레더-아로마틱. 따뜻하면서도 강렬한 향의 조합. 관능적이면서도 강렬한 향
32784,https://www.bysuco.com/product/show/32784,브와 디리스 오 드 퍼퓸,반클리프 아펠,235000.0,https://cf.bysuco.net/7fda292df4e429a755f6dd4d820179b0.jpg?w=600,"아이리스, 드리프트 우드, 바닐라, 인센스, 므르, 슈가, 앰버, 앰버그리스, 베티버, 프렌치 랍다넘",,,"앰버, 우디",아이리스 향이 은은하게 베여있는 고목의 향
23799,https://www.bysuco.com/product/show/23799,인퓨전 디 플로디 오렌지 오 드 퍼퓸,프라다,325000.0,https://cf.bysuco.net/5acb15f379091332a00d97776126f5ba.jpg?w=600,"튜니지안 오렌지 블라썸, 오렌지 블라썸, 튜니지안 네롤리, 자스민 삼박, 인디안 튜베로즈",,,"화이트 플로랄, 시트러스, 튜베로즈",생기 있는 네롤리와 관능적인 삼박 자스민을 블렌딩해 프라다만의 느낌으로 재해석한 오렌지 블라썸 향을 선사합니다
21988,https://www.bysuco.com/product/show/21988,알뤼르 옴므 오 드 뚜왈렛,샤넬,134000.0,https://cf.bysuco.net/d737d454ddb0ad85aec83ba43d8ff544.jpg?w=600,"레몬, 피치, 진저, 만다린 오렌지, 라벤더, 베르가못","페퍼, 시더, 패출리, 베티버, 브라질리안 로즈우드, 로즈, 자스민, 가데니아, 아니스, 프리지아","바닐라, 통카 빈, 샌달우드, 코코넛, 앰버, 벤조인, 머스크, 레더, 오크모스","시트러스, 바닐라, 웜 스파이시",과감한 결단력과 카리스마를 지닌 남성을 표현한 향
9357,https://www.bysuco.com/product/show/9357,그랑 수와 오 드 퍼퓸,메종 프란시스 커정,612000.0,https://cf.bysuco.net/82a9c9b034649866c63e46a5daaa383e.jpg?w=600,시트러스,벤조인,"앰버, 바닐라",,파리의 낭만적이며 우아한 밤으로 설렘을 선사하는 향
224996,https://www.bysuco.com/product/show/224996,플라티넘 에고이스트 오 드 뚜왈렛,샤넬,134000.0,https://cf.bysuco.net/c1cdae7a8b735c88bfdef281c1bd1cef.jpg?w=600,"라벤더, 로즈마리, 네롤리, 페티그레인","제라늄, 클라리세이지, 갈바늄, 자스민","오크머스, 베티버, 시더, 샌달우드, 앰버","아로마틱, 프레쉬 스파이시, 우디","에너지, 빛 그리고 남성다움을 표현하는 화려한 향의 조합으로 자연스럽고 역동적인 향"
97064,https://www.bysuco.com/product/show/97064,젠틀맨 오 드 퍼퓸 보이시,지방시,185000.0,https://cf.bysuco.net/112865a13b2e64c1c1f31d05b603cfc0.jpg?w=600,"블랙페퍼, 코리안더, 제라늄","아이리스, 시더우드, 카카오","산탈, 버닝우드, 패츌리","우디, 웜 스파이시, 스위트",아이리스의 우아함과 버닝 우드의 강렬한 향이 어우러진 향수
33296,https://www.bysuco.com/product/show/33296,브라이트 크리스탈 앱솔루 오 드 퍼퓸,베르사체,124000.0,https://cf.bysuco.net/4c1ccac95b69b1441202261a8f2fef36.jpg?w=600,"석류, 유자, 워터 노트","피오니, 라즈베리, 로투스, 매그놀리아","머스크, 마호가니, 앰버","플로랄, 프루티, 프레쉬","유자향과 석류향이 뿌리는 즉시 진하게 휘몰아치며, 은은하게 지속되는 엠버향과 머스크향의 조합"
32780,https://www.bysuco.com/product/show/32780,프레셔스 오우드 오 드 퍼퓸,반클리프 아펠,235000.0,https://cf.bysuco.net/5170bbea4fdf7b6428ffe30edbc3a991.jpg?w=600,"핑크 페퍼, 베르가못","튜베로즈, 인센스, 자스민","아가우드, 샌달우드, 페출리, 앰버그리스, 베티버","화이트 플로랄, 우디, 앰버",신비로운 오우드에 가미된 매력적인 플로랄의 향
31033,https://www.bysuco.com/product/show/31033,아르마니 코드 오 드 퍼퓸,조르지오 아르마니,175000.0,https://cf.bysuco.net/87318778005d42cc571dd88eb354fdf5.jpg?w=600,"베르가못, 베르가못 리프","아이리스, 알데하이드, 클라리 세이지, 오리스","통카 빈, 시더","아이리스, 아로마틱, 파우더리",다시 써 내려가는 신비로운 향
24560,https://www.bysuco.com/product/show/24560,오 드 깡빠뉴 오 드 뚜왈렛,시슬리 코스메틱,145000.0,https://cf.bysuco.net/8f899049b64b541dcbb447e3dde70eca.jpg?w=600,"토마토 잎, 바질, 오크모스, 베르가못, 레몬, 제라늄, 베티버, 갈바넘, 페출리, 머스크, 릴리오브더밸리, 자스민, 플럼",,,"아로마틱, 프레쉬 스파이시, 그린","남녀 모두를 위한 향수로, 신선하고 상쾌한 풀 내음이 자유롭고 세련된 감성을 선사합니다"
3405516,https://www.bysuco.com/product/show/3405516,오르페옹 오 드 퍼퓸 리미티드,딥티크,315000.0,https://cf.bysuco.net/e51ed43b91a872fa1513373cc18df57a.webp?w=600,주니퍼 베리,자스민,"파우더리 노트, 시더, 통카 빈","파우더리, 우디, 아로마틱",오래된 바의 추억을 흡수한 목재의 편안한 향과 피어오르는 타바코 연기 그리고 분가루 향내가 교차되는 분위기 있는 향
693976,https://www.bysuco.com/product/show/693976,오 드 뉘 오 드 뚜왈렛,조르지오 아르마니,219000.0,https://cf.bysuco.net/7f4b31266f05aace7f9d7c77857376e5.jpg?w=600,"핑크 페퍼, 베르가못","아이리스, 카다멈, 넛맥, 헬리오트로프","통카 빈, 앰버, 시더","파우더리, 바닐라, 아이리스",낮과 밤에 우아함을 추구하는 남성에게 바치는 보완적인 향수
32772,https://www.bysuco.com/product/show/32772,문라이트 패출리 오 드 퍼퓸,반클리프 아펠,235000.0,https://cf.bysuco.net/b4c72e5ad743d9eed9e55152fd7793ba.jpg?w=600,"페출리 리프, 카카오, 우디 노트","불가리안 로즈, 아이리스 플라워","스웨이드, 레더, 프루티 노트","우디, 레더, 페출리",달빛에 물든 패츌리의 강렬하지만 은은한 매력
24391,https://www.bysuco.com/product/show/24391,파롤 디 오 드 퍼퓸,세르주 루텐,230000.0,https://cf.bysuco.net/ab0512c16504573ff03ebc2659628f54.jpg?w=600,"유칼립투스, 솔잎, 시트러스, 머스크",,,"우디, 아로마틱, 시트러스",물이 선사하는 청량함에 집중하다
23156,https://www.bysuco.com/product/show/23156,우드 사틴 무드 오 드 퍼퓸,메종 프란시스 커정,250000.0,https://cf.bysuco.net/05c7ed9da07bd760d5b8e6b6866a7e86.jpg?w=600,"불가리안 로즈, 터키쉬 로즈, 바닐라, 아가우드, 바이올렛, 벤조인",,,"로즈, 바닐라, 오우드",새틴처럼 다듬어진 오우드의 향
22408,https://www.bysuco.com/product/show/22408,베티버 모로코 오 드 퍼퓸,엑스 니힐로,350000.0,https://cf.bysuco.net/8e3ffc945e2b413b6d86b5139d2ba361.jpg?w=600,"베르가못, 불가리안 로즈","사이프러스, 밀크 어코드","베티버, 아미리스, 마타가스카르 바닐라","우디, 아로마틱","남성적, 여성적인 면모를 갖고 있어 부드러우면서도 강단 있는 분위기 연출"
22343,https://www.bysuco.com/product/show/22343,오르페옹 솔리드 퍼퓸 리필,딥티크,71000.0,https://cf.bysuco.net/50ac8816f272893c9533043c766f4469.jpg?w=600,"주니퍼 베리, 시더, 통카 빈, 자스민",,,"파우더리, 우디, 아로마틱",딥티크 공동 창립자의 창작의 공간의 향
9787,https://www.bysuco.com/product/show/9787,엠버 술탄 오 드 퍼퓸,세르주 루텐,205000.0,https://cf.bysuco.net/4212e1dfbf7840f9ea9c9d6711f85485.jpg?w=600,"앰버, 레진, 미르, 바닐라, 샌달우드, 벤조인, 페출리, 베이 리프, 오레가노, 코리안더, 앤젤리카, 머틀",,,"앰버, 아로마틱, 프레쉬 스파이시",페르시아 제국에서 영롱한 빛이 닿아 따스함이 느껴지는 향
3407940,https://www.bysuco.com/product/show/3407940,1957 레 젝스클루시프 드 샤넬 오 드 빠르펭,샤넬,380000.0,https://cf.bysuco.net/ca171eb7cda0ecf98400326b995b2ed4.jpg?w=600,,,,"파우더리, 머스크, 아이리스","1957은 베르가못, 아이리스와 네롤리의 섬세한 조합과 세분화된 시더, 허니, 그리고 파우더리 향이 어우러진 관능적인 화이트 머스크 어코드를 발산합니다."
23798,https://www.bysuco.com/product/show/23798,인퓨전 디 세드르 오 드 퍼퓸,프라다,325000.0,https://cf.bysuco.net/59a552b510b45a896f150211e2dde206.jpg?w=600,"아이리스, 시더, 튜니지안 네롤리, 인센스, 벤조인",,,"우디, 아이리스, 앰버",아름다운 음표 위를 걷는 듯한 느낌을 선사합니다
225232,https://www.bysuco.com/product/show/225232,오 드 리에 오 드 뚜왈렛,딥티크,275000.0,https://cf.bysuco.net/9c8027ae8db950be0019278db21cc7f9.jpg?w=600,"아이비, 시클라멘, 머스크, 제라늄, 우디, 브라질리안 로즈 우드, 앰버그리스",,,"그린, 프레쉬, 우디","신선하고 발랄하며, 꽃들이 활짝 펴져있는 영국 정원을 내려다 보는 화가의 작업실을 떠올리게 하는 향"
23153,https://www.bysuco.com/product/show/23153,아쿠아 비떼 포르떼 오 드 퍼퓸,메종 프란시스 커정,406600.0,https://cf.bysuco.net/141c326272a4ef9e7b4d88f5d201d915.jpg?w=600,"레몬, 과테말라 카다멈, 시칠리안 만다린, 시나몬, 베르가못, 핑크 페퍼","마다가스카르 일랑일랑, 튜니지안 오렌지 블라썸","샌달우드, 헤이티안 베티버","시트러스, 웜 스파이시, 우디",서로의 열기와 채움이 동시에 존재하는 향
3406558,https://www.bysuco.com/product/show/3406558,실버 마운틴 워터 오 드 퍼퓸,크리드,310000.0,https://cf.bysuco.net/0a4b11ad8694337a2bb0535b3b4cf6c1.jpg?w=600,"베르가못, 만다린 오렌지","그린티, 블랙 커런트","머스크, 페티그레인, 샌달우드, 갈바넘","시트러스, 그린, 프루티",감귤에서 느낄 수 있는 시트러스 계열과 우디 계열의 자연스러운 조합으로 산속 깨끗한 물줄기같이 청량하고 상쾌한 향
21929,https://www.bysuco.com/product/show/21929,펄프 오 드 퍼퓸,바이레도,280000.0,https://cf.bysuco.net/82b08f819f8e9cd0e4fcfc0c76969052.jpg?w=600,"블랙커런트, 베르가못, 카다멈","무화과, 레드 애플, 티아레 플라워","프랄린, 피치 블라썸, 시더","프루티, 스위티, 우디",잘 익은 달콤한 과일 덩어리를 묘사한 극적이고 강렬한 향
10319,https://www.bysuco.com/product/show/10319,오렌지 버터플라이 오 드 뚜왈렛,조 러브스,169000.0,https://cf.bysuco.net/bb35d64248ef0bad814e62f5905c2474.jpg?w=600,"오렌지 블라썸, 만다린 오렌지, 페티그레인, 네롤리",,,"시트러스, 화이트 플로랄, 그린",따뜻한 아침 나비들이 날아다니는 모습을 연상시키는 향
33300,https://www.bysuco.com/product/show/33300,크리스탈 누아르 오 드 뚜왈렛,베르사체,106000.0,https://cf.bysuco.net/e9df61439b45fd712c869cfce0b4a940.jpg?w=600,"페퍼, 카다멈, 진저","가드니아, 오렌지 블라썸, 피오니","샌달우드, 머스크, 앰버","우디, 파우더리, 웜 스파이스",부드러우면서 관능적이고 우아한 여성의 향기
3408183,https://www.bysuco.com/product/show/3408183,젤소미노 아 프레도 오 드 퍼퓸,아쿠아 디 파르마,380000.0,https://cf.bysuco.net/c62db0e90419c1eae649db5b69522d81.jpg?w=600,,,,,
693966,https://www.bysuco.com/product/show/693966,아쿠아 디 지오 퍼퓸,조르지오 아르마니,162000.0,https://cf.bysuco.net/40ab52ac5f26b4447735abd595fcf2cb.jpg?w=600,"마린 노트, 베르가못","로즈마리, 클라리세이지, 제라늄","올리바넘, 패츌리","아로마틱, 프레쉬 스파이시, 마린",거친 풍경과 바다의 힘과 광대함을 만나는 신비로움을 발산하는 카리스마 있고 생동감 넘치는 향수
225356,https://www.bysuco.com/product/show/225356,베티버 앤 골든 바닐라 코롱 인텐스,조 말론,225000.0,https://cf.bysuco.net/44db6d66f6b31fe6b747c2aeb2b765bd.jpg?w=600,,,,"아로마틱, 바닐라, 우디",마다가스카르 해안 근처 정글과 녹색 초원을 떠올리게 하는 풍성하고 즐거운 느낌의 향
23145,https://www.bysuco.com/product/show/23145,아 라 로즈 오 드 퍼퓸,메종 프란시스 커정,376000.0,https://cf.bysuco.net/b523d973859825e6b11f75cb7810df8e.jpg?w=600,"칼라브리안 베르가못, 캘리포니아 오렌지","불가리안 로즈, 그라스 로즈, 바이올렛, 매그놀리아","머스크, 시더","로즈, 시트러스, 플로랄",400송이의 장미 부케가 선사하는 관능적인 향기
21957,https://www.bysuco.com/product/show/21957,파라드 오 드 퍼퓸,셀린느,370000.0,https://cf.bysuco.net/ad74f616e5e49045716bf3b1eb6cb740.jpg?w=600,"네롤리, 베르가못, 베티버, 오크모스, 머스크",,,"시트러스, 아로마틱, 얼씨",중독적인 시트러스와 파우더리함의 조화가 선사하는 우아한 피부의의 흔적
3408117,https://www.bysuco.com/product/show/3408117,뗴누아 29 오 드 퍼퓸 (벌크제품),르 라보,250000.0,https://cf.bysuco.net/471dd2c5682ca387544f09c1fa82190e.jpg?w=600,"일랑일랑, 페출리, 오크모스, 타히티안 가데니아, 베티버, 벤조인, 샌달우드",,,"우디, 얼시, 옐로우 플로랄",시프레 플로럴 계열의 향수
3406571,https://www.bysuco.com/product/show/3406571,아쿠아 셀레스티아 코롱 포르떼,메종 프란시스 커정,228800.0,https://cf.bysuco.net/9da3bb13839e7f46c50a42fd6f828179.jpg?w=600,"베르가못, 블랙 커런트","자스민, 미모사",머스크,"프루티, 시트러스, 머스크",밝고 수정처럼 맑은 아우라를 발산하는 향
3406305,https://www.bysuco.com/product/show/3406305,에센시아 오 드 퍼퓸,로에베,227000.0,https://cf.bysuco.net/28fd3f5d6996edd05b98408fc7f99024.jpg?w=600,"모씨, 라벤더, 샌달우드, 베티",,,"우디, 얼디, 모씨","바질, 타라곤이 어우러져 독특하고 강렬한 향"
225431,https://www.bysuco.com/product/show/225431,세이크리드 우드 오 드 퍼퓸 리필,킬리안,350000.0,https://cf.bysuco.net/6a3e5091ad48ece1dc5153ee1a44668f.jpg?w=600,"우디, 밀크, 핑크 페퍼","카라웨이, 당근, 스파이시","앰버, 샌달우드","우디, 파우더리, 웜 스파이시",아시아의 매력을 담은 향기로운 나무가 지닌 신비로운 마법을 불러내는 향
225359,https://www.bysuco.com/product/show/225359,로즈 앤 화이트 머스크 앱솔뤼,조 말론,490000.0,https://cf.bysuco.net/abaa15df621d0968c7b5eae4e0a95581.jpg?w=600,,"다마스크 로즈, 로즈 워터","화이트 머스크, 앰버","로즈, 오우드, 머스크",아라비아 사막의 중심부에 핀 꽃잎처럼 상큼한 달콤함으로 감싸주는 향
32774,https://www.bysuco.com/product/show/32774,상탈 블랑 오 드 퍼퓸,반클리프 아펠,235000.0,https://cf.bysuco.net/086990741c20d3f90c198ef5e6f61735.jpg?w=600,"피그 넥타르, 만다린 오렌지","샌달우드, 바이올렛","머스크, 통카빈, 벤조인","우디, 파우더리, 프루티",부드럽게 어루만지는 섬세한 샌달우드의 향
23155,https://www.bysuco.com/product/show/23155,아쿠아 셀레스티아 포르떼 오 드 퍼퓸,메종 프란시스 커정,360000.0,https://cf.bysuco.net/326dc40ec15c90bce6ef217b50735c4d.jpg?w=600,"라임, 페티그레인, 레몬, 민트","블랙 커런트 블라썸, 자스민, 헤디온, 미모사, 릴리오브더밸리",머스크,"시트러스, 그린, 아로마틱",마치 천상에 있는 듯한 가벼운 머스크 향
225391,https://www.bysuco.com/product/show/225391,뱀부 하모니 오 드 퍼퓸 리필,킬리안,350000.0,https://cf.bysuco.net/59545a3fdf8aacda14cf717b4c9b7e1c.jpg?w=600,"베르가못, 네롤리, 비터 오렌지","티, 대나무, 미모사, 스파이시","무화과 잎, 홀리, 오크모스","그린, 시트러스, 프레쉬","대나무 숲에서 시원한 화이트 티를 음미하는 듯한 느낌을 주는, 마음을 편하게 하며 명상에 빠지게 하는 향."
34240,https://www.bysuco.com/product/show/34240,던 오 드 퍼퓸,프레데릭 말,1980000.0,https://cf.bysuco.net/248723c3a9cfff6fc377868077ab4bde.jpg?w=600,"핑크페퍼, 터키쉬 로즈","올리바늄, 터키쉬 로즈","아가우드(오우드), 랍다넘, 베티버, 오크모스","앰버, 오우드, 우디","이른 새벽 유리창을 투과하는
빛줄기 속으로 번지는 뿌연 안개가 연상되는 향"
3407420,https://www.bysuco.com/product/show/3407420,우드 자리안 오 드 퍼퓸,크리드,580000.0,https://cf.bysuco.net/cf1c709eb8ffb102ce10a36d3cfee675.jpg?w=600,"스파이시, 프랑킨센스, 진저, 베르가못",메이 로즈,"리코리스, 미르, 통카빈, 샌달우드, 우드, 파츌리","앰버, 웜 스파이시, 소프트 스파이시","우드 자리안은 짙고 풍부한 프랑킨세스가 따뜻한 스파이스 어코드와
어우러져 신비로운 향의 베일을 드리우듯 서서히 퍼지고 이어 은은하게
피어오르는 센티폴리아 로즈가 중심을 밝혀줍니다."
3405866,https://www.bysuco.com/product/show/3405866,그랑 수와 오 드 퍼퓸,메종 프란시스 커정,198000.0,https://cf.bysuco.net/ecc2d5f605a4cdc0c7dd68998d3a3ca2.webp?w=600,시트러스,벤조인,"앰버, 바닐라",,파리의 낭만적이며 우아한 밤으로 설렘을 선사하는 향
693972,https://www.bysuco.com/product/show/693972,스트롱거 위드 유 인텐슬리 오 드 퍼퓸,조르지오 아르마니,125000.0,https://cf.bysuco.net/2e4c6e212b520a1714804cc2e5bfbdbb.jpg?w=600,"핑크 페퍼, 쥬니퍼, 바이올렛","토피, 시나몬, 라벤더, 세이지","바닐라, 앰버, 통카 빈, 스웨이드","바닐라, 스위트, 앰버",따뜻하고 매운 면이 있는 중독성 있는 푸제르 향수
33473,https://www.bysuco.com/product/show/33473,레 제퓌르 드 퍼퓸 퓨어 뮤게 오 드 뚜왈렛,까르띠에,365000.0,https://cf.bysuco.net/8be50a75ec4eee521524c330881a4b35.jpg?w=600,"뮤게, 그린노트",,,"그린, 화이트 플라워, 프레쉬",은방울꽃만의 순순한 매력을 담은 향
3406557,https://www.bysuco.com/product/show/3406557,상탈 33 오 드 퍼퓸,르 라보,250000.0,https://cf.bysuco.net/e31d6ba114bf710c9e159326d2a3e51c.jpg?w=600,"샌달우드, 레더, 파피루스, 버지니아 시더, 카다멈, 바이올렛, 아이리스, 앰버",,,"우디, 파우더리, 레더","타오르는 모닥불과 스모키하게 날리는 연기, 빛이 사라지고 난 이후에 느껴지는 센슈얼한 무드를 표현한 향"
225167,https://www.bysuco.com/product/show/225167,디올 옴므 인텐스 오 드 퍼퓸,디올,150000.0,https://cf.bysuco.net/f410688e867be18ce5b71b0d3e23ff5f.jpg?w=600,"아이리스, 바닐라, 앰버, 시더, 베티버",,,"파우더리, 아이리스, 바닐라",마치 우아하고 모던한 수트와 같이 향이 퍼지는 곳마다 우아함을 선사
30314,https://www.bysuco.com/product/show/30314,사쿠라 오 드 퍼퓸,아쿠아 디 파르마,415000.0,https://cf.bysuco.net/02858503bd632b99d9e3cae7e87bbf0e.jpg?w=600,"칼라브리안 베르가못, 만다린, 핑크페퍼","체리 블라썸, 자스민 삼박",머스크,"플로랄, 머스크",만발한 벚꽃과 부드러운 머스크 그리고 시트러스향의 터치로 인해 생동감 있는 봄의 분위기를 연출
21113,https://www.bysuco.com/product/show/21113,오 구어망드 엠버 바닐라 오 드 뚜왈렛,로라 메르시에,109000.0,https://cf.bysuco.net/d9eefc88a38c91546918313636f590d5_cvt.webp?w=600,"오키드, 헬리오트로프, 탠저린","아몬드, 코코넛",샌달우드,"스위트, 아몬드, 파우더리",부드러운 엠버 향과 따뜻하고 편안한 바닐라 향이 어우러진 향
10066,https://www.bysuco.com/product/show/10066,미스 디올 블루밍 부케 롤러 펄 오 드 뚜왈렛,디올,79000.0,https://cf.bysuco.net/ab5859e6aa175be612a08004f543130c.jpg?w=600,"시칠리안 만다린, 베르가못","피오니, 다마스크 로즈, 피치, 아프리콧",화이트 머스크,"로즈, 플로랄, 시트러스",생동감 넘치면서도 부드럽게 다가오는 플로랄 향
3407918,https://www.bysuco.com/product/show/3407918,턱시도 오 드 빠르펭,입생로랑,370000.0,https://cf.bysuco.net/8f1b84589d1fbf18be9a322a47e404b1.jpg?w=600,"바이올렛 잎, 코리앤더, 베르가못","장미, 블랙 페퍼, 은방울 꽃","파츌리, 부르봉 바닐라, 앰버그리스","패츌리, 바닐라, 우디","바이올렛 잎의 세련된 터치와 스모키하고 강렬한 우디 향의 패츌리가
섬세하게 닫듬어져, 샤프하면서 대담한 턱시도 향기를 완성시키는 우디 시프레 향"
32781,https://www.bysuco.com/product/show/32781,로즈 루즈 오 드 퍼퓸,반클리프 아펠,235000.0,https://cf.bysuco.net/73e967eef5a5147270879a236a18d4da.jpg?w=600,"블랙 커런트, 핑크 페퍼, 베르가못","로즈, 라즈베리, 베티버","바닐라, 카카오 팟, 페출리, 벤조인, 머스크, 베티버","프루티, 로즈, 스위트",꿈꾸는 신비로운 향
22906,https://www.bysuco.com/product/show/22906,플로르 드 피치 오 드 퍼퓸,라티잔 퍼퓨머,291000.0,https://cf.bysuco.net/7c4358d26fb7405a4b2d849b67100503.jpg?w=600,피치,자스민,페출리,"프루티, 화이트 플로랄, 페출리",복숭아의 모든 것
3407926,https://www.bysuco.com/product/show/3407926,프리베 블랑 코가네 오 드 퍼퓸,조르지오 아르마니,525000.0,https://cf.bysuco.net/af0637b87929046e7dd42a7d97321b56.jpg?w=600,"알데하이드, 이탈리안 레몬 에센스, 핑크 베리 에센스","쟈스민 압솔뤼, 은방울꽃, 일랑일랑 에센스","화이트 머스크, 아이티 베티버 에센스, 파출리 에센스","화이트 플로럴, 알데하이드, 머스크",나른한 오전 침대 위 연인의 포옹처럼 내추럴한 관능미를 담은 쟈스민과 화이트 머스크의 만남
3406960,https://www.bysuco.com/product/show/3406960,프리베 휘그 에덴 오 드 뚜왈렛,조르지오 아르마니,230000.0,https://cf.bysuco.net/6afd0699fce52c03dca14dfa45664f06.jpg?w=600,"핑크 페퍼, 베르가못, 만다린 오렌지","피그 어코드, 티, 그라스","아이리스, 앰버우드, 머스크","그린, 프루티, 시트러스","휘그 에덴은 Mr. Armani가 생각하는 에덴 동산인, 지중해 나폴리에 위치한 이스키아 섬에 피어난 무화과 나무에서 영감을 받아 탄생한 향입니다."
3406683,https://www.bysuco.com/product/show/3406683,재즈 클럽 오 드 뚜왈렛 기프트 세트,메종 마르지엘라,138000.0,https://cf.bysuco.net/605d48637c164d171bde10f91eaa8d3b.webp?w=600,"핑크페퍼, 네롤리, 레몬","럼, 자바 제티버 오일, 세이지","타바코 리프, 바닐라 빈, 때죽나무","타바코, 스위트, 럼",프라이빗 재즈 클럽에서 느껴지는 남성적이고 활기찬 향
694151,https://www.bysuco.com/product/show/694151,와이 르 퍼퓸 오 드 퍼퓸,입생로랑,160000.0,https://cf.bysuco.net/449b8427ec31a5ac8b29af90c2ecfab1.jpg?w=600,"사과, 알데히드, 자몽, 진저","라벤더, 세이지, 제라늄","통카 빈, 시더, 올리바넘, 패츌리","아로마틱, 프레쉬 스파이시, 프레쉬",자유롭고 진취적인 남성을 위한 입생로랑의 새로운 향수
97021,https://www.bysuco.com/product/show/97021,랑떼르디 오 드 퍼퓸 루즈 얼팀,지방시,146000.0,https://cf.bysuco.net/990c35e9aa21b669e356921d31407e87.jpg?w=600,"튀니지안 오렌지 블라썸, 자스민 삼박, 튀니지안 네롤리","인디안 튜베로즈, 카카오 팟","인도네시안 패츌리, 리프 암브록산, 하이티 베티버, 타바코","화이트 플로럴, 튜베로즈, 카카오",금지된 것에 대한 강한 이끌림을 느끼는 모든 이들을 위한 향수
21987,https://www.bysuco.com/product/show/21987,알뤼르 옴므 스포츠 오 엑스트렘므 오 드 퍼퓸,샤넬,151000.0,https://cf.bysuco.net/956d041eb0a52fb55867f08be9f3e01f.jpg?w=600,"만다린 오렌지, 민트, 사이프러스, 세이지",페퍼,"통카빈, 머스크, 샌달우드, 시더","아로마틱, 우디, 프레쉬 스파이시",한계와 타협 없이 인생을 살아가는 남성을 위한 향수
9541,https://www.bysuco.com/product/show/9541,떼르 데르메스 오 드 뚜왈렛,에르메스,60000.0,https://cf.bysuco.net/73b2153c1742b2b84a7176b57380d0f6.jpg?w=600,"오렌지, 자몽","페퍼, 플린트","베티버, 시더우드, 벤조인","시트러스, 우디, 미네랄, 클래식","쓴 오렌지와 자몽의 드라이한 시트러스가 대지를 스치듯 열리며, 미네랄한 플린트와 베티버가 겹쳐져 흙 내음의 깊이로 단단하게 마무리되는 클래식한 우디 시트러스 향"
3407066,https://www.bysuco.com/product/show/3407066,플레르 드 뽀 솔리드 퍼퓸,딥티크,104000.0,https://cf.bysuco.net/d588ca7018e911efe9625f3c1a0d57a0.jpg?w=600,,,,,
3406569,https://www.bysuco.com/product/show/3406569,마차 메디테이션 오 드 뚜왈렛,메종 마르지엘라,108000.0,https://cf.bysuco.net/8ef87420b1d0f8168bebcb246b03ee8d.webp?w=600,"그린티 에센스, 베르가못 에센스","오렌지 플라워 에센스, 마차 어코엄","벤조인 앱솔루트, 화이트 초콜렛 어코드","플로랄, 그린, 스위트","기억 속, 다양한 순간의 시간과 장소를 담아 낸 향수
  밝은 햇빛이 비추는 오후, 따뜻한 마차 한 잔으로 마음이 편안해지는 느낌을 주는 향"
3405606,https://www.bysuco.com/product/show/3405606,쏠레이 네쥐 퍼퓸,톰 포드,613000.0,https://cf.bysuco.net/ac52859a8082e22e9e4d033d3794d603.jpg?w=600,"캐롯 시드, 베르가못, 만다린","자스민, 오렌지 블라썸, 터키쉬 로즈","바닐라, 우드 노트, 앰버","화이트 플로랄, 시트러스, 파우더리",태양빛을 머금은 알프스 산 정상의 숨 막힐 듯한 위엄을 불러 일으키는 향
113335,https://www.bysuco.com/product/show/113335,디스커버리 세트 오 드 퍼퓸,세르주 루텐,102000.0,https://cf.bysuco.net/df693ffd3877963cfff4210929ee4241.jpg?w=600,,,,,
30715,https://www.bysuco.com/product/show/30715,아뜰리에 드 플뢰르 매그놀리아 알바 오 드 퍼퓸,끌로에,210000.0,https://cf.bysuco.net/f5e92244d382e47df0bbf18ae4ca19a5.jpg?w=600,매그놀리아,,,"플로랄, 시트러스",봄날 목련의 모습을 담은 향
23759,https://www.bysuco.com/product/show/23759,아르테미지아 오 드 퍼퓸,펜할리곤스,154000.0,https://cf.bysuco.net/8c3c5f17ef5ae2ffda0a8fd1976a0d3b.jpg?w=600,"넥타린, 그린 노트","바이올렛, 바닐라, 릴리오브더밸리, 티, 자스민, 그린 애플","머스크, 샌달우드, 오크모스, 앰버","파우더리, 머스크, 바이올렛",두 볼 발그레한 소녀의 수줍은 미소
3407935,https://www.bysuco.com/product/show/3407935,피그 에로티끄 오 드 퍼퓸,톰 포드,613000.0,https://cf.bysuco.net/6c46490b12386553fe518da6e07c9853.jpg?w=600,,,,"스위트, 우디, 시트러스","풋풋한 무화과 잎과 베르가못이 먼저 상큼하게 터지면서, 살짝 짭조름한 카도타 무화과 네타가 햇볕 아래 익어가는 순간을 부드럽게 그려내는 향이에요. 이어서 머스코바도 설탕, 베티버, 패출리가 더해져 따뜻하고 달콤하면서도 살짝 스모키한 여운을 남기는 관능적인 피그 구르망 향수입니다."
97202,https://www.bysuco.com/product/show/97202,맨 인 블랙 오 드 퍼퓸,불가리,141000.0,https://cf.bysuco.net/fd623b0be305accec0888aa83437ffa3.jpg?w=600,"스파이시, 럼, 타바코","레더, 아이리스, 튜베로즈","통카 빈, 가이악 우드, 벤조인","웜 스파이시, 우디, 레더",불과 같은 관능미
97071,https://www.bysuco.com/product/show/97071,젠틀맨 오 드 뚜왈렛,지방시,170000.0,https://cf.bysuco.net/7e4ea52e356a1cb635e9c927ba4e7cce.jpg?w=600,"배, 카다멈, 파인애플","아이리스, 라벤더, 제라늄","레더, 블랙 바닐라 허스크, 패츌리","아이리스, 프루티, 스위트",고귀하고 우아한 꽃으로 장식된 독특하고 강력한 남성적 향
34216,https://www.bysuco.com/product/show/34216,아웃레이져스 오 드 퍼퓸,프레데릭 말,480000.0,https://cf.bysuco.net/24ebb32e0bdbf0b65e62efd7169de769.jpg?w=600,"라임, 그린 애플, 자몽, 민트, 시나몬","네롤리, 오렌지 블라썸","머스크, 알데하이드, 시더, 앰버","시트러스, 화이트 플로랄, 그린",탠져린과 그린 애플이 폭발적인 청량함과 부드러움에 머스크의 중성적인 매력이 대비되는 드라마틱하고 화려한 향
33330,https://www.bysuco.com/product/show/33330,미우미우 트위스트 오 드 매그놀리아 오 드 퍼퓸,미우미우,200000.0,https://cf.bysuco.net/65ac2f5d8b4a15571133d20562cf30fc.jpg?w=600,"핑크페퍼, 페어","매그놀리아, 씨클라멘","머스크, 코스몬, 브아 아이리스","머스키, 플로랄, 파우더리",우아한 매그놀리아와 감각적인 머스크로 진귀한 향을 선사함
32404,https://www.bysuco.com/product/show/32404,콜론 352 오 드 퍼퓸,엑스 니힐로,350000.0,https://cf.bysuco.net/11042245ecef89e39275a01b47318431.jpg?w=600,"이탈리안 레몬, 주니퍼베리","오렌지 블라썸, 로즈, 릴리 오브 더 밸리","화이트 시더우드, 가이악 우드, 화이트머스크","화이트 플로랄, 우디","시트러스와 우디, 화이트플로랄이 상쾌하면서도 깨끗한 이미지 연출"
32776,https://www.bysuco.com/product/show/32776,떼 아마라 오 드 퍼퓸,반클리프 아펠,235000.0,https://cf.bysuco.net/4911be2a2be4a9890ebba9ad26827c86.jpg?w=600,"티, 베르가못, 민트, 핑크 페퍼","로즈, 스위트 피","화이트 머스크, 시더, 캐쉬미란","그린, 머스크, 시트러스",이른 아침 내리는 첫 햇빛 속 산책
22407,https://www.bysuco.com/product/show/22407,상탈 콜링 오 드 퍼퓸,엑스 니힐로,350000.0,https://cf.bysuco.net/75cbf4e6672dc93ece0e8f6dd6675f1f.jpg?w=600,너트맥,"아이리스, 밀크","샌달우드, 머스크, 바닐라","파우더리, 우디",샌달우드와 머스크의 조화로 고급스러우면서 편안한 이미지 연출
9346,https://www.bysuco.com/product/show/9346,벨벳 헤이즈 오 드 퍼퓸,바이레도,280000.0,https://cf.bysuco.net/6843aef5b58bfa782a15c60a4a821a0b.jpg?w=600,"코코넛, 히비스커스, 베르가못","패츌리, 튜베로즈, 오스만투스","패츌리, 머스크, 카카오포드, 암브레트, 캐쉬미란","머스키, 패츌리, 우디",이국적인 달콤함으로 시작해 섹슈얼하게 마무리되는 벨벳과 같은 향
3407972,https://www.bysuco.com/product/show/3407972,오르페옹 오 드 퍼퓸 리미티드(홀리데이),딥티크,315000.0,https://cf.bysuco.net/19ce63e6e4f3e5d9d6cd7996d8cf47c3.jpg?w=600,주니퍼 베리,자스민,"파우더리 노트, 시더, 통카 빈","파우더리, 우디, 아로마틱",오래된 바의 추억을 흡수한 목재의 편안한 향과 피어오르는 타바코 연기 그리고 분가루 향내가 교차되는 분위기 있는 향
224923,https://www.bysuco.com/product/show/224923,넘버19 오 드 뚜왈렛,샤넬,231000.0,https://cf.bysuco.net/31ba286d5dc348ef6aed1d716ffc824b.jpg?w=600,"아이리스 팔리다, 그린 노트, 갈바늄, 파우더리 노트, 우디 노트",,,"그린, 파우더리, 우디",강렬한 힘이 느껴지는 대담하고 독특한 향기.
141228,https://www.bysuco.com/product/show/141228,길티 앱솔루트 뿌르 옴므 오 드 퍼퓸,구찌,170000.0,https://cf.bysuco.net/62dfb72191f65c7eb677bec184b259f1.jpg?w=600,레더,"사이프러스, 파츌리","우디 노트, 베티버","우디, 레더","자유로운 사랑에 대한 관념을 함께 표현하고, 자유를 향한 여정을 선사하는 향"
34360,https://www.bysuco.com/product/show/34360,시타 디 교토 오 드 코롱,산타 마리아 노벨라,210000.0,https://cf.bysuco.net/d92a6ac809d2590a38de1b9213567146.jpg?w=600,"산사나무, 히야신스, 베르가못, 일랑일랑, 오렌지, 자스민, 로즈","아이리스, 사이프러스, 자작나무, 로투스, 라벤더, 플럼, 피치, 시나몬","인센스, 가이악우드, 에보니우드, 오리스, 버지니아 시더, 샌달우드, 머스크, 앰버, 바닐라, 패츌리","우디, 파우더리, 아이리스",일본의 연꽃과 피렌체의 아이리스의 조화
30707,https://www.bysuco.com/product/show/30707,아뜰리에 드 플뢰르 자스미넘 삼박 오 드 퍼퓸,끌로에,210000.0,https://cf.bysuco.net/9d6e8a645ae3ce8d5d476c5ff3001520.jpg?w=600,자스민 삼박,,,화이트 플로랄,구슬에 맺힌 이슬처럼 섬세하고 벨벳같은 자스민 꽃잎이 부케에 부드럽고 화창한 느낌을 더해주는 향
23773,https://www.bysuco.com/product/show/23773,할페티 오 드 퍼퓸,펜할리곤스,390000.0,https://cf.bysuco.net/9834a98f371fc313d9216efcb13a38fd.jpg?w=600,"시프레 리프, 샤프론, 카다멈, 아르테미시아, 베르가못, 자몽","불가리안 로즈, 너트맥, 자스민","아가우드, 시더, 레더, 샌달우드, 앰버, 바닐라, 통카 빈, 머스크","우디, 웜 스파이시, 아로마틱",미스테리한 장미의 향
3406980,https://www.bysuco.com/product/show/3406980,미니 디스커버리 세트,킬리안,65000.0,https://cf.bysuco.net/bccd2f0906209dba190c70f14df6114e.webp?w=600,,,,,
693975,https://www.bysuco.com/product/show/693975,오 뿌르 옴므 오 드 뚜왈렛,조르지오 아르마니,219000.0,https://cf.bysuco.net/3bc3667b0990456afe7d8255c1652126.jpg?w=600,"베르가못, 만다린 오렌지, 바질","클로브, 넛맥, 릴리","오크모스, 샌달우드, 패츌리","시트러스, 프레쉬 스파이시, 웜 스파이시",창의적 철학과 완벽하게 조화를 이루는 남성용 향수
693964,https://www.bysuco.com/product/show/693964,아쿠아 디 지오 오 드 퍼퓸,조르지오 아르마니,138000.0,https://cf.bysuco.net/0635de852fb963a42732b6be29761c0d.jpg?w=600,"씨 노트, 그린 만다린","클라리 세이지, 라벤더, 제라늄","미네랄 노트, 베티버, 패츌리","아로마틱, 마린, 시트러스",강렬하고 상쾌한 바다의 향
33039,https://www.bysuco.com/product/show/33039,미우미우 로 블루 오 드 퍼퓸,미우미우,200000.0,https://cf.bysuco.net/9045c1ba4cc524ac0ecbe32eb1aa9e48.jpg?w=600,릴리 오브 더 밸리,"그린 노트, 듀 드랍, 화이트 플라워, 와일드 로즈, 자스민, 헤디온","아키갈라우드, 화이트 머스크","화이트 플로랄, 그린",이른 봄의 은방울 꽃의 가벼운 아침 이슬을 닮은 향
32783,https://www.bysuco.com/product/show/32783,브와 도레 오 드 퍼퓸,반클리프 아펠,235000.0,https://cf.bysuco.net/e59e15be25a653ee207e904ee214a9c8.jpg?w=600,"블랙 페퍼, 미네랄 노트","바닐라, 아몬드, 타바코, 시더","통카 빈, 티크 우드, 머스크","바닐라, 스위트, 우디",피부 위에서 부드럽고 따뜻하게 녹아드는 빛나는 우드
32777,https://www.bysuco.com/product/show/32777,캘리포니아 레브리 오 드 퍼퓸,반클리프 아펠,235000.0,https://cf.bysuco.net/969912b99ee73bb0da2be98345842218.jpg?w=600,"네롤리, 만다린 오렌지","자스민 삼박, 푸루메리아","비즈왁스, 바닐라","화이트 플로랄, 시트러스, 플로랄",행복하고 따스한 기운이 감도는 향
22485,https://www.bysuco.com/product/show/22485,랑떼르디 오 드 퍼퓸,지방시,129000.0,https://cf.bysuco.net/4e61d129e0480eefe55c505d670ce0b7.jpg?w=600,"페어, 베르가못","튜베로즈, 오렌지 블라썸, 자스민 삼박","페출리, 바닐라, 암브록산, 베티버","화이트 플로랄, 튜베로즈, 스위트",우아함을 재해석한 대담한 향수
3407399,https://www.bysuco.com/product/show/3407399,34번가 생제르망 오 드 뚜왈렛,딥티크,50000.0,https://cf.bysuco.net/cef80aa84f129ad5cbb9dfa2f344585b.jpg?w=600,"클로브, 시나몬, 블랙 커런트, 카다멈, 무화과 잎, 핑크 페퍼, 그린 노트, 시트러스","제라늄, 아이리스, 튜베로즈, 바이올렛, 로즈","레진, 우디 노트, 유칼립투스","웜 스파이시, 우디, 그린",스파이시한 우디향으로 중성스럽고 묵직한 향이 특징
225379,https://www.bysuco.com/product/show/225379,엔젤스 쉐어 오 드 퍼퓸 리필,킬리안,350000.0,https://cf.bysuco.net/4dc1a4cf839209ef87862ad63562034a.jpg?w=600,코냑,"시나몬, 통카 빈, 오크","바닐라, 프랄린, 샌달우드","우디, 웜 스파이시, 스위트",오크통에서 오래 숙성된 코냑을 떠올리며 만든 향
225145,https://www.bysuco.com/product/show/225145,오 소바쥬 퍼퓸,디올,169000.0,https://cf.bysuco.net/c4821f3e708c7394093a770fa7be4125.jpg?w=600,"시트롱, 베르가못, 라벤더",하이티 베티버,엘레미,"아로마틱, 시트러스, 프레쉬 스파이시",깊고 풍부하며 생동감 있고 신선한 새로운 향
140903,https://www.bysuco.com/product/show/140903,아뜰리에 드 플뢰르 라벤더 오 드 퍼퓸,끌로에,210000.0,https://cf.bysuco.net/79016a9a94afb085f94da0c1db5b1b2a.jpg?w=600,라벤더,,,"라벤더, 아로마틱, 프레쉬 스파이시",라벤더 가지를 품에 안고 햇볕에 내리쬐는 정원의 향
32813,https://www.bysuco.com/product/show/32813,옴니아 아메시스트 오 드 뚜왈렛,불가리,158000.0,https://cf.bysuco.net/079b947ea1d32990ff8b74013f8544ae.jpg?w=600,"그린 티, 핑크 자몽","아이리스, 불가리안 로즈","헬리오트로프, 우디 노트","파우더리, 아이리스, 바닐라",우아한 품격과 섬세한 매력이 은은히 펼쳐지는 자수정을 닮은 아이리스의 향
24559,https://www.bysuco.com/product/show/24559,오 뒤 스와르 오 드 퍼퓸,시슬리 코스메틱,199000.0,https://cf.bysuco.net/86b0c27eb9c813ed26b3533f794d9359.jpg?w=600,"자몽, 만다린 오렌지","오크모스, 주니퍼, 페출리, 페퍼, 아이리스, 카네이션, 고광나무, 로즈, 프렌치 랍다넘, 자스민, 릴리오브더밸리, 일랑일랑","머스크, 앰버","우디, 프레쉬 스파이시, 아로마틱",시간을 초월하는 세련된 우아함
23849,https://www.bysuco.com/product/show/23849,아쿠아 델라 레지나 오 드 코롱,산타 마리아 노벨라,145000.0,https://cf.bysuco.net/b771513c4706575391e23d579923df34.jpg?w=600,"시트러스, 네롤리, 페티그레인","네롤리, 로즈마리, 라벤더, 클로브","머스크, 페출리","시트러스, 아로마틱, 프레쉬 스파이시",산타 마리아 노벨라의 가장 오래된 향수
3408181,https://www.bysuco.com/product/show/3408181,콜로니아 일 프로푸모 밀레지마토 오 드 퍼퓸,아쿠아 디 파르마,475000.0,https://cf.bysuco.net/e4d91f8211aa257c75a7c21285fb4e9b.jpg?w=600,,,,,
1908003,https://www.bysuco.com/product/show/1908003,우롱차 X 엑스트레 드 퍼퓸,니샤네,340000.0,https://cf.bysuco.net/646e9046c44c6f33d70623fbaece2292.webp?w=600,"베르가못, 유자, 리트시아, 만다린","매그놀리아, 백리향, 그린티","머스크, 무화과","시트러스, 그린, 플로랄",스파이시와 우디가 어우러진 잔향이 매력적인 향.
141221,https://www.bysuco.com/product/show/141221,길티 앱솔루트 뿌르 팜므 오 드 퍼퓸,구찌,157000.0,https://cf.bysuco.net/9b4a90cbe2a202d6138f1bd3332b9336.jpg?w=600,"블랙베리, 핑크페퍼, 베르가못","사이퍼러스, 불가리아 로즈, 우디 노트, 베티버","인디안 파츌리, 앰버","우디, 프루티",시프레 플로럴을 시프레 프루티 향으로 서서히 발전시키며 전통적인 여성 향의 틀을 깨는 향
33576,https://www.bysuco.com/product/show/33576,잉글리쉬 페어 앤 스윗 피 오 드 코롱 스페셜 에디션,조 말론,239000.0,https://cf.bysuco.net/703fee52ede95991c535f9a0fae5fad1.jpg?w=600,윌리엄 페어,스위트피,화이트 머스크,"플로랄, 머스크, 스위트",햇살이 따스하게 내리쬐는 과수원에서 무르익기 직전의 매혹적인 배가 가지에 가득 달려 생기를 불어넣는 향
32415,https://www.bysuco.com/product/show/32415,베네넘 키스 오 드 퍼퓸,엑스 니힐로,350000.0,https://cf.bysuco.net/e3cdf3e4c1408906c066afeaf5191ab0.jpg?w=600,"샤프란, 너트맥, 네롤리","로즈, 앰버, 아르테미지아","바닐라, 샌달우드, 때죽나무","앰버, 웜 스파이시",달콤한 오리엔탈 타입 향수가 선사하는 거부 할 수 없는 섹슈얼함
24396,https://www.bysuco.com/product/show/24396,이칸 드 퓌메 오 드 퍼퓸,세르주 루텐,205000.0,https://cf.bysuco.net/f56ccea84948dc6b97595d43ba45fa66.jpg?w=600,"카카오, 럼, 스모크, 타바코, 우디 노트",,,"우디, 카카오, 스모크",달콤하고 관능적인 담배 연기
24393,https://www.bysuco.com/product/show/24393,상탈 마제스퀄 오 드 퍼퓸,세르주 루텐,205000.0,https://cf.bysuco.net/3b7f01ff0f99c5cc1eda1f25061665c9.jpg?w=600,"샌달우드, 다마스크 로즈, 카카오",,,"우디, 웜 스파이시, 로즈",맑은 선율을 따라 내리는 비에 촉촉이 젖은 목재의 향
23151,https://www.bysuco.com/product/show/23151,아쿠아 유니버셜 오 드 뚜왈렛,메종 프란시스 커정,339000.0,https://cf.bysuco.net/292631d001d8f98bf36e731765366e42.jpg?w=600,"릴리오브더밸리, 아말티 레몬, 베르가못, 머스크, 오렌지 블라썸, 오렌지, 우디 노트",,,"시트러스, 화이트 플로랄, 프레쉬",상쾌한 느낌의 관능적이고 부드러운 향
3407924,https://www.bysuco.com/product/show/3407924,그리 디올 오 드 퍼퓸,디올,650000.0,https://cf.bysuco.net/70ec0c8e4b1f477ffa5c6bb58de382ef.jpg?w=600,베르가못,"로즈, 자스민","모스, 패츌리, 시더, 샌달우드, 앰버","우디, 로즈, 얼디","그리 디올, 시프레-로즈 노트가 대조적인 조화를 이루는 향수"
3406972,https://www.bysuco.com/product/show/3406972,애플 브랜디 온 더 락스 오 드 퍼퓸,킬리안,85000.0,https://cf.bysuco.net/35456f15b3f7546a548443a33c64c731.jpg?w=600,"카다멈, 베르가못","애플, 럼, 브랜디, 파인애플, 바닐라, 모스","암브록산, 시더","프루티, 우디, 웜 스파이시","사과의 프루티한 블렌드가 브랜디와 조화를 이루며 럼주, 모스, 바닐라의 향을 이용해 재구성한 향"
3406559,https://www.bysuco.com/product/show/3406559,레이튼 익스클루시브 오 드 퍼퓸,퍼퓸 드 말리,515000.0,https://cf.bysuco.net/e60c696eeeba2f4e45bf0f94e4945fe6.jpg?w=600,"아몬드, 만다린 오렌지, 베르가못, 워터리 노트","시벳, 제라늄, 로즈, 가데니아, 워터 릴리","가이악 우드, 라오스 오우드, 바닐라, 커피, 샌달 우드, 인도네시안 페출리 리프, 앰버, 오크모스, 핑크 페퍼","우디, 오우드, 파우더리",레이튼의 플랭커 향수이지만 향의 구성을 대담하게 바꿔 완전히 새롭게 표현한 향
3406015,https://www.bysuco.com/product/show/3406015,알렉산드리아2 퍼퓸,제르조프,450000.0,https://cf.bysuco.net/7781ff5680701555541cd3577f5ff0a5.jpg?w=600,"브라질리안 로즈우드, 라벤더, 시나몬, 애플","로즈, 시더, 릴리 오브 더 밸리","아가우드, 샌달우드, 앰버, 바닐라, 머스크","우디, 앰버, 파우더리",천년의 수도였던 로마에서 영감을 받아 치명적인 향과 깊이가 매력적인 우디 앰버 퍼퓸
3405996,https://www.bysuco.com/product/show/3405996,낙소스 오드 퍼,제르조프,,,"베르가못, 레몬, 라벤더","시나몬, 허니, 캐시미어","토마코 잎, 통카, 바닐라빈","스위트, 바닐라, 허니",신선한노트와 달콤하고 부드러운 노트의 하모니가 색다른 분위기를 연출하는 향
693974,https://www.bysuco.com/product/show/693974,스트롱거 위드 유 앱솔루트 퍼퓸,조르지오 아르마니,180000.0,https://cf.bysuco.net/de9ccd4c07007bf8e216e5e034db57c4.jpg?w=600,"럼, 엘레미, 베르가못","라벤더, 다바나","바닐라, 밤, 시더, 패츌리","바닐라, 우디, 발사믹",럼과 프랑스 라벤더의 새로운 거부할 수 없는 향으로 강화된 세련된 남성 향수
225085,https://www.bysuco.com/product/show/225085,포에버 앤드 에버 디올 오 드 뚜왈렛,디올,235000.0,https://cf.bysuco.net/5e4d24b72b97c179a76fc2a08e1cca60.jpg?w=600,프리지아,자스민,로즈 팅쳐,"플로랄, 로즈, 화이트 플로랄",프리지아와 자스민 꽃잎이 불가리안 로즈와 만나 상큼한 플로랄 향
32853,https://www.bysuco.com/product/show/32853,쁘띠 쉐리 오 드 퍼퓸,구딸,255000.0,https://cf.bysuco.net/4921f3cd09f04fec3887671334308703.jpg?w=600,"페어, 글래스, 피치","로즈, 헤디온, 라일락","바닐라, 화이터 머스크","프루티, 프레쉬, 스위트",장미와 배의 향취를 바닐라와 머스크라 포근히 감싸 부드러운 보살핌이 연상되는 향
32851,https://www.bysuco.com/product/show/32851,오 파퓨메 오 떼 블랑 오 드 코롱,불가리,137000.0,https://cf.bysuco.net/d957dd245965773093042994e4da0909.jpg?w=600,아르테미지아,화이트 티 어코드,우드 앰버,"우디, 플로랄, 머스크",부드럽게 퍼지며 마음을 달래주는 진귀한 화이트 히말라얀 티의 향
10721,https://www.bysuco.com/product/show/10721,플뢰르 드 포르토피노 오 드 퍼퓸,톰 포드,414000.0,https://cf.bysuco.net/f7e6dd17ccb69fb507e5383e063f50b9_cvt.webp?w=600,"고광나무, 탠저린, 베르가못, 시칠리안 레몬, 오렌지 리프","아카시아 나무, 자스민, 오렌지 블라썸, 매그놀리아","아카시아 나무 허니, 암브레트, 시벳, 바닐라, 톨루 발삼, 랍다넘","얼시, 로즈, 페출리",상큼하고 밝은 플라워 향과 생기있고 활기찬 시트러스 향이 어우러진다
10322,https://www.bysuco.com/product/show/10322,망고 타이 라임 오 드 뚜왈렛,조 러브스,169000.0,https://cf.bysuco.net/e26cbaf4cffb952293ae12b9af926926_cvt.webp?w=600,"망고, 라임, 블랙 페퍼","프리지아, 민트 리프","화이트 타임 앱솔루트, 베티버","그린, 트로피칼, 시트러스","달콤한 망고, 샤프한 라임, 톡 쏘는 페퍼의 조합으로 어우러져 기존 향수의 패러다임에서 벗어난 신개념 향수"
3406562,https://www.bysuco.com/product/show/3406562,리스 41 오 드 퍼퓸,르 라보,250000.0,https://cf.bysuco.net/97cbca14ea3efa03924d564aaf23dae6.webp?w=600,"튜베로즈, 릴리, 자스민, 바닐라, 머스크, 우디 노트",,,"화이트 플로랄, 튜베로즈, 애니멀릭","릴리, 튜베로즈, 자스민 등 풍성한 화이트 플라워들이 어우러진 중독적인 플로럴 향"
3405871,https://www.bysuco.com/product/show/3405871,우드 실크 무드 오 드 퍼퓸,메종 프란시스 커정,286200.0,https://cf.bysuco.net/3251123c7665bdf90a57c770e7573169.webp?w=600,"불가리안 로즈, 카모마일, 베르가못","가이악우드, 헤디온","아가우드, 파피루스","로즈, 오우드, 플로랄",실크와 장미 같은 매력적이고 신비로운 향
32861,https://www.bysuco.com/product/show/32861,뒤엘 오 드 퍼퓸,구딸,350000.0,https://cf.bysuco.net/17f8260c37bc7abbea65e83f74abb370.jpg?w=600,"홀리, 페티그레인","아르테미지아, 오리스 뿌리","레더, 가이악우드, 머스크","아로마틱, 프레쉬 스파이시, 우디","강함과 부드러움, 세련과 관능의 모순적 향"
32771,https://www.bysuco.com/product/show/32771,문라이트 패출리 르 퍼퓸,반클리프 아펠,280000.0,https://cf.bysuco.net/69eca74ca36acc5b7dbd79d488339740.jpg?w=600,"베르가못, 스파이시","불가리안 로즈, 로즈","페출리, 스웨이드, 앰버","페출리, 로즈, 웜 스파이시",달빛에 물든 패츌리의 강렬하지만 은은한 매력
32793,https://www.bysuco.com/product/show/32793,뿌르 옴므 오 드 뚜왈렛,불가리,118000.0,https://cf.bysuco.net/03a0b85b07083c80b688590f059ab382.jpg?w=600,"티, 알데하이드, 베르가못, 라벤더, 너트맥 플라워, 오렌지 블라썸, 만다린 오렌지","페퍼, 아이리스, 가이악 우드, 브라질리안 로즈우드, 코리안더, 제라늄, 시클라맨, 카네이션, 카다멈","머스크, 베티버, 시더, 오크모스, 앰버, 통카 빈","우디, 프레쉬 스파이시, 아로마틱",섬세하면서 견고한 남성미
224986,https://www.bysuco.com/product/show/224986,크리스탈 오 베르뜨 오 드 퍼퓸,샤넬,284000.0,https://cf.bysuco.net/88e0a67d0ba665da738ad977f56d655b.jpg?w=600,"시트러스, 그린 노트, 그놀리아, 자스민",,,"시트러스, 그린, 플로럴",섬세하고 가볍게 퍼지는 그린 플로랄의 신선한 향
224884,https://www.bysuco.com/product/show/224884,나이트 베일스 카사블랑카 릴리 익스트레잇 드 퍼퓸,바이레도,465500.0,https://cf.bysuco.net/df68a2055f379c0adbcf830fd7f4ae7b.jpg?w=600,"자두, 가데니아","카네이션, 인디안 튜베로즈","로즈우드, 허니 어코드","화이트 플로랄, 허니, 스위트",달콤한 허니와 플로럴향이 우아하면서 신비로움을 선사하는 향기
34199,https://www.bysuco.com/product/show/34199,신테틱 네이처 오 드 퍼퓸,프레데릭 말,88000.0,https://cf.bysuco.net/67929758182cf2c8fa25898addb85127.jpg?w=600,"갈바넘, 바질, 블랙 커런트","릴리오브더밸리, 히아신스, 자스민, 일랑일랑, 아몬드","오크모스, 페출리","그린, 화이트 플로랄, 프레쉬 스파이시",밝고 울창하며 신비롭고 관능적인 초현실주의 정글을 표현한 향
32417,https://www.bysuco.com/product/show/32417,아이리스 포르셀라나 오 드 퍼퓸,엑스 니힐로,350000.0,https://cf.bysuco.net/62794bbccbbc5e099ccf29c7a236d31d.jpg?w=600,바이올렛 리프,"아이리스, 로즈","머스크, 샌달우드, 시더","파우더리, 우디","아이리스가 선사하는 제 2의 피부향, 프랑스 도자기를 닮은 깨끗하고 부드러운 이미지 연출"
10508,https://www.bysuco.com/product/show/10508,오션 레더 오 드 퍼퓸,메모,390000.0,https://cf.bysuco.net/54f7bdae7d71524b6723c78a488d60a5_cvt.webp?w=600,"만다린 오렌지, 바질, 바이올렛","세이지, 엘레미, 시더","레더, 베티버, 너트맥","웜 스파이시, 아로마틱, 프레쉬 스파이시",바다의 강렬함을 느낄 수 있는 향
9645,https://www.bysuco.com/product/show/9645,미스 디올 앱솔루틀리 블루밍 오 드 퍼퓸,디올,115000.0,https://cf.bysuco.net/a51193be8f63791c7a9c26515a24dcf3.jpg?w=600,"라즈베리, 블랙 커런트, 석류, 핑크 페퍼","5월의 장미, 피오니",화이트 머스크,"프루티, 로즈, 플로랄",달콤한 향이 조화롭게 첨가된 작약부케향
3408479,https://www.bysuco.com/product/show/3408479,724 오 드 퍼퓸,메종 프란시스 커정,99000.0,https://cf.bysuco.net/7a1801f3349a754301c6f696a13e47ec.jpg?w=600,"알데하이드, 칼라브리안 베르가못","이집트 자스민, 고광나무, 스위트피","화이트 머스크, 샌달우드","화이트 플로랄, 알데하이드, 머스크",뉴욕의 이른 아침의 세탁소를 지나가며
3407239,https://www.bysuco.com/product/show/3407239,클레망틴 캘리포니아 코롱 압솔뤼 오 드 퍼퓸,아틀리에 코롱,148000.0,https://cf.bysuco.net/28cd4e23e99fa45d5a2df9a9e57880e0.jpg?w=600,"클레멘타인, 만다린 오렌지, 주니퍼 베리","바질, 스타 아니스, 페퍼","사이프러스, 아이티안 베티버, 샌달우드","시트러스, 아로마틱, 프레쉬 스파이시",상쾌한 향
3406329,https://www.bysuco.com/product/show/3406329,바레니아 오 드 퍼퓸,에르메스,58000.0,https://cf.bysuco.net/e626e928e9311a98f5b74600957eedf0.jpg?w=600,"미라클 베리, 베르가못",화이트 진저 릴리,"패츌리, 아키갈라 우드, 오크","우디, 패츌리, 웜 스파이시",본능적이고 매혹적이며 자유분방한 여성의 다채로운 모습을 표현한 향
1907998,https://www.bysuco.com/product/show/1907998,우롱차 엑스트레 드 퍼퓸,니샤네,129000.0,https://cf.bysuco.net/614845603c08f3daf823311bf3a7c5ee.jpg?w=600,"베르가못, 만다린, 리세아","우롱차, 넛맥","무화과, 머스크","시트러스, 프레쉬, 아로마틱",아로마틱 그린 계열의 매혹적인 향.
1831987,https://www.bysuco.com/product/show/1831987,로즈 31 오 드 퍼퓸 (벌크제품),르 라보,138000.0,https://cf.bysuco.net/743c76318a64eb9a6a877289309f8e5c.jpg?w=600,"로즈, 큐민","로즈, 베티버, 시더","머스크, 가이악우드, 아가우드, 올리바넘, 랍다넘","우디, 로즈, 프레쉬 스파이시",앞치마를 한 남성을 떠올리며 만든 젠더리스 로즈 향수
97069,https://www.bysuco.com/product/show/97069,젠틀맨 오 드 뚜왈렛 인텐스,지방시,142000.0,https://cf.bysuco.net/0f3ec448492953f2aec87ec92794c79b.jpg?w=600,"베르가못, 카다멈, 바질","블루 아이리스, 시프러스","버지니아 시더우드, 쿠마","우디, 아로마틱, 아이리스","푸른 아이리스의 싱그러움, 넉넉한 시더 우드의 강력함을 가진 향"
33009,https://www.bysuco.com/product/show/33009,에로스 오 드 뚜왈렛,베르사체,114000.0,https://cf.bysuco.net/0a1d278fca53487f386711b73db081b6.jpg?w=600,"민트, 그린애플, 레몬","통카빈, 암브록산, 제라늄","마다가스카르 바닐라, 버지니안 시더, 아틀라스 시더, 베티버, 오크모스","바닐라, 아로마틱",섹시하면서도 달콤한 향이 상당히 매력적인 이미지 연출
30320,https://www.bysuco.com/product/show/30320,시프레소 디 토스카나 오 드 뚜왈렛,아쿠아 디 파르마,205000.0,https://cf.bysuco.net/dda7edb4f9234a6dbece38065c04dd18.jpg?w=600,"로즈마리, 바질, 세이지, 자몽, 페티그레인","파인트리, 라멘더, 코리앤더, 카다멈, 자스민, 릴리 오브 더 밸리","사이프레, 실버파인, 베티버, 시더, 오크모스, 패츌리","아로마틱, 우디, 프레쉬 스파이시",아로마틱한 향들의 돋보이는 상쾌하고 편안한 분위기를 연출
9976,https://www.bysuco.com/product/show/9976,에레미아 오 드 퍼퓸,이솝,225000.0,https://cf.bysuco.net/1e3916b2863464a1ad94bfd034cf4b5e.jpg?w=600,"유자, 베르가못, 자몽","가이악 우드, 미모사, 그린티","아이리스, 갈바늄, 패츌리","그린, 우디, 아이리스","밝은 시트러스 노트로 시작해 밀랍의 플로럴, 파우더리 머스크, 비 내린 뒤 콘크리트 내음으로 이어지는 활기차고 상쾌한 향수"
3405610,https://www.bysuco.com/product/show/3405610,퍼킹 패뷸러스 오 드 퍼퓸,톰 포드,139000.0,https://cf.bysuco.net/fbb30d52792911a1eaf58ca2c50bed93.jpg?w=600,"라벤더, 클레어리 세이지","레더, 비터 아몬드, 바닐라, 오리스","레더, 통카빈, 캐쉬미란, 화이트 우드, 앰버","아로마틱, 레더, 바닐라",가죽향과 바닐라의 조화로움이 선사하는 고급스러운 관능미가 돋보이는 향
1793977,https://www.bysuco.com/product/show/1793977,로즈 31 오 드 퍼퓸 (벌크제품),르 라보,310000.0,https://cf.bysuco.net/5770997ff9d5c9526853be1502d1f197.jpg?w=600,"로즈, 큐민","로즈, 베티버, 시더","머스크, 가이악우드, 아가우드, 올리바넘, 랍다넘","우디, 로즈, 프레쉬 스파이시",앞치마를 한 남성을 떠올리며 만든 젠더리스 로즈 향수
225716,https://www.bysuco.com/product/show/225716,튜베로즈 뉘 오 드 퍼퓸,톰 포드,353000.0,https://cf.bysuco.net/dec35fb53e2dd493cdd45dc1c296a888.jpg?w=600,"릴리, 자스민, 사천페퍼","튜베로즈, 벤조인, 카카오","스웨이드, 머스크, 아가우드, 통카빈","화이트 플로랄, 머스크, 튜베로즈",달빛 바람에 잔잔하게 흔들리는 하얗게 핀 야생화를 묘사한 향
225410,https://www.bysuco.com/product/show/225410,러브 돈 비 샤이 오 드 퍼퓸 트래블 세트,킬리안,350000.0,https://cf.bysuco.net/fcfc84befd92d6447653f5d79c16bfd6.jpg?w=600,"네롤리, 베르가못, 핑크 페퍼, 코리안더","오렌지 블라썸, 허니서클, 자스민, 아이리스, 로즈","슈가, 바닐라, 카라멜, 머스크, 시벳, 랍다넘","스위트, 화이트 플로랄, 바닐라",사랑이라는 마술 속으로의 이끌림을 표현한 향
224993,https://www.bysuco.com/product/show/224993,에고이스트 오 드 뚜왈렛,샤넬,183000.0,https://cf.bysuco.net/0563cda80d34d4b6c98602ac50dac999.jpg?w=600,"브라질자단목, 코리안더, 시칠리안 만다린","시나몬, 다마스크 로즈, 카네이션","샌달우드, 타파코, 바닐라, 레더","아로마틱, 프레쉬 스파이시, 우디","오리엔탈 우드와 꽃, 과일, 스파이스의 노트를 아우르는 조향으로 프레쉬하고 상쾌하며 강한 개성을 갖는 향"
34359,https://www.bysuco.com/product/show/34359,카프리폴리오 오 드 코롱,산타 마리아 노벨라,210000.0,https://cf.bysuco.net/c1b266e949b03f8fea73bf5b8aeea882.jpg?w=600,"베르가못, 자스민, 아말피 레몬, 오렌지","허니써클, 화이트 허니, 일랑일랑, 매그놀리아, 로투스","오크모스, 패츌리","시트러스, 화이트 플로랄, 플로랄",달콤하고 신선한 우디 플로랄 향
34246,https://www.bysuco.com/product/show/34246,디스커버리 세트 포 맨,프레데릭 말,109000.0,https://cf.bysuco.net/a51eeb6d273d751fc97565bcf656e940.jpg?w=600,,,,,에디션 드 파르펭 프레데릭 말의 1.2ml*6로 구성된 시그니처 남성 향수 디스커버리 세트입니다.
34245,https://www.bysuco.com/product/show/34245,에센셜 컬렉션 포 우먼,프레데릭 말,140000.0,https://cf.bysuco.net/84587619fcad78785e8b741780f9bd08.jpg?w=600,,,,,에디션 드 파르펭 프레데릭 말의 3.5ml*6로 구성된 시그니처 여성 향수 에센셜 컬렉션 세트입니다.
30317,https://www.bysuco.com/product/show/30317,자페라노 오 드 퍼퓸,아쿠아 디 파르마,195000.0,https://cf.bysuco.net/a9010d09972d149cc8bb052051f6ee8e.jpg?w=600,"베르가못, 만다린 오렌지, 비터 오렌지, 코리앤더","샤프란, 오렌지블라썸, 제라늄, 자스민 삼박, 로즈","우디 노트, 바닐라, 통카빈","시트러스, 웜 스파이시, 화이트 플로랄",화이트 플로랄과 우디의 조화로 부드러우면서도 세련된 이미지 연출
23351,https://www.bysuco.com/product/show/23351,오렌지 앤 베르가못 오 드 퍼퓸,몰튼 브라운,240000.0,https://cf.bysuco.net/ce4563598c30110c9d435f9d72b7b36c.jpg?w=600,"페티그레인, 오렌지, 베르가못, 비터 오렌지, 갈바넘","네롤리, 일랑일랑, 로즈, 클로브","머스크, 베티버, 샌달우드, 페루발삼","시트러스, 아로마틱, 프레쉬 스파이시",시간이 지나도 변함없이 사랑 받을 향
3407243,https://www.bysuco.com/product/show/3407243,에끌라 드 튜베로즈 오 드 퍼퓸,아틀리에 코롱,190000.0,https://cf.bysuco.net/a05e07014ded91686950554f3152f192.jpg?w=600,,,,"튜베로즈, 웜 스파이시, 우디","""밤의 여왕""으로 알려진 이 손으로 수확한 꽃은 어두워진 후 가장 매혹적인 향기를 표현합니다."
225398,https://www.bysuco.com/product/show/225398,굿걸 곤 배드 오 드 퍼퓸 익스트림 리필,킬리안,420000.0,https://cf.bysuco.net/2c53cbd4be844199d8b359a5a08e13fd.jpg?w=600,"오스만투스, 자스민, 메이로즈","튜베로즈, 밀크 어코드","앰버, 화이트 시더","화이트 플로랄, 흘로랄, 락토닉",꽃과 감미로운 우뮤빛이 감싸는 매우 화려한 향
225229,https://www.bysuco.com/product/show/225229,오 데 썽 오 드 뚜왈렛 (트래블 퍼퓸),딥티크,176000.0,https://cf.bysuco.net/2b629caf8ba7ece4ae523768eaf2c702.webp?w=600,"오렌지 블라썸, 비터 오렌지",주니퍼 베리,"안젤리카, 패츌리","시트러스, 플로랄, 우디",시트러스의 상큼함과 플로랄을 동시에 즐길 수 있는 향
97062,https://www.bysuco.com/product/show/97062,젠틀맨 오 드 퍼퓸,지방시,158000.0,https://cf.bysuco.net/710336dc65af6a4916537f5bf96f4727.jpg?w=600,"블랙 페퍼, 라벤더, 베르가못","오리스, 클로브, 시나몬","블랙 바닐라 허스크, 통카 빈, 벤조인, 패츌리, 톨루 발삼","웜 스파이시, 바닐라, 앰버",새로운 강렬함을 자신만의 비트에 맞춰 춤을 추는 남성을 표현한 우디 프로랄 오리엔탈 향수
97022,https://www.bysuco.com/product/show/97022,랑떼르디 오 드 퍼퓸 루즈,지방시,133000.0,https://cf.bysuco.net/d0d46af2972c8a02ae5cb3271cb616ad.jpg?w=600,"시칠리아산 블러드 오렌지 에센스, 생강 추출물","튜베로즈, 자스민, 피멘토 잎","샌달우드, 패츌리, 베티버","웜 스파이시, 화이트 플로랄, 우디",관능적이고 감각적이며 불타는 듯 강렬한 매력의 향수
33287,https://www.bysuco.com/product/show/33287,뿌르 팜므 딜런 퍼플 오 드 퍼퓸,베르사체,124000.0,https://cf.bysuco.net/3fbc54f07ea36f8d9156e892492c4474.jpg?w=600,"페어, 베르가못, 비터 오렌지","프리지아, 포마로즈, 마호가니","암브록산, 이소 이 수퍼, 사일콜리드, 시더, 벨람브라 나무","플로랄, 프루티, 시트러스",과일향을 억압하듯하면서 섬세한 꽃향이 선사하는 모던함
22864,https://www.bysuco.com/product/show/22864,미라클 오 드 퍼퓸,랑콤,138000.0,https://cf.bysuco.net/963101d0b591cddf3e4db9daf262b682.jpg?w=600,"리치, 프리지아","매그놀리아, 페퍼, 진저, 만다린 오렌지, 자스민","자스민, 머스크, 앰버","플로랄, 시트러스, 웜 스파이시",랑콤 NO.1 향수
21964,https://www.bysuco.com/product/show/21964,렙틸 오 드 퍼퓸,셀린느,370000.0,https://cf.bysuco.net/c7716e22ff25360d953560a5c778c98e.jpg?w=600,"모스, 레더, 페퍼, 머스크, 시더",,,"모스, 우디, 레더",우아한 시더와 신비로운 가죽향이 선사하는 록 스타를 연상케 하는 향
3407920,https://www.bysuco.com/product/show/3407920,45° 오 드 퍼퓸,트루동,430000.0,https://cf.bysuco.net/bf9ad6203d2293818966fc4c4da01639.jpg?w=600,"허니, 베르가못","바닐라 앱솔루트, 바닐라, 조지우드","바닐라, 벤조인","바닐라, 허니, 스위트","꿀과 바닐라가 진하게 녹아든 듯 따뜻하고 달콤한 구르망 향에, 우디한 조지우드와 벤조인이 살짝 스모키하고 깊은 여운을 더해주는 포근한 바닐라 향수"
3407245,https://www.bysuco.com/product/show/3407245,포멜로 파라디스 코롱 압솔뤼 오 드 퍼퓸,아틀리에 코롱,148000.0,https://cf.bysuco.net/2ba5fdddd0f8ef0d290d2e4dd00e2e94.jpg?w=600,"핑크 그레이프프루트, 칼라브리아 만다린 오렌지, 블랙 커런트","오렌지 블로썸, 민트, 불가리안 로즈","베티버, 앰버, 아이리스","시트러스, 아로마틱, 프레쉬 스파이시",지속 가능한 소싱을 통해 얻은 이 새로운 품질은 시트러스 향이 더욱 대조적으로 어우러져 더욱 신선하고 톡 쏘는 향을 선사합니다.
3406958,https://www.bysuco.com/product/show/3406958,프리베 로즈 밀라노 오 드 뚜왈렛,조르지오 아르마니,230000.0,https://cf.bysuco.net/1a28f46e259c41999f0275500b5c9c8c.jpg?w=600,"페어, 레몬, 베르가못","다마스크 로즈, 자스민","모스, 파촐리","로즈, 시트러스, 얼씨","장미 향에 맞힌 이슬과 같이 절제된 로즈 컬러를 담은 로즈 밀라노는 모던함과 변치 않는 클래식한 우아함을
모두 담고 있습니다."
694150,https://www.bysuco.com/product/show/694150,와이 인텐스 오 드 퍼퓸,입생로랑,180000.0,https://cf.bysuco.net/048f7477725f2160ba5015858da73351.jpg?w=600,"진저, 주니퍼 베리, 베르가못","세이지, 라벤더, 제라늄","베티버, 패츌리, 시더","아로마틱, 우디, 프레쉬 스파이시",Y 시그니처 향을 강력하고 매우 관능적으로 해석한 향수
225457,https://www.bysuco.com/product/show/225457,떼 마차 26 오 드 퍼퓸,르 라보,138000.0,https://cf.bysuco.net/88dba0022abba7e6e80eb741230f93c6.jpg?w=600,"튜베로즈, 릴리, 자스민, 바닐라, 머스크, 우디 노트",,,"우디, 프루티, 시트러스",외부의 소란으로부터 벗어나게 하고 내면으로 돌아오게 하는 향
225124,https://www.bysuco.com/product/show/225124,미스 디올 퍼퓸,디올,133000.0,https://cf.bysuco.net/ee9788821a4eddb6638b62f06223285c.jpg?w=600,"아프리콧, 만다린 오렌지, 피치","와일드 스트로베리, 플로랄 노트, 자스민","패츌리, 앰버우드, 앰버, 모스, 아틀라스 시더","우디, 프루티, 앰버","강인함과 품격, 대담함과 우아함 사이에서 조화로운 균형을 선보이는 디올이 정의하는 여성성과 젊음을 표현하는 향"
97163,https://www.bysuco.com/product/show/97163,드 프로펀디스 오 드 퍼퓸,세르주 루텐,505000.0,https://cf.bysuco.net/3625d2dff20bb4cb5a3af821cdcd5a86.jpg?w=600,"우디, 허브향, 파우더리 노트",,,"스모키, 그린, 허",우아하고 신비로우며 매혹적인 향수
34345,https://www.bysuco.com/product/show/34345,헤스페리데스 오 드 퍼퓸,프레쉬,82000.0,https://cf.bysuco.net/f0deff2a3a8601b37e45f3ae13b6c985.jpg?w=600,"자몽, 오렌지, 아말피 레몬","베르가못, 로투스, 자스민","루바브, 머스크, 피치","시트러스, 프레쉬 스파이시, 아로마틱",자몽이 표현하는 한여름의 이탈리아의 풍경
32779,https://www.bysuco.com/product/show/32779,가드니아 페탈 오 드 퍼퓸,반클리프 아펠,235000.0,https://cf.bysuco.net/6c9906c254a46bdc488baeb3520d97e7.jpg?w=600,"가드니아, 화이트플로랄, 자스민, 그린노트, 릴리 오브 더 밸리, 시트러스",,,"화이트 플로랄, 그린",풍성한 가드니아가 선사하는 화려한 향
30729,https://www.bysuco.com/product/show/30729,아뜰리에 드 플뢰르 로사 다마세나 오 드 퍼퓸,끌로에,210000.0,https://cf.bysuco.net/ee2792e3462e0e70679127c4c15ea42f.jpg?w=600,로즈,,,"로즈, 플로랄",어린 시절 집의 정원에서 만들던 꽃잎과 주름진 이파리의 혼합물에서 영감을 받은 상큼하고 자연스러운 장미 향
23366,https://www.bysuco.com/product/show/23366,포 허 플레르 머스크 오 드 퍼퓸,나르시소 로드리게즈,143000.0,https://cf.bysuco.net/05549fa97120f21543c2bf10def51da7.jpg?w=600,핑크 페퍼,"로즈, 머스크, 피오니","페출리, 바이올렛, 앰버","로즈, 플로랄, 머스크",자신감 넘치는 매력적인 로즈 머스크 향기
21905,https://www.bysuco.com/product/show/21905,가디스 포 우먼 오 드 퍼퓸,버버리,174000.0,https://cf.bysuco.net/71bafdaff7b4230cd564d8090c7972d9.jpg?w=600,"바닐라, 라벤더, 카카오, 진저",바닐라 캐비어,바닐라 앱솔루트,"바닐라, 웜 스파이시",데일리로 사용하기 좋은 분위기의 바닐라의 향기
3407932,https://www.bysuco.com/product/show/3407932,팔레르모 오 드 퍼퓸,바이레도,390000.0,https://cf.bysuco.net/52297beaf8d49cb3e3290bb6c837992e.jpg?w=600,"광귤, 시칠리안 베르가못
- 하트 노트: 프레쉬 머스크, 로즈 앱솔루트",,"스킨 머스크, 암브레트 플라워","시트러스, 프레쉬 스파이시, 아로마틱","팔레르모는 이탈리아 햇살을 머금은 광귤과 시칠리안 베르가못이 톡 쏘듯 밝게 터지는, 아주 청량한 시트러스 시작을 들려주는 향입니다. 이 위에 프레쉬 머스크와 로즈 앱솔루트, 스킨 머스크, 암브레트 플라워가 은근하게 깔리면서, 맑고 산뜻하지만 살결에 촉촉이 스며드는 아로마틱 무드를 남겨요."
3406443,https://www.bysuco.com/product/show/3406443,줴.아. 오 드 퍼퓸,도르세,73000.0,https://cf.bysuco.net/ba2928438bf32fc74da1632fbcfc1ea4.jpg?w=600,"카다멈, 그레이프프루트","블랙티, 오렌지 블라썸","레더, 시더, 패춀리","우디, 레더, 웜 스파이시",시트러스의 활기와 레더의 차분함이 대조를 이루면서 어우러지고 그 위에 홍차의 우아함이 가미되는 향
3405278,https://www.bysuco.com/product/show/3405278,레이디 벤전스 오 드 퍼퓸,줄리엣 헤즈 어 건,169000.0,https://cf.bysuco.net/2685c6a38e179185ffe600ba02517fa4.jpg?w=600,"라벤더, 베르가못","불가리안로즈, 모로칸로즈, 패춀리, 이소이슈퍼, 제라늄","암브록산, 화이트머스크, 바닐라","로즈, 머스크, 우디",현대적이면서도 우아한 머스키 플로럴 프루티 향
225719,https://www.bysuco.com/product/show/225719,토바코 오드 오 드 퍼퓸,톰 포드,414000.0,https://cf.bysuco.net/34cc50aaaf0502d20cd6448a9ec7d82b.jpg?w=600,위스키,"스파이시 노트, 시나몬, 코리안더","타바코, 아가우드, 인센스, 샌달우드, 패츌리, 벤조인, 바닐라, 시","스파이시, 타바코, 우디",오드 우드에서 아로마 향이 첨가되어 아랍의 비밀스러운 역사를 상징하는 향
32786,https://www.bysuco.com/product/show/32786,오키드 레더 오 드 퍼퓸,반클리프 아펠,235000.0,https://cf.bysuco.net/84534a0de09ae60f365a56cb9f5f7391.jpg?w=600,"플럼, 바닐라 앱솔루트, 랍다넘, 인센스, 카다멈",,,"앰버, 프루티, 바닐라",시스투스와 바닐라 팟의 대담하고 중독적인 보태니컬 가죽향
24614,https://www.bysuco.com/product/show/24614,티파니 인텐스 오 드 퍼퓸,티파니앤코,209000.0,https://cf.bysuco.net/f356cdc32a1d344a3d1fa0c866657a8a.jpg?w=600,"핑크 페퍼, 페어, 만다린 리프","아이리스, 자스민, 로즈","머스크, 벤조인, 바닐라, 캐쉬미란, 앰버, 당근","파우더리, 머스크, 앰버",오리지널 향수의 따뜻한 바닐라와 엡머의 노트에 아이리스의 풍성함이 한층 더해져 더욱 고귀한 향을 선사합니다
23776,https://www.bysuco.com/product/show/23776,포트레이트 윌리엄 펜할리곤 오 드 퍼퓸,펜할리곤스,448000.0,https://cf.bysuco.net/c2f2c8de234669e2335433cedb07e633.jpg?w=600,"베르가못, 자스민","베티버, 시더, 인센스","샌달우드, 암브록산","우디, 아로마틱, 앰버",변하지 않은 클래식의 대명사
22896,https://www.bysuco.com/product/show/22896,네롤리 르 수드 오 드 퍼퓸,로라 메르시에,141000.0,https://cf.bysuco.net/0f95564d4f6fe4d6576ed9d5eaa326bb.jpg?w=600,"버베나, 라벤더, 오렌지, 네롤리",,,"시트러스, 라벤더, 아로마틱",전설적인 네롤리 꽃을 현대적으로 재해석한 향
22869,https://www.bysuco.com/product/show/22869,이돌 르 오 드 퍼퓸,랑콤,178000.0,https://cf.bysuco.net/3204d20e9436a0de25bc8132842eafa5.jpg?w=600,"페어, 베르가못, 핑크 페퍼","로즈, 자스민","화이트 머스크, 바닐라, 페출리, 시더","로즈, 머스크, 프루티","시프레, 로즈, 자스민 어코드가 감각적으로 어우러진 센슈얼한 플로럴 향수"
10751,https://www.bysuco.com/product/show/10751,필로시코스 오 드 뚜왈렛 (트래블 퍼퓸),딥티크,176000.0,https://cf.bysuco.net/b92a72390ea18bcb4091a96fa08a7b55_cvt.webp?w=600,무화과,무화과 잎,무화과 나무,"그린, 우디, 프레쉬",신선하고 달콤한 무화과의 모든것을 느낄 수 있는 향
10651,https://www.bysuco.com/product/show/10651,롬브르 단 로 솔리드 퍼퓸 리필,딥티크,71000.0,https://cf.bysuco.net/af71ea1d622dd210bccac69a1e2c3d7c.jpg?w=600,"카시스, 로즈, 블랙 커런트, 베르가못, 앰버그리스, 머스크, 만다린 오렌지",,,"프루티, 그린, 아로마틱",풋풋한 프룻티함과 플로럴 엑센트를 잘 드러낸 고체 향수
10600,https://www.bysuco.com/product/show/10600,사파나드 오 드 퍼퓸,퍼퓸 드 말리,450000.0,https://cf.bysuco.net/a61dea99843342b901dbfd483840fd07.jpg?w=600,"페어, 오렌지","오렌지 블라썸, 일랑일랑, 아이리스","바닐라, 앰버, 샌달우드","스위트, 화이트 플라워, 시트러스",오렌지 블라썸에 대한 한 편의 시
9191,https://www.bysuco.com/product/show/9191,히노키 퍼퓸 오일,라 부르켓,83000.0,https://cf.bysuco.net/69bf35789a7725bc76c8cccef30042ed.jpg?w=600,,,,,
3407928,https://www.bysuco.com/product/show/3407928,"어보브 어스, 스테오라 오 드 퍼퓸",이솝,225000.0,https://cf.bysuco.net/a0ade5a76d8caa8de36724652e090dbd.jpg?w=600,"카다멈, 페퍼, 바닐라, 큐민, 시나몬, 프랑킨센스, 엘레미, 랩다넘",,,"웜 스파이시, 프레쉬 스파이시, 아로마틱","차갑게 톡 쏘는 카다멈과 페퍼가 먼저 올라오고, 뒤이어 바닐라·시나몬·큐민이 더해지면서 서서히 몸을 데우는 따뜻한 스파이스 베일을 만들어주는 향입니다. 프랑킨센스, 엘레미, 랩다넘이 잔잔한 연기와 레진 느낌을 더해, 향신료가 피어오르는 밤공기 같은 관능적이고 아로마틱한 무드를 남겨요."
3407925,https://www.bysuco.com/product/show/3407925,운 파세오 포 마드리드 오페라 오 드 퍼퓸,로에베,449000.0,https://cf.bysuco.net/10d2ed31da814d802c31e61e1ebd1a56.jpg?w=600,"바닐라, 자스민, 프리지아, 로즈",,,"바닐라, 플로랄, 화이트 플로랄","자스민 꽃잎, 샌달우드, 바닐라의 파우더리, 우디 노트가 풍부한 잔향"
3407280,https://www.bysuco.com/product/show/3407280,커키 오 드 퍼퓸,메종 프란시스 커정,357000.0,https://cf.bysuco.net/0a3b731a2e74df515cbaf0706b1b91ab.jpg?w=600,"피치, 라즈베리","구미캔디, 프루티 노트","화이트 머스크, 바닐라","프루티, 스위트, 머스크","첫 향부터 밝은 라즈베리는 과일 향과 톡 쏘는 상큼함을 선사하며, 마치 한 입 베어 물면 기분 좋은 간식처럼 달콤함을 선사합니다."
3407257,https://www.bysuco.com/product/show/3407257,울랑 앙피니 코롱 압솔뤼 오 드 퍼퓸,아틀리에 코롱,148000.0,https://cf.bysuco.net/2f62443cf78f2bc359094dbdc1993e9e.jpg?w=600,"베르가못, 튀니지산 네롤리","티, 자스민, 레더","가이악 우드, 아이티산 베티버, 토바코 블러썸","시트러스, 그린, 우디",구아이악 우드는 우롱차의 우디하고 스모키한 향을 더욱 풍성하게 하고 조화로운 느낌을 강조합니다.
3406950,https://www.bysuco.com/product/show/3406950,히노키 앤 시더우드 인텐스 코롱,조 말론,225000.0,https://cf.bysuco.net/fc40d5a0bb4e58dbfdc1db7490c09951.jpg?w=600,"아로마 클린 어코드
- 하트 노트: 히노키 (편백나무)",,시더우드 (삼나무),"우디, 아로마틱, 프레쉬 스파이시",삼림욕을 하다 마주친 땅 속 깊이 자리 잡은 오래된 편백나무.깔끔한 느낌의 아로마 노트와 강렬한 우디 노트가 어우러지며 우아한 시더우드(삼나무)와 히노키(편백나무)의 강렬함으로 이어집니다. 매우 신선하고 특별한 향입니다.
3405523,https://www.bysuco.com/product/show/3405523,로스트 체리 오 드 퍼퓸,톰 포드,139000.0,https://cf.bysuco.net/bf64ffe8f5f1881e560d1eae9f1e6a50.jpg?w=600,"비터 오렌지, 블랙 체리, 체리 리큐르","사워 체리, 플럼, 터키쉬 로즈, 자스민 삼박","통카 빈, 바닐라, 시나몬, 페루 발삼, 벤조인, 샌달우드, 클로브, 시더, 페출리, 베티버","스위트, 아몬드, 체리",체리의 달콤함이 독특한 관능미를 연출한다
224887,https://www.bysuco.com/product/show/224887,나이트 베일스 루즈 카오티크 익스트레잇 드 퍼퓸,바이레도,465500.0,https://cf.bysuco.net/a80a6d49ecb59726f98681b861287ab7.jpg?w=600,"베르가못, 레몬, 샤프란, 카시스","자두, 프랄린, 업사이클 오크우드","파피루스, 업사이클 파슈드","프루티, 레더, 파우더리",오우드와 프랄린의 예상치 못한 만남이 만들어 내는 황홀한 향의 하모니
34191,https://www.bysuco.com/product/show/34191,제라늄 뿌르 무슈 오 드 퍼퓸,프레데릭 말,88000.0,https://cf.bysuco.net/f4e97e1168829eaa2c3dc092f0c83328.jpg?w=600,"민트, 아니시드, 제라늄","시나몬, 클로브","샌달우드, 프랑킨센스","우디, 스파이시, 프레쉬",민트가 휘몰아치면서 깨끗하게 마무리되는 향
32408,https://www.bysuco.com/product/show/32408,골드 이모탈스 오 드 퍼퓸,엑스 니힐로,350000.0,https://cf.bysuco.net/ab1806f80d23dc032fd516463f0ec9aa.jpg?w=600,"배, 베르가못","피오니, 리스일랑","통카빈, 머스크, 앰버","플로랄, 앰버",달달하고 프레쉬한 향이주는 이지적이면서 관능적 이미지 연출
32407,https://www.bysuco.com/product/show/32407,더 헤도니스트 오 드 퍼퓸,엑스 니힐로,350000.0,https://cf.bysuco.net/b6ef369a57b9d6f7d022e8ad34cace1e.jpg?w=600,"베르가못, 진저","아키갈라우드, 시더","아이티 베티버, 머스크, 통카빈","우디, 웜 스파이시",포근하고 달달한 우디향이 주는 강단 있고 남성적 이미지 연출
23785,https://www.bysuco.com/product/show/23785,포트레이트 블레이징 미스터 샘 오 드 퍼퓸,펜할리곤스,448000.0,https://cf.bysuco.net/bd555fafca76099831def8acf00122f6.jpg?w=600,"카다멈, 시나몬","블랙 페퍼, 샤프론, 커민","타바코, 바닐라, 시더, 페출리","웜 스파이시, 타바코, 우디",카리스마 넘쳐나는 중독적인 향
23662,https://www.bysuco.com/product/show/23662,페가수스 익스클루시브 오 드 퍼퓸,퍼퓸 드 말리,435000.0,https://cf.bysuco.net/70eee0982e89dbf0eadb8a5e724eb236.jpg?w=600,"헬리오트로프, 커민, 베르가못","비터 아몬드, 라벤더, 자스민","바닐라, 샌달우드, 앰버","우디, 아몬드, 바닐라",고귀하고 자유로운 남성성을 표현한 향
21869,https://www.bysuco.com/product/show/21869,오 트리쁠 페루 헬리오트로프,불리1803,259000.0,https://cf.bysuco.net/84ede7a671de5b5bfb7943fd8a29c73e.jpg?w=600,"헬리오트로프, 바이올렛, 플로랄 노트, 통카빈, 샌달우드, 에보니, 레더",,,"파우더리, 화이트 플로랄",부드럽게 감기는 잔잔한 화이트 플로랄이 선사하는 섬세하고 여리한 이미지 연출
10543,https://www.bysuco.com/product/show/10543,블랙 아프가노 엑스뜨레 드 퍼퓸,나소마토,270000.0,https://cf.bysuco.net/327bccfce72513e324140e45b26d17eb.jpg?w=600,"대마초, 그린 노트","레진, 우디 노트, 아이리스, 토바코, 커피","아가우드, 인센스","앰버, 스모크, 오우드",모든 이들을 매혹시킬 젠더리스 향수
10541,https://www.bysuco.com/product/show/10541,로즈 우드 오 드 퍼퓸,킬리안,450000.0,https://cf.bysuco.net/1e43ed2282af85b4384d330dd5f67d8f_cvt.webp?w=600,"로즈, 시프리올, 시더우드, 시나몬",,,"로즈, 오드, 우디",열정적인 장미 블렌드로 한 번 경험하면 잊을 수 없는 개성을 지닌 향
10419,https://www.bysuco.com/product/show/10419,허니서클 앤 다바나 오 드 코롱 선물패키지,조 말론,110000.0,https://cf.bysuco.net/ca4b4e8593b4ae1d547bad4645bc3bbd.jpg?w=600,다바나,"허니서클, 로즈",모스,"화이트 플로랄, 아로마틱, 프루티","허니서클, 과일 향의 다바나, 장미 그리고 우디함의 모스 향이 어우러지는 향"
9804,https://www.bysuco.com/product/show/9804,아쿠아 유니버셜 포르떼 오 드 퍼퓸,메종 프란시스 커정,229000.0,https://cf.bysuco.net/ba92840d9fc2aca02df1d6477d9f05f7.jpg?w=600,"아말피 레몬, 베르가못","화이트 플라워, 자스민, 로즈","머스크, 우디 노트","화이트 플로랄, 시트러스, 머스크",피부에 떨어진 한 방울의 금빛 향
3406346,https://www.bysuco.com/product/show/3406346,마이애미 셰이크 오 드 퍼퓸,줄리엣 헤즈 어 건,195000.0,https://cf.bysuco.net/a8e853837ec3d0d768ec6bcebe755402.webp?w=600,와일드 스베리,"휘핑 크림, 오렌지 블라썸, 아이스크림 콘","바닐라 앱솔루트, 크리미 머스크","스위트, 바닐라, 푸루티","장난기 넘치고, 화려하면서도 기발한 향. 

야생 딸기의 풍성한 과일 향에 풍성한 크리미 노트와 매혹적인 바닐라 향이 더해진 마이애미 셰이크는 오렌지 꽃의 은은한 플로럴 향이 더해져 최고의 향을 선사합니다."
3406343,https://www.bysuco.com/product/show/3406343,셀 다르장 오 드 퍼퓸,비디케이,339000.0,https://cf.bysuco.net/37194ac56c53752b8ee571d6259a55a6.jpg?w=600,"솔트, 그레이프프룻, 베르가못","튀니지안 오렌지 블라썸, 마다가스카르 일랑일랑, 이라니언 갈바넘","화이트 머스크, 암브록산, 캐시메란, 이소이슈퍼","머스크, 시트러스, 앰버",코르시카 해변에서 부는 짭짤하면서도 청량한 바닷바람을 담은 향
1908000,https://www.bysuco.com/product/show/1908000,하지밧 X 엑스트레 드 퍼퓸,니샤네,360000.0,https://cf.bysuco.net/51061d8ea7a2e086d2a64f519766be4b.webp?w=600,"베르가못, 파인애플, 핑크 페퍼","라임, 재스민, 오렌지 블라","패출리, 시더우드 하트, 베티버 오일 아이티","우디, 시트러스, 화이트 플로랄",신선하고 흙내음이 느껴지는 조화로 향.
97145,https://www.bysuco.com/product/show/97145,언 브와 바니 오 드 퍼퓸,세르주 루텐,205000.0,https://cf.bysuco.net/3a4ef136250cf346067909a6f89eda5e.jpg?w=600,"멕시칸 블랙 바닐라, 샌달우드, 감초",,,"바닐라, 스위트, 우디","바닐라 우드, 육욕적이고 빛나며 드라이한 향"
33477,https://www.bysuco.com/product/show/33477,레 제르 보야제즈 우드 앤 상탈 오 드 퍼퓸,까르띠에,465000.0,https://cf.bysuco.net/3d28de42df95ba4dc0c2332ed4c55d10.jpg?w=600,"샌달우드, 아가우드(오우드), 플럼",,,"우디, 오우드, 파우더리",샌달우드와 오우드가 선사하는 풍성하고 강렬한 관능미
32816,https://www.bysuco.com/product/show/32816,옴니아 크리스탈린 오 드 뚜왈렛,불가리,158000.0,https://cf.bysuco.net/9d7434b52daf37ab0f447904e1c489a2.jpg?w=600,"대나무, 페어","로투스, 티, 카시스","머스크, 가이악 우드, 오크모스","우디, 플로랄, 머스크",크리스탈의 영롱함을 닮은 깨끗한 향
23347,https://www.bysuco.com/product/show/23347,헤븐리 진저릴리 오 드 퍼퓸,몰튼 브라운,240000.0,https://cf.bysuco.net/279839a3cdf651550f2b29116aee0a93.jpg?w=600,"진저, 카다멈, 클로브","릴리, 튜베로즈, 자스민, 매리 골드","머스크, 시더, 샌달 우드","화이트 플로랄, 웜 스파이시, 튜베로즈",낭만에 도취된 듯한 행복감에 젖는 향
21962,https://www.bysuco.com/product/show/21962,랭보 오 드 퍼퓸,셀린느,370000.0,https://cf.bysuco.net/10fa3c64b26482167b3a0d7d9c513145.jpg?w=600,"네롤리, 시트러스","라벤더, 오리스, 아이리스, 화이트 플로랄","바닐라, 우디 노트","아이리스, 라벤더, 파우더리",클래식한 향조에 아이리스가 더해진 파우더리하고 우아한 향
21714,https://www.bysuco.com/product/show/21714,매그놀리아 인피니타 오 드 퍼퓸,아쿠아 디 파르마,415000.0,https://cf.bysuco.net/78ffd1d614b455497e043ad0f29d6725.jpg?w=600,"베르가못, 레몬, 오렌지","매그놀리아, 자스민, 일랑일랑","머스크, 패츌리","화이트 플로랄, 시트러스","목련과 시트러스, 머스크의 조화로 깨끗하고 투명한 이미지 연출"
3408166,https://www.bysuco.com/product/show/3408166,로즈 익스포즈드 오 드 퍼퓸,톰 포드,422000.0,https://cf.bysuco.net/4afa9d9fe49f659e545212a92c62ca16.jpg?w=600,,,,,
3407092,https://www.bysuco.com/product/show/3407092,쥬르 데르메스 압솔뤼 오 드 퍼퓸,에르메스,58000.0,https://cf.bysuco.net/a617032b25dbb14d20b7e8a401159546.jpg?w=600,"자몽, 살구꽃","가드니아, 플로럴 노트, 자스민 삼박","우디 노트, 오크모스","플로럴, 화이트 플로럴, 시트러스","플로럴 계열의 쥬르 데르메스 압솔뤼 오 드 퍼퓸은 가드니아의 관능미, 삼박 자스민의 따뜻함, 살구꽃의 부드러움을 드러냅니다."
3406294,https://www.bysuco.com/product/show/3406294,솔로 엘라 오 드 퍼퓸,로에베,75000.0,https://cf.bysuco.net/551a25842655c51afcd464d906e9282a.jpg?w=600,"사과, 배, 복숭아, 비터 오렌지","자스민 삼박, 오렌지 블라썸, 그린티, 헬리오트로프, 바이올렛, 다마스크 로즈","화이트우드, 앰버, 버지니아 시더","화이트 플로랄, 프루티, 프레쉬",달콤한 과일과 화이트 플로랄이 선사하는 페미닌하면서도 다채로움
3405287,https://www.bysuco.com/product/show/3405287,디스커버리 세트,니샤네,222000.0,https://cf.bysuco.net/0f6eccf9c150344f7998ba4a6a33dd59.webp?w=600,,,,,
2200763,https://www.bysuco.com/product/show/2200763,사이드이펙트 오 드 퍼퓸,이니시오 퍼퓸,575000.0,https://cf.bysuco.net/04eb7a40521f7dfde8effb67e087341b.jpg?w=600,"럼, 타바코, 시나몬, 사프란, 샌달우드, 헤디온",,,"웜 스파이시, 럼, 타바코",무모하게 대담하고 감동적인 향
694089,https://www.bysuco.com/product/show/694089,인퓨전 디 피그 오 드 퍼퓸,프라다,325000.0,https://cf.bysuco.net/45942b5454c5562035712cfc103ae825.jpg?w=600,만다린 오렌지,무화과 어코드,"렌티스크, 갈바넘","푸르티, 그린, 아로마틱",생동감 넘치는 무화과 어코드가 머스크와 시트러스의 시그니처 솔루션에 담겨 피부를 감싸는 향
225418,https://www.bysuco.com/product/show/225418,리에종 데인저러스 오 드 퍼퓸 리필,킬리안,350000.0,https://cf.bysuco.net/c72420d10d39790108d606113a837dd2.jpg?w=600,"피치, 플럼, 블랙 커런트, 코코넛","로즈, 제라늄, 암브레트, 시나몬","머스크, 샌달우드, 우디 노트, 오크모스, 베티버, 바닐라","프루티, 스위트, 우디",격정스런 밤의 열정을 닮은 프루티 향
141192,https://www.bysuco.com/product/show/141192,아웃레이져스 오 드 퍼퓸,프레데릭 말,88000.0,https://cf.bysuco.net/5153fbe40ce4b3c2e0f54ada4941e415.jpg?w=600,"라임, 그린 애플, 자몽, 민트, 시나몬","네롤리, 오렌지 블라썸","머스크, 알데하이드, 시더, 앰버","시트러스, 화이트 플로랄, 그린",탠져린과 그린 애플이 폭발적인 청량함과 부드러움에 머스크의 중성적인 매력이 대비되는 드라마틱하고 화려한 향
33275,https://www.bysuco.com/product/show/33275,위크엔드 포 맨 오 드 뚜왈렛,버버리,102000.0,https://cf.bysuco.net/b110418e8f2d4af4598e5de60cc0df09.jpg?w=600,"레몬, 자몽, 베르가못, 파인애플, 만다린 오렌지, 멜론","아이비, 오크모스, 샌달우드","허니, 머스크, 앰버","시트러스, 프레쉬, 스위트",따뜻함을 지닌 우아한 시트러스의 향기
32411,https://www.bysuco.com/product/show/32411,로즈 휴브리스 오 드 퍼퓸,엑스 니힐로,350000.0,https://cf.bysuco.net/338a906fc37f63dbdba9f57bb44d4342.jpg?w=600,"리치, 페뉴그릭","5월의 장미, 랍다넘","오크모스, 패츌리, 머스크","로즈, 머스크",장미와 머스크가 주는 포근하고 달콤한 장미향
24691,https://www.bysuco.com/product/show/24691,메디 오 드 퍼퓸,트루동,99000.0,https://cf.bysuco.net/769258256eed5b1b362b59722dd93038.jpg?w=600,"자몽, 만다린 오렌지, 자스민 삼박",,,"시트러스, 화이트 플로랄",깔끔하게 떨어지는 리프레시 시트러스
23270,https://www.bysuco.com/product/show/23270,케두 오 드 퍼퓸,메모,200000.0,https://cf.bysuco.net/ed536d7c6268b69798047d20479cd0ec.jpg?w=600,"자몽, 네롤리, 만다린 오렌지","메이트, 프리지아, 피오니, 로즈","참깨, 화이트 머스크, 모스","시트러스, 아로마틱, 플로랄",인도네시아 자바섬의 문화를 담은 향
21960,https://www.bysuco.com/product/show/21960,당 파리 오 드 퍼퓸,셀린느,370000.0,https://cf.bysuco.net/e58c5229d06c604cbb661befa554d3a3.jpg?w=600,"바닐라, 로렐 블라썸, 코리앤더, 머스크, 베르가못",,,"바닐라, 플로랄, 파우더리",달콤한 바닐라와 월계수꽃이 표현한 파리를 연상케하는 향
21868,https://www.bysuco.com/product/show/21868,오 트리쁠 리켄 데코스,불리1803,259000.0,https://cf.bysuco.net/404d46c125b8b3a1755c20d861ebe947.jpg?w=600,"오크모스, 그린 그래스, 씨 노트",,,그린,불리의 시그니처 향으로 수분 가득한 이끼 숲을 거니는 듯한 착각을 주는 향
3407263,https://www.bysuco.com/product/show/3407263,만다린 포브 오 드 퍼퓸,아틀리에 코롱,190000.0,https://cf.bysuco.net/df5ee10ab4bdcfb59a26b01c6eb469bc.jpg?w=600,시트러스,그린 만다린,패츌리,"시트러스, 우디, 프레쉬",전체적인 향의 구조를 통해 울려 퍼지는 진동하는 봄 드 사팽은 귤 듀오의 양보 없는 교향곡을 증폭시킨다.
3405605,https://www.bysuco.com/product/show/3405605,쏠레이 네쥐 오 드 퍼퓸,톰 포드,99000.0,https://cf.bysuco.net/5997d90552a3aa0393d4593e2377aa89.jpg?w=600,"베르가못, 캐롯시드","화이트 플라워, 오렌지 블라썸, 자스민, 로즈, 터키쉬 로즈","벤조인, 바닐라, 라다넘","화이트 플로랄, 앰버, 시트러스",고요하게 흩날리는 눈가루처럼 몽환적인 설경을 향으로 표현
694138,https://www.bysuco.com/product/show/694138,파리 오 드 퍼퓸,입생로랑,195000.0,https://cf.bysuco.net/12a8fc02cce55ed2bec21503234a7967.jpg?w=600,"로즈, 미모사, 히아신스, 제라늄, 그린 노트, 한련, 오렌지 블라썸, 카시아, 베르가못","바이올렛, 릴리, 라임 블라썸, 일랑일랑, 은방울꽃, 자스민, 오리스 뿌리","아이리스, 머스크, 헬리오트로프, 샌달우드, 오크모스, 앰버, 시더","플로랄, 파우더리, 로즈","로맨틱하고, 매우 여성스럽고, 절묘하게 세련되고, 만개한 장미의 향"
225380,https://www.bysuco.com/product/show/225380,로즈 온 아이스 오 드 퍼퓸 리필,킬리안,350000.0,https://cf.bysuco.net/ba7e398244769125546a61472374af6e.jpg?w=600,"큐컴버, 주니퍼 베리, 라임",로즈,"머스크, 샌달우드","아쿠아틱, 아로마틱",핸드릭스 온 더 락스가 떠오르는 진과 오이 장미의 적절한 조화가 보이는 향
34363,https://www.bysuco.com/product/show/34363,라반다 임페리알레 오 드 코롱,산타 마리아 노벨라,210000.0,https://cf.bysuco.net/3e27b611f44f383a9b5ddaddb8a70a24.jpg?w=600,"베르가못, 일랑일랑",라벤더,그래스,"라벤더, 아로마틱, 프레쉬 스파이시",천연 라벤더와 감귤이 더해진 우디한 향
23350,https://www.bysuco.com/product/show/23350,플로라 루미나레 오 드 퍼퓸,몰튼 브라운,240000.0,https://cf.bysuco.net/726b70a3643aeaada957129ae305c070.jpg?w=600,"비터 아몬드, 만다린 오렌지, 올리바넘, 페티그레인","자스민, 일랑일랑, 티아라 플라워, 네롤리, 로즈","메이트, 샌달우드, 시더, 머스크","화이트 플로랄, 우디, 옐로우 플로랄",나른한 아침같은 무드의 향
21900,https://www.bysuco.com/product/show/21900,허 포 우먼 오 드 퍼퓸,버버리,158000.0,https://cf.bysuco.net/dc5186c0b4311957c2c77f9302838048.jpg?w=600,"스트로베리, 라즈베리, 블랙베리, 사워체리, 블랙커런트, 만다린 오렌지, 레몬","바이올렛, 자스민","머스크, 바닐라, 캐쉬미란, 우디 노트, 앰버, 오크모스, 패츌리","프루티, 스위트",달콤한 베리와 플로랄의 조화가 여리지만 밝은 이미지 연출
694142,https://www.bysuco.com/product/show/694142,라 뉘 드 롬므 오 드 뚜왈렛,입생로랑,118000.0,https://cf.bysuco.net/58b20ed648227b7320d366c0157f0d90.jpg?w=600,카다멈,"라벤더, 버지니아 시더, 베르가못","베티버, 캐러웨이","아로마틱, 웜 스파이시, 라벤더",신비로우면서 호기심을 자아내는 오리엔탈 프레쉬 향수
694095,https://www.bysuco.com/product/show/694095,프라다 앰버 뿌르 옴므 오 드 뚜왈렛,프라다,185000.0,https://cf.bysuco.net/fe46c226b766811263523c80a1fb19bd.jpg?w=600,"네롤리, 카다멈, 베르가못, 만다린 오렌지","몰약, 머스크, 오렌지 블로썸, 제라늄, 베티버","샤프란, 바닐라, 라브다넘, 통카빈, 레더, 샌달우드, 패츌리","웜 스파이시, 앰버, 아로마틱",산뜻하고 감각적인 향수
694004,https://www.bysuco.com/product/show/694004,미라클 오 드 퍼퓸,랑콤,112000.0,https://cf.bysuco.net/a8192fe0aa9c33f0227602bebba80cef.jpg?w=600,"리치, 프리지아","매그놀리아, 페퍼, 진저, 만다린 오렌지, 자스민","자스민, 머스크, 앰버","플로랄, 시트러스, 웜 스파이시",기적을 부르는 향기 상쾌한 프리지아 향에 열정적이고 톡 쏘는 스파이시 미들노트가 더해진 향
693911,https://www.bysuco.com/product/show/693911,아이리스 튜베로즈 오 드 퍼퓸,크리드,420000.0,https://cf.bysuco.net/9cfd59650dfceac74dd9610907fc4a25.jpg?w=600,"바이올렛 리프, 갈바눔, 오렌지","튜베로즈, 릴리, 릴리 오브 더 밸리","오렌지 블라썸, 머스크, 바닐","화이트 플로럴, 튜베로즈, 그린",자극적이고 우아한 향기를 드러내며 관능적인 잔향을 남기는 향
224921,https://www.bysuco.com/product/show/224921,넘버19 오 드 퍼퓸,샤넬,284000.0,https://cf.bysuco.net/27e91f97070adcc0a25ede293695f76b.jpg?w=600,"그린 노트, 베르가못, 네롤리","아이리스, 로즈, 나르시스, 일랑일랑","오크모스, 베티버, 레더, 샌달우","그린, 얼, 우디",쾌활함과 세련됨의 독특한 조화로 생기있고 독특한 개성을 표현하면서 대담한 향
33308,https://www.bysuco.com/product/show/33308,에로스 오 드 퍼퓸,베르사체,112000.0,https://cf.bysuco.net/4a23ddc4feee35420dd404b13f12ac48.jpg?w=600,"민트, 캔디 애플, 레몬, 만다린 오렌지","암브록산, 제라늄, 클레어리 세이지","바닐라, 시더, 샌달우드, 비터 오렌지, 패츌리, 레더","아로마틱, 시트러스, 그린",달콤함이 선사하는 마초적 센슈얼한 향
32416,https://www.bysuco.com/product/show/32416,베스퍼 글리츠 오 드 퍼퓸,엑스 니힐로,350000.0,https://cf.bysuco.net/17ac7e27e31ebf0086745ec82193a957.jpg?w=600,"네롤리, 만다린 오렌지, 핑크페퍼","일랑일랑, 자스민, 미모사","바닐라, 머스크, 통카빈, 시더","플로랄, 스위트",달콤하면서도 포근하고 화려한 향이 선사하는 도시적 관능미 연출
32414,https://www.bysuco.com/product/show/32414,바이퍼 그린 오 드 퍼퓸,엑스 니힐로,350000.0,https://cf.bysuco.net/5e4ea4aa55dd57125660c0581557713a.jpg?w=600,만다린 오렌지,갈바늄,베티버,"그린, 아로마틱",깔끔한 초록빛 생화가 주는 싱그러운 이미지 연출
30709,https://www.bysuco.com/product/show/30709,아뜰리에 드 플뢰르 네롤리 오 드 퍼퓸,끌로에,210000.0,https://cf.bysuco.net/4c9479e175cc16177d463c3d641898c9.jpg?w=600,자스민 삼박,,,"화이트 플로랄, 시트러스, 스위트",중독적인 플로랄 악센트가 있는 진정한 향
24695,https://www.bysuco.com/product/show/24695,듀(II) 오 드 퍼퓸,트루동,360000.0,https://cf.bysuco.net/e6088799797dfd989013ebb35c12f780.jpg?w=600,"그린 리프, 소나무, 비터 오렌지","시더, 주니퍼 베리, 페퍼","인센스, 캐쉬미란, 암브록산","우디, 그린, 아로마틱",숲의 활력을 느낄 수 있는 향
23308,https://www.bysuco.com/product/show/23308,로즈 파리 로즈 오 드 퍼퓸,메모,390000.0,https://cf.bysuco.net/3d63fedaeb41014162455fce050733ff_cvt.webp?w=600,로즈,다바나,가이악우드,"로즈, 아로마틱, 그린",파리지앵을 위한 향
22904,https://www.bysuco.com/product/show/22904,베티버 에카라트 오 드 퍼퓸,라티잔 퍼퓨머,299000.0,https://cf.bysuco.net/81dad077493e43b16c110ab16150267e.jpg?w=600,"토마토 리프, 자몽, 베티버",,,"아로마틱, 프레쉬 스파이시, 시트러스",여름의 추억을 담은 향
21959,https://www.bysuco.com/product/show/21959,코롱 프랑세즈 오 드 퍼퓸,셀린느,370000.0,https://cf.bysuco.net/b0ef9d8b5da0584a8006f05d1fcfa456.jpg?w=600,"무화과 나무, 모스, 네롤리, 오리스, 머스크",,,"우디, 모스, 얼씨",중독적인 파우더리한 우디 노트가 선사하는 고급스럽고 독특하면서 부드러운 매력 발산
10486,https://www.bysuco.com/product/show/10486,위스퍼 인 라이브러리 오 드 뚜왈렛,메종 마르지엘라,108000.0,https://cf.bysuco.net/7c6e3cf4f1471967c036d938ee9f623c.webp?w=600,"바닐라, 우디 노트, 페퍼, 시더",,,"우디, 바닐라, 파우더리",시간이 느려진 듯한 느낌을 주는 향
9801,https://www.bysuco.com/product/show/9801,마두라이 오 드 퍼퓸,메모,390000.0,https://cf.bysuco.net/19cce12e54b41f1f56151503e3fe0265_cvt.webp?w=600,"자스민 삼박, 인디안 자스민, 이집트 자스민, 피치, 마리골드, 호주 샌달우드, 클라리 세이지, 터메릭, 인디안 튜베로즈, 스웨이드, 시칠리안 베르가못",,,"화이트 플로랄, 아로마틱, 웜 스파이시",인도의 활기찬 시장을 거닐다
9296,https://www.bysuco.com/product/show/9296,레더 오 드 퍼퓸,아쿠아 디 파르마,155000.0,https://cf.bysuco.net/849cb3319d4411d8b170b24f9c2d02fe_cvt.webp?w=600,"라즈베리, 브라질리안 오렌지, 시칠리안 레몬","로즈, 레드타임, 허니써클, 페티그레인","레더, 가이악우드, 시더","레더, 우디",가죽이 주는 세련되고 우아하면서 강렬한 이미지 연출
3408182,https://www.bysuco.com/product/show/3408182,젤소미노 아 프레도 앰브로시아 오 드 퍼퓸,아쿠아 디 파르마,380000.0,https://cf.bysuco.net/7c9a2af03df1965db8724a082954fda3.jpg?w=600,,,,,
3406954,https://www.bysuco.com/product/show/3406954,프리베 테 울롱 나크레 오 드 뚜왈렛,조르지오 아르마니,350000.0,https://cf.bysuco.net/a83961c96d9c30c7a343d486369f30de.jpg?w=600,"그린 만다린, 라임, 페티그레인","그린티, 블랙티, 자스민, 오렌지 블로섬","베티버, 가이악 우드","시트러스, 그린, 화이트 플로랄",짙은 안개가 어린 울룩산 블랙티 밭에서의 산책
3405532,https://www.bysuco.com/product/show/3405532,바레니아 오 드 퍼퓸,에르메스,123000.0,https://cf.bysuco.net/43ace3d79b301f40270c9c1a68059a6b.jpg?w=600,"미라클 베리, 베르가못",화이트 진저 릴리,"패츌리, 아키갈라 우드, 오크","우디, 패츌리, 웜 스파이시",본능적이고 매혹적이며 자유분방한 여성의 다채로운 모습을 표현한 향
2351488,https://www.bysuco.com/product/show/2351488,앰버 키소 오 드 퍼퓸,디에스 앤 더가,240000.0,https://cf.bysuco.net/918347ef8f7afb597ed2fdd934996141.jpg?w=600,"인센스, 시프레스, 시더","메이플, 패츌리, 아이리스","레더, 히노키, 모스","우디, 레더, 스모키",키소(KISO) 숲의 신성한 의식이 담긴 향수
693919,https://www.bysuco.com/product/show/693919,윈 로즈 오 드 퍼퓸,프레데릭 말,88000.0,https://cf.bysuco.net/7e4d9010d40d37cb6374b2457aaa819a.jpg?w=600,"레드 와인, 프루티 노트","로즈, 꿀","베티버, 패츌리, 카스토레움","로즈, 아로마틱, 프레쉬 스파이시",흙빛 장미에 페리고르 트러플을 더해 고딕의 미묘한 맛을 더한 향.
97016,https://www.bysuco.com/product/show/97016,랑떼르디 오 드 퍼퓸 인텐스,지방시,146000.0,https://cf.bysuco.net/3fcb0d6d715fd8a2f01084a21f80870c.jpg?w=600,블랙 페퍼,"튜베로즈, 참, 오렌지 블로썸","마다가스카 바닐라, 패츌리, 베티버","화이트 플로랄, 바닐라, 튜베로즈",여성을 위한 오리엔탈 플로럴 계열 향수로 검은 가죽 바닐라가 주입된 부드러운 꽃 향
34247,https://www.bysuco.com/product/show/34247,디스커버리 세트 포 우먼,프레데릭 말,109000.0,https://cf.bysuco.net/e194d8b8feb96a563d2f74d6b9ed1506.jpg?w=600,,,,,에디션 드 파르펭 프레데릭 말의 1.2ml*6로 구성된 시그니처 여성 향수 디스커버리 세트입니다.
33529,https://www.bysuco.com/product/show/33529,아이리스 오 드 퍼퓸,산타 마리아 노벨라,245000.0,https://cf.bysuco.net/3b9d75c83a64e14c5b32e2c3af26ad48.jpg?w=600,"네롤리, 사천 페퍼","매그놀리아, 자스민, 제라늄","아이리스, 머스크, 앰버그리스","아이리스, 파우더리, 플로랄",싱그러움을 간직한 우아한 속삭임
9188,https://www.bysuco.com/product/show/9188,오 트리쁠 베르켄 오렌지 블로썸,불리1803,259000.0,https://cf.bysuco.net/b44e17f6b859f6d79363288c6cd1602f.jpg?w=600,"오렌지 블라썸, 네롤리",,,"플로랄, 시트러스",직접적이지 않은 상큼함과 플라워 노트의 조화가 경쾌하면서도 우아한 이미지 연출
3408475,https://www.bysuco.com/product/show/3408475,그랑 수와 오 드 퍼퓸,메종 프란시스 커정,357000.0,https://cf.bysuco.net/c36ea2a5720057cfe593d726713e6a8d.jpg?w=600,시암 벤조인,통카빈,"바닐라, 앰버","앰버, 스위트, 레진, 웜","벤조인과 통카빈의 따뜻한 앰버빛 달콤함이 깊게 퍼지며, 바닐라와 레진의 부드러운 온기가 겹쳐져 밤 공기처럼 우아하고 관능적으로 감싸는 클래식 앰버 향"
3407429,https://www.bysuco.com/product/show/3407429,뱀부 하모니 오 드 퍼퓸 리필,킬리안,580000.0,https://cf.bysuco.net/2a9ac082e158ddcb0567573b7cd2f325.jpg?w=600,"베르가못, 네롤리, 비터 오렌지","티, 대나무, 미모사, 스파이시","무화과 잎, 홀리, 오크모스","그린, 시트러스, 프레쉬","대나무 숲에서 시원한 화이트 티를 음미하는 듯한 느낌을 주는, 마음을 편하게 하며 명상에 빠지게 하는 향."
3407259,https://www.bysuco.com/product/show/3407259,세드레 아틀라스 코롱 압솔뤼 오 드 퍼퓸,아틀리에 코롱,148000.0,https://cf.bysuco.net/e70b1b6dc388bcc6b86cdb63acc9b157.jpg?w=600,"레몬, 베르가못, 블랙커런트","시더우드, 아프리콧, 자스민","베티버, 파피루스, 앰버","우디, 시트러스, 아로마틱",구아이악 우드는 우롱차의 우디하고 스모키한 향을 더욱 풍성하게 하고 조화로운 느낌을 강조합니다.
3406570,https://www.bysuco.com/product/show/3406570,아쿠아 유니버셜 코롱 포르떼,메종 프란시스 커정,228800.0,https://cf.bysuco.net/0b85b48416ee66a661e23d65e788e1a2.jpg?w=600,베르가못,"스윗피, 모크 오렌지",화이트 머스크,"머스크, 시트러스, 플로럴","순백의 기쁨,광채,신선하고 감싸 안는 공기의 순수함을 느낄 수 있는 향"
3406338,https://www.bysuco.com/product/show/3406338,빠 쓰 수아 엑스트레 엑스트레 드 퍼퓸,비디케이,452000.0,https://cf.bysuco.net/d1f558c7464b59cb8f0bab84f48365f9.jpg?w=600,"페어, 진저, 만다린 오렌지, 블랙 페퍼, 카카오 파드","모과, 피치, 모로칸 자스민, 오렌지 블라썸","인도네시안 파촐리 리프, 캐시메란, 암브록산, 벤조인, 바닐라","프루티, 스위트, 앰버",신비롭고 감각적인 파리의 밤을 표현한 향
2133531,https://www.bysuco.com/product/show/2133531,베티버 제라늄 오 드 퍼퓸,크리드,420000.0,https://cf.bysuco.net/2143714608b044c42ffb5372f4e98de9.jpg?w=600,"그래니 스미스 사과, 레못, 베르가못","제라늄, 장미, 시나몬","시더, 패츌리, 베티버, 머스크, 앰버","아로마틱, 프레쉬 스파이시, 우디",남성용 우디 플로랄 머스크 향수
694006,https://www.bysuco.com/product/show/694006,포엠 오 드 퍼퓸,랑콤,141000.0,https://cf.bysuco.net/4a1c4c4f3851db8b8db787b7a65e94a0.jpg?w=600,"히말라야 블루 포피, 리치 플라워","오렌지 블라썸, 미모사, 자스민","바닐라, 흰 독말풀","플로랄, 화이트 플로랄, 파우더리",화이트와 옐로우 색상은 햇빛이 가득한 화려한 여름 정원을 연상시키는 향.
225387,https://www.bysuco.com/product/show/225387,문라이트 인 헤븐 오 드 퍼퓸 트래블 세트,킬리안,350000.0,https://cf.bysuco.net/68eb82d2a3acf549221dcd0c130f8a34.jpg?w=600,"자몽, 핑크페퍼, 레몬","망고, 코코넛, 쌀","베티버, 통카빈","스위트, 시트러스, 트로피칼",이국적인 매력과 자연스러움이 돋보이는 향
225165,https://www.bysuco.com/product/show/225165,하이어 에너지 오 드 뚜왈렛,디올,183000.0,https://cf.bysuco.net/f491d78b67939f8ccd5a49d6d4ac684c.jpg?w=600,"주니퍼 베리, 파인애플, 자몽, 메론, 민트","페퍼, 너트맥, 인센스","시더, 베티버, 오크모스, 샌달우드, 머스크, 라브다넘","프레쉬 스파이시, 아로마틱, 우디",
34362,https://www.bysuco.com/product/show/34362,피에노 오 드 코롱,산타 마리아 노벨라,210000.0,https://cf.bysuco.net/b4c18fdce078ea4c60d14efbc10c10df.jpg?w=600,"베르가못, 시트러스","쿠마린, 라벤더, 산사나무, 머틀, 로즈, 자스민","건초, 벤조인, 바닐라, 베티버, 샌달우드","아로마틱, 프레쉬 스파이시, 바닐라",갓 커팅된 건초를 닮은 향
33468,https://www.bysuco.com/product/show/33468,레 제르 드 퍼퓸 에르 디아판느 오 드 뚜왈렛 (투명의 시간),까르띠에,365000.0,https://cf.bysuco.net/c06151daf9e1225abd1137af9214b489.jpg?w=600,"피오니, 리치, 로즈",,,"로즈, 플로랄, 프레쉬",찬란한 햇살 아래 피어오르는 투명한 꽃의 향기
33462,https://www.bysuco.com/product/show/33462,레 제르 드 퍼퓸 에르 꽁부아떼 오 드 퍼퓸 (갈망의 시간),까르띠에,365000.0,https://cf.bysuco.net/0d90fd268f7015bf48f4e5eeedab5c07.jpg?w=600,"스트로베리, 파우더리 노트, 아이리스",,,"파우더리, 프루티, 플로랄",관능적인 자태를 드러내는 연인의 모습을 닮은 파우더리 프루티 향
32782,https://www.bysuco.com/product/show/32782,브와 다망드 오 드 퍼퓸,반클리프 아펠,235000.0,https://cf.bysuco.net/7c20cc528ce736569fb063bc0bec25e8.jpg?w=600,"아몬드, 레몬",버지니아 시더,"바닐라, 머스크","아몬드, 바닐라, 우디",햇볕이 잘 드는 이탈리아 만발한 아몬드 나무의 향
32413,https://www.bysuco.com/product/show/32413,미드나잇 스페셜 오 드 퍼퓸,엑스 니힐로,450000.0,https://cf.bysuco.net/0f27915fd73b4187886050a172db78e7.jpg?w=600,"샤프란, 시나몬, 블랙페퍼","터키쉬 로즈, 로즈, 자몽","아가우드(오우드), 바닐라, 패츌리","웜 스파이시, 오우드",담백한 오우드향과 장미의 적절한 조화가 수준 높은 섹슈얼함을 연출
24699,https://www.bysuco.com/product/show/24699,아펠리 오 드 퍼퓸,트루동,360000.0,https://cf.bysuco.net/aff6dc7584fd9375ad3ab46417cf82cf.jpg?w=600,"로즈, 아이비","카시스, 오크모스","샌달우드, 통카 빈","그린, 우디, 로즈",새벽 이슬이 맺힌 장미 정원을 거닐며
24694,https://www.bysuco.com/product/show/24694,듀(II) 오 드 퍼퓸,트루동,99000.0,https://cf.bysuco.net/09f2afebb8ec98b15d6081740a1d2752.jpg?w=600,"그린 리프, 소나무, 비터 오렌지","시더, 주니퍼 베리, 페퍼","인센스, 캐쉬미란, 암브록산","우디, 그린, 아로마틱",숲의 활력을 느낄 수 있는 향
23295,https://www.bysuco.com/product/show/23295,이타크 오 드 퍼퓸,메모,390000.0,https://cf.bysuco.net/503532f675183bc03af9b96ba4776755.jpg?w=600,"베르가못, 만다린 오렌지, 사천 페퍼, 비터 오렌지, 마다가스카르 페퍼, 핑크 페퍼","건포도 새싹, 주니퍼 베리, 레드 커런트, 라즈베리, 이집트 자스민","텍사스 시더, 페출리","프루티, 시트러스, 우디",그리스의 대서사시를 담은 향
21963,https://www.bysuco.com/product/show/21963,오 드 캘리포니아 오 드 퍼퓸,셀린느,370000.0,https://cf.bysuco.net/8f76c22ec93c0bab0af9d0b5634699a3.jpg?w=600,"팔로 산토, 모스, 베르가못, 오리스, 패츌리",,,"우디, 시트러스, 얼씨",캘리포니아를 연상시키는 어쿠스틱하고 밝은 크리미한 향
21128,https://www.bysuco.com/product/show/21128,레드 로즈 오 드 코롱,조 말론,239000.0,https://cf.bysuco.net/e11be002958a7fdae82a74b172ccacc8.jpg?w=600,"레몬, 민트","불가리안 로즈, 바이올렛 리프",비즈왁스,"로즈, 플로랄, 시트러스",세상에서 가장 아름다운 일곱가지 장미가 조합된 관능적인 향
10240,https://www.bysuco.com/product/show/10240,신테틱 정글 오 드 퍼퓸,프레데릭 말,323000.0,https://cf.bysuco.net/728ccb9515ae8ae9bb80c238a0e5fe1a_cvt.webp?w=600,"갈바넘, 바질, 블랙 커런트","릴리오브더밸리, 히아신스, 자스민, 일랑일랑, 아몬드","오크모스, 페출리","그린, 화이트 플로랄, 프레쉬 스파이시",밝고 울창하며 신비롭고 관능적인 초현실주의 정글을 표현한 향
9364,https://www.bysuco.com/product/show/9364,아쿠아 셀레스티아 오 드 뚜왈렛,메종 프란시스 커정,198000.0,https://cf.bysuco.net/d944bd93ed065936811374fb197f8e09.jpg?w=600,"라임, 민트, 블랙 커런트, 네롤리","그린 노트, 미모사, 로즈",화이트 머스크,"그린, 시트러스, 아로마틱",파란 하늘과 푸른 바다의 맑고 평온한 상쾌함을 담은 향
3408374,https://www.bysuco.com/product/show/3408374,앰버 인트리그 오 드 퍼퓸,톰 포드,571000.0,https://cf.bysuco.net/43706fb81ee1d3c89d644ba1da31dd34.jpg?w=600,,,,,
3407927,https://www.bysuco.com/product/show/3407927,파우더 러브 오 드 퍼퓸,줄리엣 헤즈 어 건,231000.0,https://cf.bysuco.net/e3c0700f19464873612beaa347bb69f9.jpg?w=600,"마시멜로, 솜사탕","슈가 아몬드, 오렌지 블라썸","통카, 암브록산, 파우더리 머스크","스위트, 머스크, 파우더리","솜사탕, 마시멜로, 베이비 파우더로 이루어진 포근한 꿈을 상상하며 만들어진 향수"
3407439,https://www.bysuco.com/product/show/3407439,엔젤스 쉐어 오 드 퍼퓸 리필,킬리안,580000.0,https://cf.bysuco.net/cd59a3e20d33259930404e999441b773.jpg?w=600,코냑,"시나몬, 통카 빈, 오크","바닐라, 프랄린, 샌달우드","우디, 웜 스파이시, 스위트",오크통에서 오래 숙성된 코냑을 떠올리며 만든 향
3406006,https://www.bysuco.com/product/show/3406006,임페리얼 티 오 드 퍼퓸,킬리안,,,"해초, 그린티, 베르가못","오렌지 블로썸, 프리지아, 자스민","화이트 머스, 베티버","아로마틱, 화이트 플로랄, 시트러",차 한잔을 마시는 듯한 신선하고 모던한 느낌을 선사하는 향.
3405603,https://www.bysuco.com/product/show/3405603,코스타 아주라 오 드 퍼퓸,톰 포드,77000.0,https://cf.bysuco.net/9ff447ef378d226e16716f5049f7b167.jpg?w=600,"드리프트우드, 씨위드, 아가우드, 카다멈, 암브레트, 샐러리 씨드","레몬, 사이프러스, 옐로우 만다린, 라벤더, 머틀","인세스, 오크, 베티버, 올리바넘, 유향나무","아로마틱, 우디, 시트러스",지중해 탈출의 자유로운 관능미를 불러일으키는 아로마틱한 푸제르 향
694086,https://www.bysuco.com/product/show/694086,인퓨전 디 아망드 오 드 퍼퓸,프라다,325000.0,https://cf.bysuco.net/1cbaee5e2d85f36a6c7e042836d90250.jpg?w=600,"베르가못, 스타 아니스, 통카빈, 샌달우드",,,"아몬드, 바닐라, 파우더리",플로럴 앰버 향에 아몬드의 섬세한 개성을 가진 남성과 여성 모두에게 매력적인 향
225733,https://www.bysuco.com/product/show/225733,버닝 바버샵 오 드 퍼퓸,디에스 앤 더가,240000.0,https://cf.bysuco.net/c89ad29ef29d22bfa6e3c172c417e1f9.jpg?w=600,"스피어민트, 라임, 소나무","라벤더, 라임, 소나무","탄 오일, 바닐라, 건초","아로마틱, 라벤더, 그린","1891년, 뉴욕 주 웨스트 레이크에 있는 CURLING BROS 이발소에서 발생한 화재 때  난 냄새를 모티브로 만들어진 향기입니다."
225128,https://www.bysuco.com/product/show/225128,미스 디올 로즈 앤 로지스 오 드 뚜왈렛,디올,99000.0,https://cf.bysuco.net/d07c212f109b8a795dd6d296342fe71c.jpg?w=600,"제라늄, 베르가못, 이탈리안 만다린","그라스 로즈, 다마스크 로즈",화이트 머스크,"로즈, 머스크, 프레쉬 스파이시",라스 꽃밭을 가득 채우며 활짝 피어난 꽃의 황홀한 향기를 생생히 재현하는 향
33457,https://www.bysuco.com/product/show/33457,렁볼 드 까르띠에 오 드 퍼퓸,까르띠에,112000.0,https://cf.bysuco.net/c3cccf55a199c0ea8d47e6e40900c504.jpg?w=600,"라벤더, 아르테미지아, 세이지","바이올렛 리프, 페퍼","허니, 아이리스, 가이악우드, 머스크, 패출리, 엠버우드, 시더, 베티버","우디, 허니, 파우더리",달콤한 꿀이 선사하는 강인한 향
24698,https://www.bysuco.com/product/show/24698,아펠리 오 드 퍼퓸,트루동,99000.0,https://cf.bysuco.net/9d2751b316cc26a9ce225a5b2ff85cf7.jpg?w=600,"로즈, 아이비","카시스, 오크모스","샌달우드, 통카 빈","그린, 우디, 로즈",새벽 이슬이 맺힌 장미 정원을 거닐며
21895,https://www.bysuco.com/product/show/21895,터치 포 맨 오 드 뚜왈렛,버버리,90000.0,https://cf.bysuco.net/6da4277f51540ce42d98178b33ea0b26.jpg?w=600,"바이올렛 리프, 아르테미지아, 만다린 오렌지","화이트페퍼, 시더, 너트맥","화이트 머스크, 통카빈, 베티버","프레쉬 스파이시, 머스크",중성적 향이 선사하는 포근함과 친밀한 이미지로 데일리로 사용하기에 좋은 향
9237,https://www.bysuco.com/product/show/9237,오 트리쁠 사모트라케의 승리의 여신 니케,불리1803,259000.0,https://cf.bysuco.net/ec717b6111b7e6afa8143e0b207369de_cvt.webp?w=600,"튜베로즈, 매그놀리아, 자스민, 시트러스, 오렌지 블라썸, 로즈, 미르",,,"플로랄, 우디",피부에서 은은히 피어오르는 플로랄 향이 이지적 세련미를 세련미를 연출
3408474,https://www.bysuco.com/product/show/3408474,쁘띠 마땅 오 드 퍼퓸,메종 프란시스 커정,357000.0,https://cf.bysuco.net/24fdeae027e0310a0f9dfa0f3b84f3a2.jpg?w=600,"레몬, 리터시","오렌지 블로썸, 라벤더","머스크, 앰버","시트러스, 플로럴, 머스크, 프레시","아침 햇살처럼 맑은 시트러스와 화이트 플로럴이 가볍게 퍼지며, 머스크와 앰버의 부드러운 온기가 더해져 깨끗하고 산뜻하게 하루를 여는 프레시 플로럴 향"
3408184,https://www.bysuco.com/product/show/3408184,르 보 퍼퓸,메종 프란시스 커정,357000.0,https://cf.bysuco.net/121bf0f580fe9af86f3c99372a791883.jpg?w=600,,,,,
3407921,https://www.bysuco.com/product/show/3407921,콘크리트 라이트닝 오 드 퍼퓸,디에스 앤 더가,240000.0,https://cf.bysuco.net/7dc07f4ea7d78e91a37f605fb7103dc2.jpg?w=600,잔디,"오존 노트, 레인 노트","스팀 어코드, 콘크리트","오조닉, 미네랄, 아쿠아틱","번개가 지나간 뒤 젖은 잔디와 빗물, 식어가는 콘크리트에서 느껴지는 차갑고 맑은 공기를 그대로 병에 담은 듯한 오조닉 미네랄 향수"
3406966,https://www.bysuco.com/product/show/3406966,굿걸 곤 배드 오 드 퍼퓸,킬리안,90000.0,https://cf.bysuco.net/b0fcd8733b20a271761d1e549e5182c1.jpg?w=600,"오스만투스, 자스민, 로즈","튜베로즈, 나르시소스","앰버, 시더","플로랄, 화이트 플로랄, 프루티",바람에 흩날리는 꽃의 향이 순수하지만 동시에 유혹적인 바이브를 전달하는 관능적인 향
3405268,https://www.bysuco.com/product/show/3405268,매그놀리아 블리스 오 드 퍼퓸,줄리엣 헤즈 어 건,169000.0,https://cf.bysuco.net/49efcd542812e0e264844b63e17e5bb8.jpg?w=600,"베르가못, 레몬, 페티그레인, 진저","넥타린, 매그놀리아, 프리지아, 피오니, 그린게이지","머스크, 암브록산, 바닐라, 통카 빈","플로랄, 시트러스, 머스크",꽃과 과일 향이 어우러졌으며 70년 대의 비치의 여름을 느낄 수 있습니다.
3405266,https://www.bysuco.com/product/show/3405266,러스트 포 썬 오 드 퍼퓸,줄리엣 헤즈 어 건,169000.0,https://cf.bysuco.net/0c370e571a3eba4f5b2379111c8cbcc2.jpg?w=600,"코코넛, 프리지아, 베르가못","가드니아, 일랑일랑, 자스민, 오렌지블라썸","화이트머스크, 암브록산, 바닐라","화이트 플로랄, 스위트, 플로랄",따뜻한 햇빛의 감각적인 향기와 여름의 즐거움을 느낄 수 있는 향수
694108,https://www.bysuco.com/product/show/694108,르옴므 프라다 인텐스 오 드 퍼퓸,프라다,203000.0,https://cf.bysuco.net/aa524047da0113c48010c81aec9f6423.jpg?w=600,아이리스,"앰버, 패츌리","통카빈, 레더, 샌달우드","아이리스, 파우더리, 앰버","생기 넘치는 라벤더와 폭발적인 생강, 주니오베리가 어우러진 감각적이고 스파이시한 앰버 향"
225427,https://www.bysuco.com/product/show/225427,골드 나이트 오 드 퍼퓸,킬리안,398000.0,https://cf.bysuco.net/11f6cda5d919392004a301ab98c09c81.jpg?w=600,"아니스, 베르가못","허니, 바닐라",패출리,"허니, 스위트, 아니스",클림트의 그림 골드 나이트에서 영감 받은 달콤한 향
225166,https://www.bysuco.com/product/show/225166,디올 옴므 퍼퓸,디올,258000.0,https://cf.bysuco.net/19bff0e5715ad9400c2d25d528a8a3f6.jpg?w=600,"토스카나 아이리스, 이탈리안 오렌지","레더, 로즈","샌달우드, 암브레트, 아가우드, 시더","아이리스, 우디, 레더",부드럽고 강렬한 가죽 향의 남다른 농도를 보여주는 향
140881,https://www.bysuco.com/product/show/140881,끌로에 오 드 퍼퓸,끌로에,121000.0,https://cf.bysuco.net/367d6efaa94126e082b19c0ea36259f2.jpg?w=600,"피오니, 리치, 프리지아","로즈, 릴리오브더밸리, 매그놀리아","버지니아 시더, 앰버","플로랄, 로즈, 프레쉬",숭고하며 기품있는 장미의 향
34244,https://www.bysuco.com/product/show/34244,에센셜 컬렉션 포 우먼,프레데릭 말,240000.0,https://cf.bysuco.net/ca1de7fed12ea02108f407cfc92d710d.jpg?w=600,,,,,에디션 드 파르펭 프레데릭 말의 7ml*5로 구성된 시그니처 여성 향수 에센셜 컬렉션 세트입니다.
32419,https://www.bysuco.com/product/show/32419,엑스플리시트 오 드 퍼퓸,엑스 니힐로,350000.0,https://cf.bysuco.net/f8a6d044da80a8093634b546dfd5eb15.jpg?w=600,"너트맥, 핑크페퍼","프랄린, 피오니, 릴리, 페탈리아","샌달우드, 앰버, 바닐라","플로랄, 스위트",플로럴향과 어우러지는 은은한 초콜릿향이 선사하는 섹슈얼함
30719,https://www.bysuco.com/product/show/30719,아뜰리에 드 플뢰르 셴 오 드 퍼퓸,끌로에,239000.0,https://cf.bysuco.net/ebde12a6b809157429ee6f3a62680d78.jpg?w=600,"월계수, 오크 리프, 릴리오브더밸리, 만다린 오렌지, 베르가못","오크, 아틀라스 시더, 아프리칸 오렌지 플라워","머스크, 샌달우드, 바닐라","우디, 아로마틱, 머스크",자주 숲 속을 거닐며 영감을 얻어 탄생한 우디 플로랄 향
24828,https://www.bysuco.com/product/show/24828,와이 오 드 뚜왈렛,입생로랑,137000.0,https://cf.bysuco.net/2efb36d39f3a00b311f58361819b66ff.jpg?w=600,"알데하이드, 베르가못, 진저","라벤더, 클라리 세이지, 제라늄","앰버그리스, 바닐라, 올리바넘, 시더","아로마틱, 프레쉬 스파이시, 알데하이드",맑고 푸른 바다의 광활한 자유로움을 닮은 향
23372,https://www.bysuco.com/product/show/23372,푸드레 오 드 퍼퓸,나르시소 로드리게즈,137000.0,https://cf.bysuco.net/3aec2b1e29dea14dfc1fa75ad32cdfb3.jpg?w=600,"자스민, 불가리안 로즈, 오렌지 블라썸",머스크,"쿠마린, 시더, 베티버, 페출리","머스크, 화이트 플로랄, 우디",불가리안 로즈와 자스민의  따뜻하고 부드러운 유혹과 같은 향입니다.
23349,https://www.bysuco.com/product/show/23349,밀크 머스크 오 드 퍼퓸,몰튼 브라운,240000.0,https://cf.bysuco.net/955526838db42fbd8bc451068690be3d.jpg?w=600,"밀크, 엘레미 레진","바닐라, 머스크, 암브록산","통카 빈, 벤조인","바닐라, 앰버",파리에서의 따스한 나날과 같은 향
22907,https://www.bysuco.com/product/show/22907,언 에르 드 브르타뉴 오 드 퍼퓸,라티잔 퍼퓨머,299000.0,https://cf.bysuco.net/8c95b56a88945bac4921ef9657ff5df0.jpg?w=600,"베르가못, 시트러스","칼론, 네롤리","시위드, 시프레, 앰버그리스, 시더","프레쉬, 시트러스, 아로마틱",해변의 신선한 공기
21958,https://www.bysuco.com/product/show/21958,생 제르맹 데 프레 오 드 퍼퓸,셀린느,370000.0,https://cf.bysuco.net/da104c472f74f5a995a6ce86873d1325.jpg?w=600,"페티그레인, 네롤리, 헬리오트로프, 아이리스 뿌리, 바닐라",,,"시트러스, 파우더리, 바닐라",시트러스과 바닐라 그리고 아이리스가 선사하는 우아하고 품격 높은 이미지를 연출
10609,https://www.bysuco.com/product/show/10609,칼란 오 드 퍼퓸,퍼퓸 드 말리,355000.0,https://cf.bysuco.net/ea075bc5471c782dbc1429718b4ad9b7.jpg?w=600,"스파이시, 블러드 오렌지, 블랙 페퍼","라벤더, 오렌지 블라썸","우디 노트, 모스, 화이트 샌달우드, 통카 빈, 앰버","웜 스파이시, 우디, 시트러스",드라마틱한 향기의 여정으로 인도하는 향
9969,https://www.bysuco.com/product/show/9969,마라케시 인텐스 퍼퓸,이솝,145000.0,https://cf.bysuco.net/07441b0012b13a4167817c121663fe40.jpg?w=600,"베르가못, 네롤리, 자스민","로즈, 카다멈, 패츌리","샌달우드, 시더우드, 클로브","웜 스파이시, 시트러스, 화이트 플로랄",우디한 스파이시 노트와 산뜻한 플로랄 노트가 보여주는 생기넘치는 풍부한 세련미를 연출
3407938,https://www.bysuco.com/product/show/3407938,르 리옹 레 젝스클루시프 드 샤넬 오 드 빠르펭,샤넬,380000.0,https://cf.bysuco.net/c02a6b161c511ee3a08119df2f54d738.jpg?w=600,,,,"앰버, 우디, 머스크","르 리옹 드 샤넬은 랍다넘과 패츌리의 강인하고 관능적인 앰버 계열 레더 노트에 바닐라와 베르가못, 레몬이 어우러지면서 부드럽고 화사하게 마무리됩니다. 따뜻하고 장엄한 노트의 세련된 향수입니다."
3406667,https://www.bysuco.com/product/show/3406667,엑스페리멘툼 크루시스 오 드 퍼퓸,에따 리브르 도량쥬,315000.0,https://cf.bysuco.net/6996d7da67ff490c6b977159b2d56506.webp?w=600,"리치, 사과, 커민","로즈, 스민, 허니 어코드","아키갈라우드, 패출리, 머스크","로즈, 우디, 프레쉬 스파이시","꽃, 과일, 그리고 나무의 이국적인 세계로 모험을 떠나는 엑스페리멘툼 크루시스는 감각을 사로잡고 유희하는 
    밝고 긍정적인 향입니다."
3405868,https://www.bysuco.com/product/show/3405868,우드 오 드 퍼퓸,메종 프란시스 커정,286200.0,https://cf.bysuco.net/34962fade6edc939de604bb23efac5b9.webp?w=600,"샤프론, 엘레미, 아가우드, 페출리, 시더",,,"웜 스파이시, 오우드, 아로마틱",신비로운 1000일 밤을 담은 향
1908015,https://www.bysuco.com/product/show/1908015,아니 엑스트레 드 퍼퓸,니샤네,330000.0,https://cf.bysuco.net/d850cf6fb825bb24bcb4bd4eedeed95f.webp?w=600,"베르가못, 그린 노트, 블루 진저, 핑크 페퍼","블랙커런트, 터키 로즈, 카다멈","패출리, 시더우드, 바닐라, 벤조인, 앰버그리스, 머스크, 샌달우드","웜 스파이시, 바닐라, 우디",진저에 스파이시함에 이어 풍부하 매력적인 향.
694076,https://www.bysuco.com/product/show/694076,포 힘 블루 느와 오 드 뚜왈렛,나르시소 로드리게즈,91000.0,https://cf.bysuco.net/9eab6537e172e5f2929a162fd0a8277b.jpg?w=600,"이탈리안 사이프러스, 머틀, 로즈","샌달우드, 시더","브라질리안 로즈우드, 스파이스, 앰버, 화이트 머스크","우디, 웜 스파이시, 아로마틱",내면에 숨겨진 매력과 우아함을 포착하여 관능적이고 모던한 남성미를 발현시키는 머스크 향수
225734,https://www.bysuco.com/product/show/225734,이탈리안 시트러스 오 드 퍼퓸,디에스 앤 더가,240000.0,https://cf.bysuco.net/4321d32626b962b32c0aaee1b9d8d824.jpg?w=600,"레몬, 치노토, 블러드 오렌지","그린 만다린, 제비꽃","발삼, 머스크 암브레트, 오크모스","시트러스, 머스크, 프레쉬",이탈리아 해안의 시트러스-치노토가 더해진 향수
140974,https://www.bysuco.com/product/show/140974,레전더리 미츠코 오 드 퍼퓸,겔랑,238000.0,https://cf.bysuco.net/74c2b2fb350e155728145921c97ea504.jpg?w=600,베르가못,"피치, 5월의 장미, 자스민","스파이스, 루트, 베티버","얼디, 웜 스파이시, 아로마틱","이루어질 수 없는 사랑의 전설, 스파이시한 복숭아와 페출리의 비밀스러운 만남"
33476,https://www.bysuco.com/product/show/33476,레 제퓌르 드 퍼퓸 퓨어 킹캉 오 드 뚜왈렛,까르띠에,365000.0,https://cf.bysuco.net/11fdba3cb9e47b24c0c93c06e2e1047a.jpg?w=600,금귤,,,"시트러스, 아로마틱, 프레쉬",시트러스의 가장 순수한 형태의 향
33442,https://www.bysuco.com/product/show/33442,라 팬더 오 드 퍼퓸,까르띠에,210000.0,https://cf.bysuco.net/cf8f95429f61e36d68abcf377dccec13.jpg?w=600,"드라이즈 프루츠, 루바브, 빅 스트로베리, 아니스, 베르가못","가드니아, 로즈, 일랑일랑, 페어, 오렌지 블라썸","오크모스, 머스크, 패출리, 레더","프루티, 화이트 플로랄, 스위트",애니멀릭한 우아함을 표현한 향
33323,https://www.bysuco.com/product/show/33323,플뢰르 드 레 오 드 퍼퓸,미우미우,200000.0,https://cf.bysuco.net/c202f80db0299a6fdffbdec7a0c52cb7.jpg?w=600,망고,오스만투스,코코넛 밀크,"프루티, 트로피칼",망고와 코코넛 밀크의 달콤한 조화
33310,https://www.bysuco.com/product/show/33310,에로스 플레임 오 드 퍼퓸,베르사체,112000.0,https://cf.bysuco.net/d849eb0770d568ad96232ba0f383ffd3.jpg?w=600,"만다린 오렌지, 페퍼, 레몬, 치노토, 로즈마리","제라늄, 로즈, 페퍼우드","바닐라, 통카빈, 샌달우드, 시더, 패출리, 오크모스","시트러스, 바닐라, 프레쉬 스파이시",정열적인 향기와 부드럽게 섞여 세련되고 정제된 향
32409,https://www.bysuco.com/product/show/32409,데빌 텐더 오 드 퍼퓸,엑스 니힐로,350000.0,https://cf.bysuco.net/02a8db8eafc9447781b654c47013e154.jpg?w=600,"핑크페퍼, 피치, 자몽, 베르가못","로즈워터, 불가리안로즈, 로즈페탈, 티","스웨이드, 헬리오트로프, 샌달우드, 바닐라, 화이트 시더","파우더리, 로즈",파우더리한 장미와 스웨이드향이 대조되어 드러나는 우아함 연출
23673,https://www.bysuco.com/product/show/23673,갤러웨이 오 드 퍼퓸,퍼퓸 드 말리,355000.0,https://cf.bysuco.net/89c1cacdb65061187a17c99ab916e033.jpg?w=600,"시트러스, 페퍼","오렌지 블라썸, 아이리스","머스크, 앰버","시트러스, 머스크, 파우더리",젊고 강인하며 센슈얼한 아로마틱 향
23354,https://www.bysuco.com/product/show/23354,릴리 앤 매그놀리아 블라썸 오 드 퍼퓸,몰튼 브라운,240000.0,https://cf.bysuco.net/cd1460333c7799927f46f11c90f9c63a.jpg?w=600,"화이트 티, 매그놀리아, 그린 만다린","릴리오브더밸리, 피오니, 프리지아","화이트 머스크, 일랑일랑, 샌달우드","플로랄, 그린, 프레쉬",콘월의 숲속에서의 산책
21961,https://www.bysuco.com/product/show/21961,라뽀뉴 오 드 퍼퓸,셀린느,370000.0,https://cf.bysuco.net/c2cf6d7b177cd4e70ad4f06f40066bd9.jpg?w=600,"오리스, 로즈, 쌀, 베르가못, 베티버",,,"아이리스, 파우더리, 로즈",부드러운 오리스와 플로랄 파우더리가 조화되어 유려하면서도 우아한 70년대 한편의 영화의 분위기를 연출
21903,https://www.bysuco.com/product/show/21903,허 엘릭서 오 드 퍼퓸,버버리,174000.0,https://cf.bysuco.net/2035200745326d98b878f2be4628f3fa.jpg?w=600,"스트로베리, 블랙베리",자스민,"바닐라, 앰버, 샌달우드","프루티, 스위트",달콤한 플로랄 향에 더해진 프레쉬함이 여리하면서 쾌할한 이미지 연출
10324,https://www.bysuco.com/product/show/10324,로즈 페탈 25 오 드 뚜왈렛,조 러브스,169000.0,https://cf.bysuco.net/14d315c4d0be4f775d2a52353ee5d95a_cvt.webp?w=600,"베르가못, 샤프론, 리치","로즈 워터, 터키쉬 로즈, 불가리안 로즈","5월의 장미 앱솔루트, 암브레트 씨드, 장미 앱솔루트","로즈, 플로랄, 머스크",모던하면서도 섬세하게 빛나는 듯한 플로럴 향
9800,https://www.bysuco.com/product/show/9800,러시안 레더 오 드 퍼퓸,메모,390000.0,https://cf.bysuco.net/d2758300c43dcd503c79322f4bc7e175_cvt.webp?w=600,"소나무, 시프레, 러시안 레더, 양치식물, 라벤더, 로즈마리, 클라리 세이지, 민트, 페출리, 바질, 가이악우드, 코리안더, 통카 빈, 너트맥",,,"아로마틱, 우디, 프레쉬 스파이시",매혹적인 우디와 레더향
3408605,https://www.bysuco.com/product/show/3408605,오드 보이저 오 드 퍼퓸,톰 포드,422000.0,https://cf.bysuco.net/34f3cfe6f8c3c5ba7713df45c113e786.jpg?w=600,"핑크 페퍼, 베르가못","레더, 제라늄","앰버, 시더우드, 머스크","스파이시, 우디, 앰버, 드라이","스파이시한 핑크 페퍼와 따뜻한 앰버가 선명하게 열리며, 우디 노트와 레더의 드라이한 질감이 겹쳐져 여행의 긴장감처럼 묵직하고 세련되게 이어지는 스파이시 우디 향"
3406941,https://www.bysuco.com/product/show/3406941,바닐라 오 드 퍼퓸,아쿠아 디 파르마,195000.0,https://cf.bysuco.net/5db348f3f07c22790a4f289898f9c5d7.jpg?w=600,"베르가못, 만다린, 네롤리, 헬리오트로프","아라비안 자스민, 바닐라","시더우드, 머스크","바닐라, 파우더리, 시트러스",따뜻하고 포근하게 감싸는 느낌의 바닐라와 활기찬 느낌이 가득한 시트러스의 조화
3406339,https://www.bysuco.com/product/show/3406339,루즈 스모킹 오 드 퍼퓸,비디케이,339000.0,https://cf.bysuco.net/b18d59e4b61b118cce0675c58c0073aa.jpg?w=600,"체리, 핑크 페퍼, 베르가못","블랙 바닐라 허스크, 오렌지 블라썸, 헬리오트로","통카빈, 캐시메란 우드, 화이트 머스크, 암브록산, 바이올렛, 라다넘","바닐라, 스위트, 파우더리",파리의 몽마르뜨가 떠오르는 생동감이 넘치는 향
3405275,https://www.bysuco.com/product/show/3405275,써니 사이드 업 오 드 퍼퓸,줄리엣 헤즈 어 건,195000.0,https://cf.bysuco.net/9307afdc69e8595b471649a3fffe316f.jpg?w=600,"바닐라앱솔루트, 아미리스, 자스민","샌달우드, 코코넛밀크, 오리스루트, 자스민","이소이수퍼, 암브레트","우디, 코코넛, 바닐라",기분 좋은 우디 향과 크리미 향을 더한 샌달우드 향으로 행복을 느낄 수 있습니다.
1975970,https://www.bysuco.com/product/show/1975970,떼 누아 29 오 드 퍼퓸 리퀴드 밤,르 라보,139000.0,https://cf.bysuco.net/ca07313ec0308602285cd8106fa49ae1.jpg?w=600,"무화과, 월계수 잎, 베르가못","시더, 베티버, 머스크","토바코, 건초","우디, 프레쉬 스파이시, 스위트",글래스 보틀로 이루어진 롤-온 타입의 제품으로 언제 어디서나 간편하게 르 라보의 향수를 즐겨보세요.
694110,https://www.bysuco.com/product/show/694110,르옴므 프라다 로 오 드 뚜왈렛,프라다,195000.0,https://cf.bysuco.net/ea684b1fb4c963c4da307e65e90dc6ef.jpg?w=600,"네롤리, 진저","아이리스, 앰버","파우더리 노트, 샌달우드, 시더","파우더리, 아이리스, 우디",신선한 그린 노트가 샌달우드 베이스에 거부할 수 없는 감각적인 대비를 만들어낸 향수
342047,https://www.bysuco.com/product/show/342047,드리스 반 노튼 오 드 퍼퓸,프레데릭 말,184000.0,https://cf.bysuco.net/dacb9efff64aaf47856970a64b9133e3.jpg?w=600,"샌달우드, 바닐라, 사프란, 넛맥, 통카빈, 패츌리, 과이액목, 머스크, 우디노트, 자스민, 베르가못, 레몬",,,"우디, 웜 스파이시, 바닐라",세련된 샌달우드와 바닐라의 조합이 선사하는 고급스러운 향
225439,https://www.bysuco.com/product/show/225439,더 셀러스 디스커버리 세트,킬리안,359000.0,https://cf.bysuco.net/088685eb084662a821428ae050e1ce90.jpg?w=600,"아니스, 베르가못","허니, 바닐라",패출리,"허니, 스위트, 아니스",클림트의 그림 골드 나이트에서 영감 받은 달콤한 향
225435,https://www.bysuco.com/product/show/225435,머스크 우드 오 드 퍼퓸 리필,킬리안,490000.0,https://cf.bysuco.net/246b371877e8cdb3d87e7b021bb5ca6a.jpg?w=600,"레몬, 카다멈, 코리앤더","불가리안 로즈, 제라늄, 사이프러스, 아르테미지아","아가우드, 머스크, 럼, 인센스, 패출리","아로마틱, 로즈, 오우드",따뜻한 스파이시가 만들어내는 독특하고 매혹적인 향
225404,https://www.bysuco.com/product/show/225404,우먼 인 골드 오 드 퍼퓸 코프레,킬리안,595000.0,https://cf.bysuco.net/679f69cdc7db4e6bfe655499f4aa4f63.jpg?w=600,"베르가못, 만다린 오렌지, 알데하이드","바닐라 앰솔루트, 로즈, 제라늄, 프리지아","바닐라, 아키갈라우드, 통카 빈, 페출리","바닐라, 시트러스, 로즈",강렬한 반짝거림을 표현한 밝은 향
224880,https://www.bysuco.com/product/show/224880,선데이즈드 오 드 퍼퓸,바이레도,280000.0,https://cf.bysuco.net/c240c776869f21b6b92ddafa5163d704.jpg?w=600,"레몬, 만다린","네롤리, 자스민 삼박",머스크,"시트러스, 스위트, 화이트 플로랄","오래된 책들의 세계, 어두운 나무 선반 위에 놓여진 가죽 장정의 향기"
97066,https://www.bysuco.com/product/show/97066,젠틀맨 오 드 퍼퓸 리저브 프리베,지방시,158000.0,https://cf.bysuco.net/d335e9ca234a4f455d30651957dd52f6.jpg?w=600,베르가못,"아이리스, 밤","위스키, 우디 노트, 앰버","우디, 아이리스, 위스키",시대를 초월한 우아함과 세련미의 궁극을 구현한 향수
33474,https://www.bysuco.com/product/show/33474,레 제퓌르 드 퍼퓸 퓨어 매그놀리아 오 드 뚜왈렛,까르띠에,365000.0,https://cf.bysuco.net/50082e51b9d24bfd5ed6fc44bead3e56.jpg?w=600,"매그놀리아, 시트러스",,,"시트러스, 플로랄, 프레쉬",만개한 목련 나무 아래를 스치는 찰나의 향
33444,https://www.bysuco.com/product/show/33444,파샤 드 까르띠에 퍼퓸,까르띠에,136000.0,https://cf.bysuco.net/8d0927d7a79ad53f4039fff0a71e37ea.jpg?w=600,"샌달우드, 리퀴르, 발삼 필, 벤조인, 암브로시니드, 통카빈, 랍다넘, 패출리 리프",,,"우디, 앰버, 웜 스파이스",휘몰아치는 푸제르가 발산하는 우아함
32862,https://www.bysuco.com/product/show/32862,르 쉐브르페이유 오 드 뚜왈렛,구딸,210000.0,https://cf.bysuco.net/f7d37ae61bedca0bf541c42961e67a82.jpg?w=600,"시트론, 허니써클, 그린 노트, 페티그레인, 자스민, 나르시소스",,,"화이트 플로랄, 플럼, 그린",싱그러운 허니써클과 달콤한 바람같은 향
32615,https://www.bysuco.com/product/show/32615,실버 머스크 엑스뜨레 드 퍼퓸,나소마토,247000.0,https://cf.bysuco.net/1116412747104ef9b554e7b33b7e3540.jpg?w=600,머스크,,,"머스크, 파우더리",하얀 눈의 결정체가 손바닥 위에서 녹아드는 듯 극도로 투명한 목화 꽃의 깨끗함
23353,https://www.bysuco.com/product/show/23353,리차지 블랙 페퍼 오 드 퍼퓸,몰튼 브라운,240000.0,https://cf.bysuco.net/d46e1716c014e6c34429741b782fd494.jpg?w=600,"라벤더, 베르가못, 카다멈, 코리안더","블랙 페퍼, 핑크 페퍼, 피멘토, 앰버","오크모스, 레더, 시더, 베티버","아로마틱, 프레쉬 스파이시, 웜 스파이시",몰튼 브라운의 독보적 아이콘
23266,https://www.bysuco.com/product/show/23266,인레 오 드 퍼퓸,메모,200000.0,https://cf.bysuco.net/5d7fe9ec512369cc8d187e6baa9c9211_cvt.webp?w=600,"베르가못, 민트, 아르테미시아","오스만투스, 메이트, 자스민, 스파이시","아이리스, 머스크, 시더","플로랄, 아로마틱, 프루티",호수 위 아름답게 걸친 구름의 향
22901,https://www.bysuco.com/product/show/22901,라 샤스 오 파피용 엑스트렘 오 드 퍼퓸,라티잔 퍼퓨머,291000.0,https://cf.bysuco.net/5062fd7b52a8c2673b512ecc4483c824.jpg?w=600,"핑크 페퍼, 시트러스, 샤프론, 아프리콧","라임 블라썸, 튜베로즈, 자스민, 오렌지 블라썸","허니, 일랑일랑","화이트 플라워, 스위트, 옐로우 플라워",나비의 날개 짓을 닮은 향
21901,https://www.bysuco.com/product/show/21901,허 포 우먼 오 드 뚜왈렛,버버리,137000.0,https://cf.bysuco.net/869ce2a2967f64685d3bde9aff9f6a1b.jpg?w=600,"배, 스트로베리, 블랙커런트, 핑크페퍼","피오니, 릴리 오브 더 밸리, 로즈, 허니써클","머스크, 시더","프루티, 스위트",은은한 달콤함이 선사하는 한없이 밝은 소녀가 떠오르는 향
3408609,https://www.bysuco.com/product/show/3408609,브아 디베 오 드 퍼퓸,엑스 니힐로,350000.0,https://cf.bysuco.net/e215663690e8015db52f94ad8b14a1f9.jpg?w=600,"베르가못, 진저, 만다린, 페어","오렌지 블라썸, 조지우드™","아키갈라우드™, 머스크, 앰브로픽스M","시트러스, 프루티, 스위트","섬세하고 신선한 페어가 추상적인 머스크, 앰버 노트를 만나 부드러워지며 베르가못의 은은한 프레시함으로 끊임없는 영적 에너지를 표현합니다."
3408480,https://www.bysuco.com/product/show/3408480,바카라 루쥬 540 오 드 퍼퓸,메종 프란시스 커정,99000.0,https://cf.bysuco.net/a5b388c095516d736951194ba5f833be.jpg?w=600,"샤프론, 자스민","앰버우드, 앰버그리스","퍼 레진, 시더","우디, 앰버, 웜 스파이시",프란시스 커정이 선사하는 매혹적인 감각의 연금술
3408476,https://www.bysuco.com/product/show/3408476,우드 사틴 무드 엑스트레 드 퍼퓸 세트,메종 프란시스 커정,211000.0,https://cf.bysuco.net/0b67adb1c6d97e1726ea2eecd75b9786.jpg?w=600,"다마스크 로즈, 터키쉬 로즈 오일, 아가우드, 바닐라, 바이올렛, 앰버, 시나몬, 제라늄",,,"로즈, 오우드, 파우더리",새틴처럼 다듬어진 고농축의 오우드의 향
3408168,https://www.bysuco.com/product/show/3408168,블랙 오키드 리저브 퍼퓸,톰 포드,300000.0,https://cf.bysuco.net/dfca40e2d949f33b86c521c87c826fcf.jpg?w=600,,,,,
3407936,https://www.bysuco.com/product/show/3407936,블루 드 샤넬 렉스클루시프 빠르펭,샤넬,262000.0,https://cf.bysuco.net/36ca0fb9de68d877476cc0ff3eb3464b.jpg?w=600,,,,"우디, 앰버, 파우더리","먼저 샌달우드가 그윽한 깊이와 강렬함을 더해줍니다. 그 뒤로 시스터스 랍다넘의 레더와 레진 노트가 이어지며 신비롭고도 매혹적인 향을 선사합니다. 마지막으로 우디 앰버 노트가 블루 드 샤넬 렉스클루시프에 선명한 대비 효과와 생동감을 불어넣어 줍니다. 장엄한 향기는 피부에 이끌리듯 다가가 오래도록 기억에 남을 강렬한 잔향을 채워 줍니다.
샤넬 조향사 올리비에 뽈쥬가 탄생시킨 강렬한 아로마틱 우디 앰버 향"
3407400,https://www.bysuco.com/product/show/3407400,오데썽 오 드 뚜왈렛,딥티크,50000.0,https://cf.bysuco.net/035e0e56fe71d90f92a3ff372cc34f21.jpg?w=600,"오렌지 블라썸, 비터 오렌지",주니퍼 베리,"안젤리카, 페출리","시트러스, 플로랄, 우디",감각의 물 또는 에센스의 물로 해석되는 향
3407088,https://www.bysuco.com/product/show/3407088,솔로 엘라 오 드 뚜왈렛,로에베,72000.0,https://cf.bysuco.net/e62c5501dee6fa4b0542be32a70f8189.jpg?w=600,"피타야, 패션프루트","캔디 코튼, 핑크 피오니","앰버, 바닐라, 프랄린, 샌달우드","스위트, 트로피칼, 프루티","따뜻하고 조화로운 무드를 지닌 로에베 솔로 엘라 EDT는 패션프루트(백향과)와 피타야(드래곤프루트)의 이국적인 과일 향을
섬세하면서도 변함없이 오래 지속되는 조화 속에 담아냈습니다."
3406340,https://www.bysuco.com/product/show/3406340,루즈 스모킹 엑스트레 엑스트레 드 퍼퓸,비디케이,452000.0,https://cf.bysuco.net/0b7007f140787197ee04fd136fea9b57.jpg?w=600,"체리, 아몬드, 핑크 페퍼, 레드 만다린, 베르가","페루 발사믹, 밀크, 통카 빈, 스페인 라다넘","오우드, 럼, 암브록산, 패촐리, 바닐라 앱솔루트, 앰버, 벤조인, 샴","엠버, 스위트, 체리",파리의 몽마르뜨가 떠오르는 생동감이 넘치는 향
3405861,https://www.bysuco.com/product/show/3405861,아쿠아 셀레스티아 포르떼 오 드 퍼퓸,메종 프란시스 커정,220000.0,https://cf.bysuco.net/190f06b8971708ba338e0dd1bd9e69db.webp?w=600,"라임, 페티그레인, 레몬, 민트","블랙 커런트 블라썸, 자스민, 헤디온, 미모사, 릴리오브더밸리",머스크,"시트러스, 그린, 아로마틱",마치 천상에 있는 듯한 가벼운 머스크 향
2200766,https://www.bysuco.com/product/show/2200766,아토믹 로즈 오 드 퍼퓸,이니시오 퍼퓸,575000.0,https://cf.bysuco.net/8dd1a09c5e2116ab96e7cc4588e1f31b.jpg?w=600,"핑크 페퍼, 베르가못","불가리아 로즈, 터키 로즈, 이집트 자스민","마다가스카 바닐라, 앰버","로즈, 바닐라, 소프트 스파이시",바닐라 배경에 장미의 후각적 폭발
693977,https://www.bysuco.com/product/show/693977,오 드 세드르 오 드 뚜왈렛,조르지오 아르마니,219000.0,https://cf.bysuco.net/3d42f0598b643e2cb7458b42e18fd0aa.jpg?w=600,"세이지, 베르가못, 레몬","바이올렛 리프, 카다멈, 큐민","블랙 티, 시더 에센스, 스웨이드, 우디 노트","우디, 아로마틱, 그린",현대 신사를 위한 향수로 우디-스파이시-레더리 향으로 분별력 있는 신사의 세련된 스타일을 포착합니다.
225406,https://www.bysuco.com/product/show/225406,롤링 인 러브 오 드 퍼퓸 트래블 세트,킬리안,350000.0,https://cf.bysuco.net/33e4190072172a3c70c2937f972c1903.jpg?w=600,"아몬드 밀크, 암브레트","아이리스, 프리지아","튜베로즈, 바닐라, 통카 빈, 머스크","아몬드, 바닐라, 플로랄",사랑이 너무 커서 괴로움을 느낄 정도의 폭발적인 감정을 보여주는 머스크 향
225395,https://www.bysuco.com/product/show/225395,굿걸 곤 배드 오 드 퍼퓸 리필,킬리안,350000.0,https://cf.bysuco.net/f0846b93666a9adfca0e543f36026755.jpg?w=600,"오스만투스, 자스민, 로즈","튜베로즈, 나르시소스","앰버, 시더","플로랄, 화이트 플로랄, 프루티",바람에 흩날리는 꽃의 향이 순수하지만 동시에 유혹적인 바이브를 전달하는 관능적인 향
225086,https://www.bysuco.com/product/show/225086,조이 바이 디올 오 드 퍼퓸,디올,212000.0,https://cf.bysuco.net/afea73f37d7b74829d50043cf9858722.jpg?w=600,"베르가못, 만다린 오렌지","자스민, 그라스 로즈, 피치, 카시스","화이트 머스크, 샌달우드, 시더, 패출리, 벤조인","시트러스, 우디, 파우더리",풍부한 과즙과 생기 넘치는 탐 노트 뒤로 플라워와 머스크의 하트 노트가 부드러운 손길처럼 감싸안듯 다가오는 향
140882,https://www.bysuco.com/product/show/140882,끌로에 오 드 퍼퓸 리필,끌로에,219000.0,https://cf.bysuco.net/e2f0b8d38eeb57bfa01d5536e48c0349.jpg?w=600,"피오니, 리치, 프리지아","로즈, 릴리오브더밸리, 매그놀리아","버지니아 시더, 앰버","플로랄, 로즈, 프레쉬",숭고하며 기품있는 장미의 향
97206,https://www.bysuco.com/product/show/97206,쁘띠 에 마망 오 드 뚜왈렛,불가리,120000.0,https://cf.bysuco.net/529fec4830b696fc0b97d8f74863cff4.jpg?w=600,"베르가못, 시칠리안 오렌지, 브라질리안 로즈우드","카모마일티, 해바라기, 와일드 로즈, 쁘띠 그레인","화이트 피치, 릴리, 아이리스, 파우더리 어코드, 바닐라","파우더리, 허벌, 플로랄",플로럴 계열의 섬세하고 파우더리한 향의 오드 뚜왈렛
97127,https://www.bysuco.com/product/show/97127,깔레쉬 오 드 뚜왈렛,에르메스,171000.0,https://cf.bysuco.net/6542d240f66a01e7efdbaa3adf223c54.jpg?w=600,"알데하이드, 사이프러스, 베르가못, 네롤리, 오렌지 블라썸, 레몬, 만다린 오렌지","아이리스, 일랑일랑, 장미, 가데니아, 자스민, 릴리오브더밸리","오크모스, 샌달우드, 베티버, 시더, 머스크, 앰버, 통가빈","우디, 화이트 플로랄, 시트러스",따듯하고 감각적인 향
23352,https://www.bysuco.com/product/show/23352,코스탈 사이프러스 앤 씨 펜넬 오 드 퍼퓸,몰튼 브라운,240000.0,https://cf.bysuco.net/924fad9ad1fa43af35ba3e7c578f0c1f.jpg?w=600,"카다멈, 베르가못, 무화과 잎, 진저","시프레, 시 노트, 올리바넘, 자스민","레더, 베티버, 시더, 머스크","아로마틱, 우디, 웜 스파이시",절벽에 부딪히는 파도를 연상시키는 향
22900,https://www.bysuco.com/product/show/22900,라 샤스 오 파피용 오 드 뚜왈렛,라티잔 퍼퓨머,241000.0,https://cf.bysuco.net/21dcacda8a41678ddbbf91f97a0cc345.jpg?w=600,"튜베로즈, 라임 블라썸, 자스민, 오렌지 블라썸, 화이트 플라워",,,"화이트 플라워, 튜베로즈, 옐로우 플라워",나비의 날개 짓을 닮은 향
22899,https://www.bysuco.com/product/show/22899,뮤르 에 머스크 엑스트렘 오 드 퍼퓸,라티잔 퍼퓨머,291000.0,https://cf.bysuco.net/25f7c0f0b23f96c8d77d689c3acdb3fc.jpg?w=600,"블랙베리, 머스크, 레드 베리, 베르가못",,,"프루티, 머스크, 스위트",달콤함으로 시작하는 제 2의 피부의 향.
21709,https://www.bysuco.com/product/show/21709,매그놀리아 노빌레 오 드 퍼퓸,아쿠아 디 파르마,130000.0,https://cf.bysuco.net/7c86c4574accc20696cba45ed018817c.jpg?w=600,"시트론, 레몬, 베르가못","매그놀리아, 자스민, 튜베로즈, 로즈","베티버, 샌달우드, 바닐라, 패츌리","화이트 플로랄, 시트러스",화려한 화이트 플로랄 부케향으로 우아하면서 신비하고 세련된 이미지 연출
10320,https://www.bysuco.com/product/show/10320,조 바이 조 러브스 오 드 뚜왈렛,조 러브스,169000.0,https://cf.bysuco.net/47f5364ff175b143ea7201ffb54c0923.jpg?w=600,"그레이프 프룻, 라임, 비터 오렌지, 블랙 페퍼, 민트, 베티버, 과이액 나무, 시더, 헤디온",,,"시트러스, 프레쉬 스파이시, 아로마틱",조말론의 시그니처이자 영감의 향
10318,https://www.bysuco.com/product/show/10318,포멜로 오 드 뚜왈렛,조 러브스,169000.0,https://cf.bysuco.net/23817122f588183a253a8e49e63add3b.jpg?w=600,"포멜로, 로즈","베티버, 클로브","페출리, 스웨이드","시트러스, 우디, 아로마틱",여름휴가의 기억을 담은 향
9799,https://www.bysuco.com/product/show/9799,일하 도 멜 오 드 퍼퓸,메모,390000.0,https://cf.bysuco.net/53e2c4ecdb78a1d5dda65018da948ee8_cvt.webp?w=600,"히아신스, 만다린 오렌지, 주니퍼","허니, 자스민, 오렌지 블라썸, 아이리스",바닐라,"화이트 플로랄, 플로랄, 허니",브라질의 아름다운 동굴 섬을 느낄 수 있는 향
9388,https://www.bysuco.com/product/show/9388,로사 노벨라 오 드 코롱,산타 마리아 노벨라,145000.0,https://cf.bysuco.net/c00a1cff53769a432feaa4e781f71604.jpg?w=600,"페티그레인, 레몬","5월의 장미, 자스민, 가데니아","페출리, 머스크, 시더, 샌달우드","우디, 페출리, 머스크",피렌체 산타 마리아 노벨라 정원에 퍼지는 5월의 향기를 표현한 향
3408600,https://www.bysuco.com/product/show/3408600,그리 샤르넬 오 드 퍼퓸,비디케이,89000.0,https://cf.bysuco.net/2e2dee03bd0749b7c660ceab4fa621af.jpg?w=600,"카다멈, 블랙 티, 피그","아이리스, 부르봉 베티버","샌달우드, 통카 빈","우디, 웜 스파이시, 아로마틱",파리지앵의 도시적 감수성을 담은 향
3407397,https://www.bysuco.com/product/show/3407397,탐다오 오 드 뚜왈렛,딥티크,50000.0,https://cf.bysuco.net/093e8418eeba1d97ad5865f669880eac.jpg?w=600,"이탈리안 사이프러스, 머틀, 로즈","샌달우드, 시더","브라질리안 로즈우드, 스파이스, 앰버, 화이트 머스크","우디, 아로마틱, 파우더리","사원과 숲, 그리고 통킨 지역의 높은 곳에 있는 안개를 연상케 하는 향"
3407125,https://www.bysuco.com/product/show/3407125,154 오 드 코롱,조 말론,239000.0,https://cf.bysuco.net/c73c4be050caa8daecc4246df38ce783.jpg?w=600,만다린,잉글리쉬 라벤더,베티버,"프레쉬, 플로랄, 우디","만다린, 그레이프 프루트, 라벤더, 바질, 너트맥, 베티버와 같은 브랜드의 대표적인 성분들을 함유하고 있어, 다양한 느낌을 연출할 수 있는 향수입니다."
3406293,https://www.bysuco.com/product/show/3406293,아이레 오 드 뚜왈렛,로에베,72000.0,https://cf.bysuco.net/041b2292f460097799d33192e8eae5f3.webp?w=600,"알데히드, 그린 노트, 갈바눔, 마리골드, 시트러스, 바질, 베르가못, 페티그레인, 네롤리, 레몬, 자스민, 일랑일랑, 텐저린, 만다린 오렌지, 피치","릴리 오브 더 벨리, 아이리스, 자스민, 카네이션, 오리스 루트, 로즈, 시클라멘, 인센스, 앰버","오크모스, 배티버, 샌달우드, 머스크, 시더, 바닐라","그린, 시트러스, 아로마틱",꽃이 만발한 나무로 가득한 초록빛 풍경 속을 걷는 듯한 느낌을 전하는 향
3406133,https://www.bysuco.com/product/show/3406133,피스타치오 오 드 퍼퓸,디에스 앤 더가,95000.0,https://cf.bysuco.net/7a8746ac6a68ca2174e464ebfbd8dfab.webp?w=600,"피스타치오, 카다멈","많은 피스타치오, 구운 아몬드","훨씬 더 많은 피스타치오, 파출리, 바닐라 크림","우디, 너티, 원 스파이","디에스앤더가 최초의 구어망드(Gourmand) 향수입니다.
이 향수는 별다른 스토리가 필요 없이 피스타치오가 주는 재미, 특히 피스타치오 디저트 맛을 떠오르게 합니다.
처음에는 가볍게 느껴질 수 있지만, 곧 풍부함으로 가득 채워지는 맛있는 향기로 피스타치오의 고소함, 카다멈의 스파이시함, 그리고 바닐라의 부드러움이 조화를 이룹니다."
3405276,https://www.bysuco.com/product/show/3405276,음 오 드 퍼퓸,줄리엣 헤즈 어 건,169000.0,https://cf.bysuco.net/b2a411706796d8466a7eeee116ddda29.jpg?w=600,"라즈베리, 제라늄, 네롤리","튜베로즈, 아이리스, 자스민삼박, 오렌지블라썸","바닐라, 캬라멜, 샌달우드, 화이트머슼, 패춀리, 헬리오트로프","파우더리, 스위트, 바닐라",바닐라와 네롤리의 감미로운을 느낄 수 있는 달콤한 향입니다.
3405267,https://www.bysuco.com/product/show/3405267,에고 스트라티스 오 드 퍼퓸,줄리엣 헤즈 어 건,169000.0,https://cf.bysuco.net/b71d4869d38d4c753b82d1a7fc391847.jpg?w=600,"베르가못, 레몬, 만다린오렌지","씨노트, 블루베리, 네롤리, 피치","암브록산, 머스크, 시더","시트러스, 아로마틱, 마린",시트러스 계열의 유니섹스 향수입니다.
3405264,https://www.bysuco.com/product/show/3405264,오드 투 덜니스 오 드 퍼퓸,줄리엣 헤즈 어 건,59000.0,https://cf.bysuco.net/6ff45703c74c3c0a5a8c4b563cc78646.jpg?w=600,"캐시미어우드, 샌달우드, 스타아니스, 통카빈",,,"우디, 아니스, 소프트 스파이시",비오는 날 이불 속 포근하고 깨끗한 느낌을 가진 향수입니다.
1908019,https://www.bysuco.com/product/show/1908019,B-612 엑스트레 드 퍼퓸,니샤네,330000.0,https://cf.bysuco.net/0e393a0c8b257a4caad86c00428df710.webp?w=600,"라벤더, 제라늄, 사이프러스","케시미어 우드, 시더우드, 샌달우드, 패츌리","머스크, 오크모스, 통카","우디, 아로마틱, 파우더리",평온한 분위기의 아로마틱한 향.
693950,https://www.bysuco.com/product/show/693950,오션 디 지오이아 오 드 퍼퓸,조르지오 아르마니,122000.0,https://cf.bysuco.net/61bd61b3ee135dcdc5d0059eceaadc78.jpg?w=600,"배, 그린 노트, 시트러스","워터 자스민, 솔트, 은방울꽃, 로즈","머스크, 샌달우드","화이트 플로랄, 프레쉬, 그린",바다의 활기차고 즐거운 본성에 경의를 표하는 수정처럼 맑은 꽃 향수
358072,https://www.bysuco.com/product/show/358072,꼴론 앙델레빌 오 드 퍼퓸,프레데릭 말,88000.0,https://cf.bysuco.net/4f4d3f3d6c42677ce90034c314fd9b1b.jpg?w=600,"베르가못, 레몬","네롤리, 오렌지블라썸, 나르시소스",머스크,"시트러스, 화이트 플로랄, 머스크","오래도록 사라지지 않는 콜롱의 아이러니, 놀라울 만큼 상쾌한 신비로운 머스크 향"
356065,https://www.bysuco.com/product/show/356065,뮤직 포 어 와일 오 드 퍼퓸,프레데릭 말,88000.0,https://cf.bysuco.net/1edbaa249a0011b9ff3cf8e2d00f1162.jpg?w=600,"라벤더, 프루티 노트, 아니스, 만다린 오렌지, 베르가못","파인애플, 제라늄","패출리, 카라멜, 슈가, 마닐라, 랍다넘","스위트, 프루티, 라벤더",바닐라 섞인 라벤더의 향기가 예상하지 못한 파인애플 노트로 변화하는 우아하고 유혹적인 향
225420,https://www.bysuco.com/product/show/225420,불레이 부쿠셔 아베끄 모아 오 드 퍼퓸 코프레,킬리안,595000.0,https://cf.bysuco.net/20e37cbf25c5ae7ac4278bfee9fdf6e4.jpg?w=600,"일랑일랑, 튜베로즈, 가데니아, 바닐라, 불가리안 로즈, 샌달우드, 시더",,,"화이트 플로랄, 우디, 옐로우 플로랄","화사한 가데니아의 헤드스페이스, 일랑일랑, 감질나는 튜베로즈가 어우러진 정의하기 어려운 우아한 향"
225109,https://www.bysuco.com/product/show/225109,돌체비타 오 드 뚜왈렛,디올,235000.0,https://cf.bysuco.net/57109cae40b560ce68be0b88c72a0add.jpg?w=600,"복숭아, 카다멈, 릴리, 자몽, 베르가못, 로즈","시나몬, 애프리콧, 브라질리안 로즈 우드, 릴리, 헬리오트로프, 매그놀리아","바닐라, 샌달우드, 시더, 코코넛","웜 스파이시, 우디, 파우더리",과일과 플로랄 향이 매혹적이고 여성스러운 향
224898,https://www.bysuco.com/product/show/224898,넘버5 퍼퓸,샤넬,226000.0,https://cf.bysuco.net/9a2ec6ffffa32fa0022fac1f72b4d9ab.jpg?w=600,"알데하이드, 일랑일랑, 네롤리, 베르가못, 레몬","아이리스, 자스민, 로즈, 이리스 뿌리","시벳, 머스크, 샌달우드, 앰버, 모스, 바닐라, 베티버, 패츌리","파우더리, 우디, 알데하이드","N°5, 여성미의 정수, 시간을 초월한 유서 깊은 알데하이드 플로랄 부케와 최고급 원료에서 탄생한 진귀하고 특별한 향수"
141191,https://www.bysuco.com/product/show/141191,무슈 오 드 퍼퓸,프레데릭 말,98000.0,https://cf.bysuco.net/9ca3cbe7c65dfce06af1041b4f928651.jpg?w=600,"럼, 텐저린","패출리, 인센스, 시더, 앰버","머스크, 바닐라","우디, 패출리, 앰버",남자의 동물적인 감각을 일깨우는 강렬한 패츌리 향
97142,https://www.bysuco.com/product/show/97142,쉐르귀 오 드 퍼퓸,세르주 루텐,205000.0,https://cf.bysuco.net/84ceccf70610fe9115de95bb5f532aac.jpg?w=600,"타바코 잎, 허니, 앰버, 건초, 인센스, 샌달우드, 아이리스, 머스크, 로즈",,,"앰버, 스위트, 타바코",컬렉션 느와르의 자극적이고 거부할 수 없는 따뜻한 향
33488,https://www.bysuco.com/product/show/33488,수 르 퐁 미라보 오 드 퍼퓸,에따 리브르 도량쥬,150000.0,https://cf.bysuco.net/97f718ff0c2dc045aa929982a1193b0d.jpg?w=600,"피그 리프, 베르가못, 핑크페퍼, 엘레미","씨 노트, 오조닉 노트, 바이올렛, 올리바늄","샌달우드, 머스크, 시더, 올카녹스, 바닐라","우디, 아로마틱, 마린",밝고 흥미로움이 신선하고 반짝이는 향기
32788,https://www.bysuco.com/product/show/32788,앰버 임페리얼 오 드 퍼퓸,반클리프 아펠,235000.0,https://cf.bysuco.net/8445941e1a7064a7cef7e3032698c29f.jpg?w=600,"핑크페퍼, 베르가못","앰버, 통카빈, 바닐라, 벤조인",우디노트,"앰버, 바닐라, 스위트",앰버가 선사하는 달콤하고 매혹적인 관능미
24701,https://www.bysuco.com/product/show/24701,빅시 오 드 퍼퓸,트루동,360000.0,https://cf.bysuco.net/d4526deb5663613c6c739ac8a1844da3.jpg?w=600,"시트러스 리프, 카더멈","무화과, 자스민, 클라리 세이지","머스크, 샌달","아로마틱, 머스크, 화이트 플로랄",삶에 대한 빛나는 찬가
23279,https://www.bysuco.com/product/show/23279,마두라이 오 드 퍼퓸,메모,200000.0,https://cf.bysuco.net/263b7104b3d0c0a325c626d49a2ebd6b.jpg?w=600,"자스민 삼박, 인디안 자스민, 이집트 자스민, 피치, 마리골드, 호주 샌달우드, 클라리 세이지, 터메릭, 인디안 튜베로즈, 스웨이드, 시칠리안 베르가못",,,"화이트 플로랄, 아로마틱, 웜 스파이시",인도의 활기찬 시장을 거닐다
21965,https://www.bysuco.com/product/show/21965,블랙 타이 오 드 퍼퓸,셀린느,370000.0,https://cf.bysuco.net/727849fe21fd55ce6f9a1799b6551da3.jpg?w=600,"바닐라, 오리스, 시더, 머스크, 모스",,,"파우더리, 바닐라, 아이리스",달콤함과 부드러움이 조화롭게 연출되어 메일러드 실루엣을 보연주는 향
21899,https://www.bysuco.com/product/show/21899,마이 버버리 블랙 오 드 퍼퓸,버버리,164000.0,https://cf.bysuco.net/1d8416896c51e55ef15c8066f1d49c05.jpg?w=600,자스민,"피치, 로즈","앰버, 패츌리","앰버, 로즈",고급진 복숭아향과 플로랄이 어우러져 선사하는 매혹적인 섹슈얼함
20811,https://www.bysuco.com/product/show/20811,오 드 메르베이 오 드 뚜왈렛,에르메스,60000.0,https://cf.bysuco.net/94549e6dec601c314d0bd4b833b2068d_cvt.webp?w=600,"오렌지, 엘레미 레진, 레몬","앰버, 페퍼, 핑크 페퍼, 바이올렛","시더, 마다가스카르 베티버, 오크모스, 벤조인","우디, 앰버",오묘한 조화가 선사하는 고급스러움
10239,https://www.bysuco.com/product/show/10239,이리스 뿌드르 오 드 퍼퓸,프레데릭 말,298000.0,https://cf.bysuco.net/022d573433531006cb8153c53445d439.jpg?w=600,"일랑일랑, 카네이션, 브라질리안 로즈우드, 베르가못, 오렌지","알데하이드, 바이올렛, 릴리, 로즈, 자스민, 매그놀리아","아이리스, 머스크, 샌달우드, 베티버, 바닐라, 앰버, 에보니 트리","파우더리, 우디, 아이리스",파우더리한 아이리스가 뿜어내는 고혹적이고 풍부한 여인의 살 냄새
9293,https://www.bysuco.com/product/show/9293,유자 오 드 퍼퓸,아쿠아 디 파르마,195000.0,https://cf.bysuco.net/471018bc663da71e045b29769890d163.jpg?w=600,"유자, 베르가못, 쓰촨페퍼","로투스, 미모사, 바이올렛 리프, 자스민","샌달우드, 머스크, 감초","시트러스, 플로랄",유자와 감귤의 조화로 활발하면서 자여스러운 이미지 연출
3408167,https://www.bysuco.com/product/show/3408167,화이트 스웨이드 오 드 퍼퓸,톰 포드,105000.0,https://cf.bysuco.net/aa042a2e3a4e7552ba4c4cd37b75ebc8.jpg?w=600,"타임, 티","릴리오브더밸리, 샤프론, 로즈","스웨이드, 머스크, 샌달우드, 올리바넘, 앰버","머스크, 파우더리, 레더",가죽의 향이 섞인 머스크가 표현하는 제 2의 피부의 향
3406336,https://www.bysuco.com/product/show/3406336,부케 드 옹그리 오 드 퍼퓸,비디케이,339000.0,https://cf.bysuco.net/54dfe87268c25219996911368b5113da.jpg?w=600,"페어, 스트로베리, 카시스","터키쉬 로즈, 자스민 삼박, 로레녹스","머스크, 시더, 앰버","프루티, 스위트, 로즈",팔레 로얄 중정에 퍼진 봄의 청취를 담은 향
3406295,https://www.bysuco.com/product/show/3406295,에센시아 오 드 퍼퓸,로에베,75000.0,https://cf.bysuco.net/0b1ff115e62154af31b3942b7410cf69.jpg?w=600,"모씨, 라벤더, 샌달우드, 베티",,,"우디, 얼디, 모씨","바질, 타라곤이 어우러져 독특하고 강렬한 향"
2133530,https://www.bysuco.com/product/show/2133530,튜베로즈 인디아나 오 드 퍼퓸,크리드,530000.0,https://cf.bysuco.net/23e0f83bd4da1b6c5a5e6ade489ad75e.jpg?w=600,베르가못,인디안 튜베로즈,"용연향, 바닐라","튜베로즈, 앰버, 화이트 플로랄",풍부한 꽃향과 몽환적인 여름 향
694153,https://www.bysuco.com/product/show/694153,오피움 뿌르 옴므 오 드 뚜왈렛,입생로랑,204000.0,https://cf.bysuco.net/0c4d2812030201e8929d1561ecd28d36.jpg?w=600,"블랙 커런트, 스타 아니스","페퍼, 갈랑가","부본 바닐라, 톨루 발삼, 아틀라스 시더","소프트 스파이시, 파우더리, 프루티",도발적이고 신비로운 향
694109,https://www.bysuco.com/product/show/694109,르옴므 프라다 오 드 뚜왈렛,프라다,145000.0,https://cf.bysuco.net/9ceff0aa5102543a9744028e083c0f8c.jpg?w=600,"네롤리, 블랙 페퍼, 카다멈, 캐럿 씨드","아이리스, 바이올렛, 제라늄, 메이트","앰버, 시더, 샌달우드, 패출리","파우더리, 아이리스, 바이올렛",현대적인 액센트와 클래식한 재료를 혼합한 향수
225080,https://www.bysuco.com/product/show/225080,플러리시모 오 드 퍼퓸,크리드,530000.0,https://cf.bysuco.net/a15e80efe76e10953595139cc1b04111.jpg?w=600,"베르가못, 바이올렛, 만다린 오렌지","튜베로즈, 로즈, 자스민, 일랑일랑, 네롤리","시더, 오리스, 샌달우","튜베로즈, 화이트 플로럴, 시트러스",웨딩 부케를 연상시키며 낭만적이고 우아한 분위기를 내뿜는 향
140901,https://www.bysuco.com/product/show/140901,아뜰리에 데 플뢰르 히솝 오 드 퍼퓸,끌로에,239000.0,https://cf.bysuco.net/47ee8d038575ae6968733793b3d504ea.jpg?w=600,"베르가못, 네롤리, 페티그레인","히솝, 바이올렛, 로즈 워터","라즈베리, 통카","시트러스, 아로마틱, 스위트",프레쉬하면서도 우아한 때묻지 않은 자연의 향.
97081,https://www.bysuco.com/product/show/97081,지방시 뿌르 옴므 블루 라벨 오 드 뚜왈렛,지방시,132000.0,https://cf.bysuco.net/edef27241307144684aa73f0fcc4c69a.jpg?w=600,"자몽, 베르가못","페퍼, 라벤더, 카다멈, 쑥","시더, 베티버, 올리바넘","프레쉬 스파이시, 시트러스, 아로마틱",상큼한 반항의 기운이 느껴지는 우아하고 세련된 향수
32624,https://www.bysuco.com/product/show/32624,바라온다 엑스뜨레 드 퍼퓸,나소마토,247000.0,https://cf.bysuco.net/2e5d2b31c9a3f3405377d675bd9fff87.jpg?w=600,"위스키, 우드 노트, 암브레트, 로즈, 암브록산, 머스크",,,"우디, 위스키, 머스크","나무 배럴과 머스크, 장미가 어우러져 몽글몽글한 달콤함과 우디함을 동시에 느끼게 해주는 향"
30316,https://www.bysuco.com/product/show/30316,릴리 오브 더 밸리 오 드 퍼퓸,아쿠아 디 파르마,415000.0,https://cf.bysuco.net/f3e4741d5d5d8a0302da6e48566126f8.jpg?w=600,"블랙커런트, 베르가못, 자몽","릴리 오브 더 밸리, 제라늄, 자스민, 매그놀리아","머스크, 시더","화이트 플로랄, 시트러스","은방울꽃과 시트러스의 조화로 화창한 자연의 향을 연상, 조용하지만 특별한 분위기를 발산하는 이미지 연출"
23780,https://www.bysuco.com/product/show/23780,포트레이트 하트리스 헬렌 오 드 퍼퓸,펜할리곤스,448000.0,https://cf.bysuco.net/dec04b5d8cfda0432bffeef3fc1342e4.jpg?w=600,만다린 오렌지,튜베로즈,우디 노트,"튜베로즈, 화이트 플로랄, 시트러스",평범하지 않은 부드러움
22902,https://www.bysuco.com/product/show/22902,프르미에 휘귀에 오 드 뚜왈렛,라티잔 퍼퓨머,241000.0,https://cf.bysuco.net/e51be981813e951769ac05b60af6cbd5.jpg?w=600,"무화과 잎, 아사푀티다","무화과, 샌달우드, 아몬드 밀크","코코넛, 샌달우드, 드라이 플라워, 라임","그린, 스위트, 프루티",무화과 향수의 시초
21870,https://www.bysuco.com/product/show/21870,오 트리쁠 포레 드 코미,불리1803,259000.0,https://cf.bysuco.net/ed99548707aa4e30cd7dc1b38e6697e9.jpg?w=600,,,,"그린, 우디",야생 이끼로 뒤덮인 우거진 겨울 소나무 숲의 깊은 청량감을 담은 향
3408601,https://www.bysuco.com/product/show/3408601,그리 샤르넬 엑스트레 엑스트레 드 퍼퓸,비디케이,89000.0,https://cf.bysuco.net/f921f07e45f7bec5b26c3a51b9139ead.jpg?w=600,"카다멈, 블랙 티, 피그","아이리스, 부르봉 베티버, 시스투스 인카누스","샌달우드, 통카 빈, 마다가스카르 바닐라, 시더, 인도네시안 패춀리 리프","우디, 웜 스파이시, 바닐라",파리지앵의 도시적 감수성을 담은 향
3407435,https://www.bysuco.com/product/show/3407435,키스 프롬 어 로즈 오 드 퍼퓸 리필,킬리안,580000.0,https://cf.bysuco.net/f67314ce4893dd6d868c18edb0571fe5.jpg?w=600,"그린 노트, 블랙커런트","메이로즈, 자스민",화이트 머스크,"그린, 로즈, 우디",향기로운 녹색 채소 계약으로 시작되는 '장미의 키스'는 빠르게 로즈와 자스민의 꽃송이로 피어납니다.
3407428,https://www.bysuco.com/product/show/3407428,보드카 온 더 락스 오 드 퍼퓸 리필,킬리안,580000.0,https://cf.bysuco.net/b0d61d69f8041aa2a07cd0cf8f225fa9.jpg?w=600,"코리안더, 알데하이드, 카다멈","루바브, 릴리오브더밸리, 핑크 로즈","암브록산, 오크 모스, 샌달우드","아로마틱, 앰버, 알데하이드",한여름밤 야외에서 얼음과 함께 담긴 보드카를 떠오르게 하는 향수
3407427,https://www.bysuco.com/product/show/3407427,문라이트 인 헤븐 오 드 퍼퓸 리필,킬리안,580000.0,https://cf.bysuco.net/9a1ac8094f8f0e03c1a154c3c49b6288.jpg?w=600,"자몽, 핑크페퍼, 레몬","망고, 코코넛, 쌀","베티버, 통카빈","스위트, 시트러스, 트로피칼",이국적인 매력과 자연스러움이 돋보이는 향
3407398,https://www.bysuco.com/product/show/3407398,필로시코스 오 드 뚜왈렛,딥티크,50000.0,https://cf.bysuco.net/9af036dfb4bf57f2526eecc4f08bb8bb.jpg?w=600,무화과,무화과 잎,무화과 나무,"그린, 우디, 프레쉬",신선하고 달콤한 무화과의 모든것을 느낄 수 있는 향
3407247,https://www.bysuco.com/product/show/3407247,가이악 이터널 오 드 퍼퓸,아틀리에 코롱,190000.0,https://cf.bysuco.net/6ccb346b9700751c7e47ee0597a16ef9.jpg?w=600,"가이악 우드, 파피루스, 베르가못",,,"우디, 시트러스, 레더",영원하고 순수한 숲의 신비로운 향기
3406342,https://www.bysuco.com/product/show/3406342,빌라 네롤리 오 드 퍼퓸,비디케이,339000.0,https://cf.bysuco.net/ee3233d9101ff91429e07f66ed6d192b.jpg?w=600,"튀니지안 네롤리, 페티그레인, 레몬","오렌지 블라썸, 불가리안 로즈","부르봉 바닐라, 캐시메란, 암브록산, 마다가스카르 베티버, 스페인 라다넘, 모스, 인도네시안 패춀리 리프","시트러스, 화이트 플로랄, 우디",카프리 섬의 오렌지 나무 가득한 정원을 걸어다니는 듯한 향
3406341,https://www.bysuco.com/product/show/3406341,임파디아 오 드 퍼퓸,비디케이,406000.0,https://cf.bysuco.net/ad10745343aa546b404b56b44d4a4c56.jpg?w=600,"페어, 베르가못, 만다린","불가리안 로즈, 터키쉬 로즈, 아프리칸 오렌지 플라워","아키갈라우드, 바닐라 앱솔루트, 샌달우드","우디, 시트러스, 로즈",꽃 향기가 도시의 정신과 어우러지는 파리의 정원에 대한 찬사
694087,https://www.bysuco.com/product/show/694087,인퓨전 디 일랑 오 드 퍼퓸,프라다,325000.0,https://cf.bysuco.net/96758dfb4e0603462578ec2fe9336ac8.jpg?w=600,"베르가못, 카다몬",일랑일,샌달우드,"플로랄, 우디, 시트러",빛나는 일랑을 머스크와 시트러스의 시그니처 솔루션에 담가 피부를 감싸는 향
356068,https://www.bysuco.com/product/show/356068,앙젤리끄 수 라 쁠뤼 오 드 퍼퓸,프레데릭 말,88000.0,https://cf.bysuco.net/255566160a7dc18bc1d5e495d70702fa.jpg?w=600,"안젤리카, 주니퍼, 핑크페퍼, 시더, 코리앤더, 머스크",,,"머스크, 아로마틱, 우디",비온 후 한아름의 안젤리카 부케에서 풍긴 찰나의 향
225430,https://www.bysuco.com/product/show/225430,플레잉 위드 더 데빌 오 드 퍼퓸 리필,킬리안,350000.0,https://cf.bysuco.net/6a3e5091ad48ece1dc5153ee1a44668f.jpg?w=600,"블랙커런트, 화이트 피치, 리치, 블러드 오렌지","피멘토, 페퍼, 로즈, 자스민","바닐라, 샌달우드, 패출리, 시더, 벤조인, 통카빈","프루티, 웜스파이스, 우디",드라이 다운된 크리미한 샌달우드의 그을린 듯한 향
141200,https://www.bysuco.com/product/show/141200,로즈 앤 뀌흐 오 드 퍼퓸,프레데릭 말,98000.0,https://cf.bysuco.net/c2d3ab4a7eab94f7d49f0556926b99ee.jpg?w=600,"제라늄, 블랙 커런트, 사천 페퍼","레더, 로즈","베티버, 시더","프레쉬 스파이시, 아로마틱, 로즈",로즈 향의 순수하고 타협하지 않는 단호함을 현대적으로 재해석한 향
141151,https://www.bysuco.com/product/show/141151,오 드 매그놀리아 오 드 뚜왈렛,프레데릭 말,223000.0,https://cf.bysuco.net/3da056543a9107c66b84f9a9f4bccba2.jpg?w=600,칼라브리안 베르가못,"매그놀리아, 베티버, 패츌리","모스, 시더, 앰버","시트러스, 플로랄","빛나는 투명함을 드러내는 생기 넘치는 즐거움, 상쾌한 시트러스 스파클링 플라워 향"
34201,https://www.bysuco.com/product/show/34201,로즈 토네르 오 드 퍼퓸,프레데릭 말,310000.0,https://cf.bysuco.net/7172483d7527e526f0fd326110b465be.jpg?w=600,"로즈, 허니, 와인 리스","터키쉬 로즈, 제라늄, 트러플","머스크, 페출리, 캐스토리움, 베티버","로즈, 아로마틱, 프레쉬 스파이시",최고의 경지에 이른 장미의 향
34198,https://www.bysuco.com/product/show/34198,신테틱 정글 오 드 퍼퓸,프레데릭 말,88000.0,https://cf.bysuco.net/a259056b1ad7b88f76e19b3bc15331bf.jpg?w=600,"갈바넘, 바질, 블랙 커런트","릴리오브더밸리, 히아신스, 자스민, 일랑일랑, 아몬드","오크모스, 페출리","그린, 화이트 플로랄, 프레쉬 스파이시",밝고 울창하며 신비롭고 관능적인 초현실주의 정글을 표현한 향
33800,https://www.bysuco.com/product/show/33800,눈 오 드 퍼퓸,라보라토리오 올파티보,87000.0,https://cf.bysuco.net/87785d408194bfc1fffd846d9e5aa2dc.jpg?w=600,"배, 네롤리, 베르가못, 레몬","화이트 로투스, 자스민, 일랑일랑","머스크, 화이트 우드, 앰버","플로랄, 시트러스, 화이트 플로랄",태양빛에 발사되어 공기 중으로 퍼지는 연꽃의 향기를 표현한 향
33523,https://www.bysuco.com/product/show/33523,앰버밤 오 드 퍼퓸,라보라토리오 올파티보,290000.0,https://cf.bysuco.net/2958aba8862ae627acdc8532d83d8746.jpg?w=600,"커피, 플럼, 스트로베리, 코코넛, 애플","아이리스, 릴리 오브 더 밸리, 로즈, 자스민","레더, 사이프리올 오일, 샌달우드, 패출리, 시더, 화이트 머스크, 앰버, 통카빈, 바닐라","우디, 레더, 얼씨",앰버가 선사하는 플로랄 하모니
33466,https://www.bysuco.com/product/show/33466,레 제르 드 퍼퓸 에르 브리앙뜨 오 드 뚜왈렛 (빛나는 시간),까르띠에,365000.0,https://cf.bysuco.net/3fd1876a96f986f0a15b96567258ea78.jpg?w=600,"아말피 레몬, 알데하이드, 진",,,"시트러스, 알데하이드, 프레쉬",시트러스가 선사하는 빛나는 도시의 리듬을 닮은 향
33453,https://www.bysuco.com/product/show/33453,데클라라시옹 오 드 뚜왈렛,까르띠에,110000.0,https://cf.bysuco.net/4d9cbc16997fedb5ebe09019c51b2b9b.jpg?w=600,"비터오렌지, 카라웨이, 자작나무, 베르가못, 코리앤더, 만다린 오렌지, 네롤리, 아르테미지아","카다멈, 페퍼, 진저, 아이리스, 주니퍼, 시나몬, 오리스 뿌리, 자스민",,"아로마틱, 프레쉬 스파이시, 시트러스",강렬한 잔향이 선사하는 아방가르드적 향
33013,https://www.bysuco.com/product/show/33013,브릿 쉬어 오 드 뚜왈렛,버버리,89000.0,https://cf.bysuco.net/2ba6fb1f446fd1e8eebe677149848c05.jpg?w=600,"리치, 유자, 파인애플 리프, 만다린 오렌지","핑크 피오니, 피치 블라썸, 배","화이트 머스크, 화이트 우드","플로랄, 프루티",가볍고 산뜻한 프루티 계열의 화사한 향수
32412,https://www.bysuco.com/product/show/32412,머스크 인피니 오 드 퍼퓸,엑스 니힐로,350000.0,https://cf.bysuco.net/5c1ddee5e6315da0ee0e5c36d90bd0d5.jpg?w=600,"암브레트, 칼라브리안 베르가못, 자몽","머스크, 로즈, 패츌리","화이트 머스크, 벤조인, 통카빈, 바닐라","바닐라, 머스크",머스크가 주는 깨끗하고 포근함과 편안한 이미지 연출
32405,https://www.bysuco.com/product/show/32405,자스민 포브 오 드 퍼퓸,엑스 니힐로,350000.0,https://cf.bysuco.net/b3a358dcd3554c8393d0ce3b9d081857.jpg?w=600,"릴리, 릴리 오브 더 밸리","자스민, 튜베로즈, 오렌지 블라썸","암브록산, 레더리 어코드",화이트 플로랄,최고 품질의 자스민이 주는 매우 관능적인 이미지 연출
24394,https://www.bysuco.com/product/show/24394,페미니떼 드 부와 오 드 퍼퓸,세르주 루텐,205000.0,https://cf.bysuco.net/9637625ac690dd2be1326110d1711fc3.jpg?w=600,"버지니아 시더, 플럼, 시나몬, 피치","클로브, 진저, 바이올렛, 일랑일랑, 로즈, 아프리칸 오렌지 플라워","샌달우드, 벤조인, 머스크, 바닐라","웜 스파이시, 우디, 프루티",부드러움과 강인함이 공존하는
23784,https://www.bysuco.com/product/show/23784,포트레이트 클랜데스틴 클라라 오 드 퍼퓸,펜할리곤스,448000.0,https://cf.bysuco.net/138a17896cd7e13a810d787a4bb01af2.jpg?w=600,"럼, 앰버, 바닐라, 우디 노트, 시나몬, 페출리",,,"우디, 앰버, 웜 스파이시",육감적이고도 매력적인 향
23671,https://www.bysuco.com/product/show/23671,고돌핀 오 드 퍼퓸,퍼퓸 드 말리,355000.0,https://cf.bysuco.net/5aafcc791654f6dc756298008fdde2d5.jpg?w=600,"프루티 노트, 샤프론, 메이트, 타임, 시프레, 그린 노트","로즈, 오리스, 자스민","레더, 앰버, 베티버, 머스크, 버지니아 시더, 바닐라","레더, 아로마틱, 프루티",싱그럽고 풍부한 레더 우디향
23273,https://www.bysuco.com/product/show/23273,오 드 메모 오 드 퍼퓸,메모,200000.0,https://cf.bysuco.net/9f68ef97ee05f3cc020f34bbc82966e5.jpg?w=600,"그린티, 베르가못, 레몬","자스민, 아이리스, 샤프론","레더, 모스, 화이트 머스크","시트러스, 레더, 그린",파리의 하늘을 바라보며
23272,https://www.bysuco.com/product/show/23272,오 드 메모 오 드 퍼퓸,메모,85000.0,https://cf.bysuco.net/f629f998ee1c800c4f29ff881d7657b0_cvt.webp?w=600,"그린티, 베르가못, 레몬","자스민, 아이리스, 샤프론","레더, 모스, 화이트 머스크","시트러스, 레더, 그린",파리의 하늘을 바라보며
21966,https://www.bysuco.com/product/show/21966,나이트클러빙 오 드 퍼퓸,셀린느,370000.0,https://cf.bysuco.net/56a2649066762bd4e6f38c4a56ab1696.jpg?w=600,"갈바늄, 오리스, 바닐라, 모스, 머스크, 패츌리",,,"그린, 파우더리, 아이리스",관능적이면서 중독적인 밤을 위한 향수
10648,https://www.bysuco.com/product/show/10648,34번가 생제르망 솔리드 퍼퓸 리필,딥티크,71000.0,https://cf.bysuco.net/e30ce3ce6f6e6b5f4bff94acb569efc0.jpg?w=600,"클로브, 시나몬, 블랙 커런트, 카다멈, 무화과 잎, 핑크 페퍼","제라늄, 아이리스, 튜베로즈, 바이올렛, 로즈","레진, 우디 노트, 이칼립투스","웜 스파이시, 우디, 그린",기품 있는 우디향을 잘 드러낸 고체 향수
10323,https://www.bysuco.com/product/show/10323,넘버 42 플라워샵 오 드 뚜왈렛,조 러브스,169000.0,https://cf.bysuco.net/6d390571b9a6f495261e66097b984547_cvt.webp?w=600,"그린 리브, 피오니, 만다린 오렌지","릴리오브더밸리, 프리지아, 나르시소스, 자스민","화이트 머스크, 아이리스, 모스, 페출리","그린, 화이트 플로랄, 플로랄",꽃집의 향기를 연상 시키는 향
9297,https://www.bysuco.com/product/show/9297,퀘르시아 오 드 퍼퓸,아쿠아 디 파르마,195000.0,https://cf.bysuco.net/f20ffda1b7df08b3e7bb12eb0b363744_cvt.webp?w=600,"레몬, 칼라브리안 베르가못, 핑크페퍼, 페티그레인","카다멈, 시더, 제라늄","모스, 통카빈, 패츌리","아로마틱, 시트러스",아침 이슬을 머금은 장엄한 숲을 걷는 시원하면서도 신선한 분위기 연출
3408602,https://www.bysuco.com/product/show/3408602,빠 쓰 수아 엑스트레 엑스트레 드 퍼퓸,비디케이,89000.0,https://cf.bysuco.net/1217dbb632133c294122b241cb98e7e5.jpg?w=600,"페어, 진저, 만다린 오렌지, 블랙 페퍼, 카카오 파드","모과, 피치, 모로칸 자스민, 오렌지 블라썸","인도네시안 파촐리 리프, 캐시메란, 암브록산, 벤조인, 바닐라","프루티, 스위트, 앰버",신비롭고 감각적인 파리의 밤을 표현한 향
3407598,https://www.bysuco.com/product/show/3407598,머르 앤 통카 코롱 인텐스,조 말론,39000.0,https://cf.bysuco.net/fe53d231ad0194bb3fe50a84c319fa16.jpg?w=600,라벤더,미르,"통카 빈, 바닐라, 아몬드","앰버, 바닐라, 스위트",고급스러우면서 도취시키는 매력의 향
3407433,https://www.bysuco.com/product/show/3407433,리에종 데인저러스 오 드 퍼퓸 리필,킬리안,580000.0,https://cf.bysuco.net/bcd709aaeae75326901ec097b27c184c.jpg?w=600,"피치, 플럼, 블랙 커런트, 코코넛","로즈, 제라늄, 암브레트, 시나몬","머스크, 샌달우드, 우디 노트, 오크모스, 베티버, 바닐라","프루티, 스위트, 우디",격정스런 밤의 열정을 닮은 프루티 향
3407430,https://www.bysuco.com/product/show/3407430,굿걸 곤 배드 오 드 퍼퓸 리필,킬리안,580000.0,https://cf.bysuco.net/90ef4576dd6b36b07dbc331aedef13aa.jpg?w=600,"오스만투스, 자스민, 로즈","튜베로즈, 나르시소스","앰버, 시더","플로랄, 화이트 플로랄, 프루티",바람에 흩날리는 꽃의 향이 순수하지만 동시에 유혹적인 바이브를 전달하는 관능적인 향
3406940,https://www.bysuco.com/product/show/3406940,엠버 오드 퍼퓸,아쿠아 디 파르마,195000.0,https://cf.bysuco.net/a59cc02818e6fe295581c352d10eb2b8.jpg?w=600,"오렌지, 페티그레인, 베르가못","시더, 로즈, 사이프리올 오일, 나가르모타, 파출리","앰버그리스, 샌달우드, 머스크, 랩다넘, 바닐라","우디, 앰버, 시트러스",이 향수는 따뜻하고 고급스러운 느낌을 주는 복합적인 향 조합을 특징으로 합니다.
3406331,https://www.bysuco.com/product/show/3406331,트윌리 데르메스 오 진저 오 드 퍼퓸,에르메스,58000.0,https://cf.bysuco.net/a99055cc2ab8933aa3839fe7a64d30bf.jpg?w=600,피오니,"캔디드 진저, 진저",시더,"웜 스파이시, 프레쉬, 플로랄",반짝이는 빛과 닮은 향
3406105,https://www.bysuco.com/product/show/3406105,넥타린 블로썸 앤 허니 오 드 코롱 선물패키지,조 말론,110000.0,https://cf.bysuco.net/f2cfa1c56d42f594467b3b73e721a1a2.jpg?w=600,"그린 노트, 블랙 커런트, 페티그레인","넥타린, 아카시아 나무","피치, 플럼, 베티버","프루티, 스위트, 그린",유쾌하고 활발한 느낌의 달콤한 향수
3405277,https://www.bysuco.com/product/show/3405277,애니웨이 오 드 퍼퓸,줄리엣 헤즈 어 건,169000.0,https://cf.bysuco.net/3fa4e74042459938158643c01077a84d.jpg?w=600,"라임, 네롤리",자스민,"암브록산, 머스크, 우드노트, 헤디온","시트러스, 머스크, 앰버",헤디온에서 영감을 받은 시트러스 플로럴 머스크 계열로 낙관주의를 표현한 향입니다.
3405272,https://www.bysuco.com/product/show/3405272,립스틱 피버 오 드 퍼퓸,줄리엣 헤즈 어 건,169000.0,https://cf.bysuco.net/a8eb53a9cf88dc7f40b51f0d393c404c.jpg?w=600,"라즈베리, 바이올렛","아이리스, 패춀리","시더, 바닐라","파우더리, 바이올렛, 우디",립스틱에 사용되어 온 노트로 세련된 우드 향을 느낄 수 있는 페미닌 향수입니다.
1908023,https://www.bysuco.com/product/show/1908023,헌드레드 사일런트 웨이즈 엑스트레 드 퍼퓸,니샤네,320000.0,https://cf.bysuco.net/ccf56cab52c2d1ab2a39c36af99175ae.webp?w=600,"튜버로즈, 만다린, 피","화이트 재스민, 가데니아, 오리스","바닐라, 샌달우드, 베티버","플로랄 화이트, 바닐라, 파우더리",한 마디도 없이 당신을 유혹하는 희귀한 과일 꽃.
225421,https://www.bysuco.com/product/show/225421,스트레이트 투 헤븐 오 드 퍼퓸 리필,킬리안,350000.0,https://cf.bysuco.net/a8fa1d561846cf0e5ea37292ca26bbaf.jpg?w=600,"럼, 바닐라, 드라이 프룻, 페출리, 시더우드, 너트맥",,,"우디, 페출리, 럼",중독적이고 강렬한 매력을 선사한다
97203,https://www.bysuco.com/product/show/97203,맨 인 블랙 퍼퓸,불가리,218000.0,https://cf.bysuco.net/e2d05daac9d3c8c0fa612037ee218f9f.jpg?w=600,"스파이스 럼, 타바코, 엘레미","튜베로즈, 아이리스, 레더","사이암 벤조인, 가이악 우드","웜 스파이시, 앰버, 우디",따뜻함이 공존하는 향기인 만큼 묘한 매력에 자꾸만 눈길이 가는 향
97166,https://www.bysuco.com/product/show/97166,라 프로이 뿌르 롬브레 오 드 퍼퓸,세르주 루텐,505000.0,https://cf.bysuco.net/67a3fd44f88912eeee6a21f772024d9f.jpg?w=600,"리커리쉬, 레더, 바닐라",,,"소포트 스파이시, 레더, 바닐라",있을 법하지 않은 역설적이고 우아한 향수
97079,https://www.bysuco.com/product/show/97079,지방시 뿌르 옴므 오 드 뚜왈렛,지방시,132000.0,https://cf.bysuco.net/a3b1b24289002f7a951c17e6a3b7262d.jpg?w=600,"만다린 오렌지, 자몽, 고수, 바이올렛","베티버, 라벤더","시더, 라다넘","우디, 시트러스, 아로마틱",시대를 초월한 우아함과 대담한 성격을 혼합한 남성을 위한 고전적이면서도 대담한 향수
97076,https://www.bysuco.com/product/show/97076,무슈 드 지방시 오 드 뚜왈렛,지방시,184000.0,https://cf.bysuco.net/6eea25eeee0904ac77eb5794278744e4.jpg?w=600,레몬,라벤더,베티버,"시트러스, 아로마틱, 웜 스파이시",강렬하고 관능적인 우디 향이 가미된 상큼한 감귤 향
97074,https://www.bysuco.com/product/show/97074,젠틀맨 온리 오 드 뚜왈렛,지방시,170000.0,https://cf.bysuco.net/e198c0492ef5a48a0f47ce2c467a1ea9.jpg?w=600,"핑크 페퍼, 그린 만다린, 자작나무 잎, 넛맥, 베르가못","베티버, 삼나무, 패츌리, 바이올렛 잎, 엘레미","인센스, 머스크","우디, 스모키, 시트러스",우아함과 카리스마를 모두 담고 있는 지방시 젠틀맨을 위한 아로마틱 우드 라벤더 향
33499,https://www.bysuco.com/product/show/33499,프러스트레이션 오 드 퍼퓸,에따 리브르 도량쥬,315000.0,https://cf.bysuco.net/49fb7952e1c0ab42b034ff829c5b5616.jpg?w=600,"럼, 시나몬, 커민","바닐라, 바닐라 앱솔루트, 랍다넘","체스트너트, 베티버, 구아야콜","바닐라, 우디, 웜스파이시",매력적인 바닐라 노트의 우디 스파이시 향
33475,https://www.bysuco.com/product/show/33475,레 제퓌르 드 퍼퓸 퓨어 로즈 오 드 뚜왈렛,까르띠에,365000.0,https://cf.bysuco.net/9258bd6fa879cea6ce1f4f61c17818dd.jpg?w=600,로즈,,,"로즈, 플로랄",장미의 있는 그대로의 순수한 향
33014,https://www.bysuco.com/product/show/33014,노마드 오 드 퍼퓸,끌로에,99000.0,https://cf.bysuco.net/ac6f5fd8c630447f38c6e3b05d3fd123.jpg?w=600,"대추, 미라벨","이집트 자스민, 프리지아","바닐라, 샌달우드, 오크모스","스위트, 프루티",발랄한 플로럴 분위기가 선보이는 상쾌하고 부드러운 향
32860,https://www.bysuco.com/product/show/32860,오 드 무슈 오 드 뚜왈렛,구딸,310000.0,https://cf.bysuco.net/87c46287bff6fa5d8870628e62987354.jpg?w=600,"베르가못, 만다린 오렌지, 민트",제라늄,"샌달우드, 패출리","시트러스, 프레쉬 스파이시, 아로마틱",패츌리와 샌달우드의 따뜻한 느낌의 향
32855,https://www.bysuco.com/product/show/32855,로즈 폼퐁 오 드 뚜왈렛,구딸,210000.0,https://cf.bysuco.net/6887241004b43edf8c120570e390b07a.jpg?w=600,"블랙커런트, 라즈베리, 핑크페퍼","로즈, 핑크 피오니","머스크, 시더, 패출리","프루티, 로즈, 플로랄",신선한 장미 정원에 있는 듯한 향
24697,https://www.bysuco.com/product/show/24697,엘래 오 드 퍼퓸,트루동,360000.0,https://cf.bysuco.net/4ead402e0a02337890e4e9c7818d7152.jpg?w=600,"이집트 자스민, 일랑일랑, 네롤리",,,"화이트 플로랄, 옐로우 플로랄, 스위트",굉장히 부드럽고 빛이 가득한 상쾌한 향
22484,https://www.bysuco.com/product/show/22484,이레지스터블 프레쉬 오 드 뚜왈렛,지방시,105000.0,https://cf.bysuco.net/270f2160206d55f0b15bf49495a36558.jpg?w=600,"오렌지, 핑크 페퍼","터키 레드 로즈, 아이리스","머스크, 시더","로즈, 머스크, 파우더리",로즈와 핑크 페퍼가 만나 탄생시킨 눈부시게 빛나는 플로럴 스파이시 머스키 향수
21902,https://www.bysuco.com/product/show/21902,허 런던 드림 오 드 퍼퓸,버버리,158000.0,https://cf.bysuco.net/fd1b1ce21cee45dca65ee304b325583f.jpg?w=600,"레몬, 진저","피오니, 로즈","머스크, 앰버","프레쉬, 로즈",데일리로 사용하기 좋은 시트러스 플로럴 노트가 여성스러움을 연출
10698,https://www.bysuco.com/product/show/10698,34번가 생제르망 솔리드 퍼퓸,딥티크,108000.0,https://cf.bysuco.net/208ea05eb98a5f7dbe030f85f4b9b232.jpg?w=600,"클로브, 시나몬, 블랙 커런트, 카다멈, 무화과 잎, 핑크 페퍼","제라늄, 아이리스, 튜베로즈, 바이올렛, 로즈","레진, 우디 노트, 이칼립투스","웜 스파이시, 우디, 그린",기품 있는 우디향을 잘 드러낸 고체 향수
10325,https://www.bysuco.com/product/show/10325,코발트 패출리 시더 오 드 뚜왈렛,조 러브스,169000.0,https://cf.bysuco.net/4c43755dedb719efa2cad34cf0d7c790_cvt.webp?w=600,블루 그레이프 프룻,"제라늄, 시더 리프, 너트맥","시더우드 아틀라스, 베티버, 페출리, 머스크","우디, 시트러스, 아로마틱",꿈꾸던 푸른 하늘을 상상할 수 있는 맑고 깨끗한 공기를 담은 향수
10321,https://www.bysuco.com/product/show/10321,코발트 패출리 시더 블루 바틀 오 드 뚜왈렛,조 러브스,259000.0,https://cf.bysuco.net/430ea2d652d098fc403a84aa9900f8a9_cvt.webp?w=600,블루 그레이프 프룻,"제라늄, 시더 리프, 너트맥","시더우드 아틀라스, 베티버, 페출리, 머스크","우디, 시트러스, 아로마틱",꿈꾸던 푸른 하늘을 상상할 수 있는 맑고 깨끗한 공기를 담은 향수
9790,https://www.bysuco.com/product/show/9790,다튜라 느와르 오 드 퍼퓸,세르주 루텐,205000.0,https://cf.bysuco.net/cf4257fbdbfb50c7285b141a5d8470e0.jpg?w=600,"튜베로즈, 아몬드, 코코넛, 헬리오트로프, 바닐라, 차이니즈 오스만투스, 통카 빈, 레몬 블라썸, 머스크, 미르, 아프리콧 만다린 오렌지",,,"바닐라, 아몬드, 튜베로즈",벽난로 앞 겨울 저녁 오븐에 구워지는 견과류 파이를 기다리고 있듯 매력이 넘치는 향
9298,https://www.bysuco.com/product/show/9298,산달로 오 드 퍼퓸,아쿠아 디 파르마,195000.0,https://cf.bysuco.net/a53d42c3a9fa98090c2a1fcf91084b81_cvt.webp?w=600,"칼라브리안 베르가못, 오렌지, 레몬, 페티그레인","라벤더, 카다멈","샌달우드, 통카빈, 앰버","시트러스, 아로마틱",샌달우드의 크리미한 향과 감귤의 고급진 조화로 세련되면서 화려한 이미지 연출
3408632,https://www.bysuco.com/product/show/3408632,인터루드 53 엑스트레 드 퍼퓸 포 맨,아무아쥬,730000.0,https://cf.bysuco.net/f550772ef98d39dac6f6c901d0e443bf.jpg?w=600,"베르가못, 오레가노, 피멘토 베리","프랑킨센스, 오포포낙스, 앰버, 시스투스","레더, 오우드, 파출리, 샌달우드","스모키, 레진, 우디, 스파이시","짙은 인센스와 레진의 스모키한 향이 강렬하게 퍼지며, 앰버와 오포포낙스의 깊은 레진 향이 겹쳐지고 오우드와 레더가 묵직하게 이어져 어둡고 장엄한 분위기를 남기는 오리엔탈 스모키 우디 향"
3408371,https://www.bysuco.com/product/show/3408371,앰버 라다넘 코롱 인텐스,조 말론,225000.0,https://cf.bysuco.net/93670de171bea5dcd2fd01d50e371d46.webp?w=600,"비터 오렌지
- 하트 노트 : 라다넘",,앰버,"앰버, 바닐라, 머스키",자성에 이끌리는 듯한 사치스러운 향
3407401,https://www.bysuco.com/product/show/3407401,도손 오 드 뚜왈렛,딥티크,50000.0,https://cf.bysuco.net/2ee19a85c7e65b0ee51aa2ca8587e592.jpg?w=600,"아프리칸 오렌지 플라워, 아이리스, 로즈","튜베로즈, 핑크 페퍼","벤조인, 머스크","화이트 플로랄, 튜베로즈, 애니멀릭",미풍에 불어온 튜베로즈의 향기
3407255,https://www.bysuco.com/product/show/3407255,앙상 셀레스테 오 드 퍼퓸,아틀리에 코롱,190000.0,https://cf.bysuco.net/d3015266238b3c76d370bc838cbb9afc.jpg?w=600,베르가못,라브다넘,인센스,"앰버, 스모키, 발사믹","이 향은 우디, 스파이시, 따뜻한 향을 자유롭게 풀어줍니다."
3406649,https://www.bysuco.com/product/show/3406649,아폼 오 드 퍼퓸,메종 프란시스 커정,320000.0,https://cf.bysuco.net/3fcdfab915e5aed695af1a5324ca46cc.webp?w=600,"오렌지 블로썸, 화이트 머스크, 일랑일랑, 라벤더, 엠버, 바닐라.",,,"화이트 플로랄, 스위트, 머스",강렬하고 빛나며 관능적인 앰버릴 플로럴 향수입니다.
3406134,https://www.bysuco.com/product/show/3406134,선샤인 세트,디에스 앤 더가,200000.0,https://cf.bysuco.net/c66c93102e3432b1c54392149c8c5bc1.webp?w=600,,,,,
3406002,https://www.bysuco.com/product/show/3406002,엘릭서 드 메르베이 오 드 퍼퓸,에르메스,,,"샴 레진, 오렌지 껍질, 앰버, 페루 발삼, 카라멜, 시더, 페출리, 오크, 인센스, 샌달우드, 통가빈, 바닐라 슈",,,"앰버, 우디, 아로마틱",엠버의 따듯하고 감각적인 향
3405508,https://www.bysuco.com/product/show/3405508,오 드 루바브 에칼라트 오 드 코롱,에르메스,58000.0,https://cf.bysuco.net/0e941fa44e285cd7ba790bf78a93abc7.jpg?w=600,루바브,"레드베리, 란타나",화이트 머스크,"프루티, 스위트, 그린",풀에 가까운 식물인 루바브의 유일하고 특별한 신선함을 새롭게 표현한 향
2200769,https://www.bysuco.com/product/show/2200769,파라곤 엑스뜨레 드 퍼퓸,이니시오 퍼퓸,591000.0,https://cf.bysuco.net/3a2a84f3d8395234a99349f568cf933c.jpg?w=600,"라벤더, 세이지, 베르가못","자두, 팔로산토, 블랙 페퍼","샌달우드, 아가우드","우디, 아로마틱, 프루티",신체적인 피부를 넘어 정서적으로 보호적인 분위기를 부여하는 향수입니다.
2043145,https://www.bysuco.com/product/show/2043145,윈드 플라워스 오 드 퍼퓸,크리드,330000.0,https://cf.bysuco.net/759cb88350b41c9b5c2459a155987d63.jpg?w=600,"자스민, 오렌지 블라썸, 피치","자스민 삼박, 튜베로즈, 로즈","머스크, 프랄린, 오렌지 블라썸, 샌달우드, 아이리스","화이트 플로랄, 스위트, 파우더리",포근하고 가벼운 나무 향이 배어 있는 누가를 연상시키는 베이스와 상큼한 플로럴한 향이 어우러져 아름답고 반짝이는 향
1908029,https://www.bysuco.com/product/show/1908029,술탄 베티버 엑스트레 드 퍼퓸,니샤네,290000.0,https://cf.bysuco.net/47dc64862dc71d17dfd0b032cc52da31.jpg?w=600,"자바니즈 베티버, 압생트, 시너스 몰레, 베르가못","버번 베티버, 아이티 베티버, 네롤리, 통카","앰버우드, 레더, 브라질 베티버","아로마틱, 우디, 얼디",베티버 애호가를 위한 천국의 향.
1908017,https://www.bysuco.com/product/show/1908017,콜로니제 엑스트레 드 코롱,니샤네,230000.0,https://cf.bysuco.net/03ad0a926317fa9b816164e01d19d9fd.webp?w=600,"베르가못，레몬, 녹차, 재스민","자몽, 뮤게","베티버, 네롤리, 머스크","시트러스, 화이트 플로랄, 아로마틱",밝고 신선한 느낌의 시트러스 향.
1908016,https://www.bysuco.com/product/show/1908016,사프란 콜로니제 엑스트레 드 코롱,니샤네,230000.0,https://cf.bysuco.net/deaf6d64dd845034780cfd2539e7da61.webp?w=600,"세드라트, 패션 프루트, 핑크 그레이프프루트","사프란, 목련, 핑크 페","사향, 암베르그리스, 레더","시트러스, 레더, 웜 스파이시","스파클링한 시트러스, 강렬한 인상을 만드는 향."
693971,https://www.bysuco.com/product/show/693971,스트롱거 위드 유 온리 오 드 뚜왈렛,조르지오 아르마니,134000.0,https://cf.bysuco.net/573f7f6f3da98d96f442b6900cd98bad_cvt.webp?w=600,자몽,"라벤더, 제라늄","바닐라, 밤, 라다넘","바닐라, 시트러스, 프레쉬 스파이시","관능적이고 바닐라를 결합한 앰버, 매콤한 향수"
356064,https://www.bysuco.com/product/show/356064,더 나이트 오 드 퍼퓸,프레데릭 말,480000.0,https://cf.bysuco.net/b1841742d98e4d3eaa6f059235d6b67b.jpg?w=600,"터키쉬 로즈, 샤프란",인디안 오우드,"앰버, 인센스, 샌달우드","로즈, 앰버, 오우드",방대한 양의 천연 오우드가 표현하는 중동의 밤의 환희
225455,https://www.bysuco.com/product/show/225455,로즈 31 오 드 퍼퓸,르 라보,138000.0,https://cf.bysuco.net/743c76318a64eb9a6a877289309f8e5c.jpg?w=600,"로즈, 큐민","로즈, 베티버, 시더","머스크, 가이악우드, 아가우드, 올리바넘, 랍다넘","우디, 로즈, 프레쉬 스파이시",앞치마를 한 남성을 떠올리며 만든 젠더리스 로즈 향수
225393,https://www.bysuco.com/product/show/225393,코롱 쉴드 오브 프로텍션  오 드 퍼퓸 리필,킬리안,580000.0,https://cf.bysuco.net/3c26a399e09c7acf44ef905e6f916b94.jpg?w=600,"그린 만다린, 비터 오렌지, 민트","로즈마리, 페티그레인, 네롤리","시더, 그린 수액, 캐시미어 우드","시트러스, 아로마틱, 우",순수함과 활력의 아우라처럼 몸 전체에 퍼지는 향입니다.
224987,https://www.bysuco.com/product/show/224987,크리스탈 오 드 뚜왈렛,샤넬,231000.0,https://cf.bysuco.net/d5deb447681ed5c519b6a267907ad956.jpg?w=600,시칠리안 레몬 / 베르가못,"히아신스, 브라질 자단목, 허니서클, 자스민",오크모스 / 베티버,"아로마틱, 시트러스, 우디",확고한 아이덴티티와 투명함이 균형을 이룬 플로랄-프레쉬 향.
224975,https://www.bysuco.com/product/show/224975,샹스 오 땅드르 오 드 퍼퓸,샤넬,284000.0,https://cf.bysuco.net/f1bdb5479cef90ee3c443db7a6ace539.jpg?w=600,"모과, 그레이프 프룻","로즈, 자스민",화이트 머스크,"로즈, 프루티, 시트러스",한층 더 부드러워진 샹스의 재해석
141190,https://www.bysuco.com/product/show/141190,드리스 반 노튼 오 드 퍼퓸,프레데릭 말,350000.0,https://cf.bysuco.net/97e4b588f7850acb6cde104dec793d66.jpg?w=600,"샌달우드, 바닐라, 사프란, 넛맥, 통카빈, 패츌리, 과이액목, 머스크, 우디노트, 자스민, 베르가못, 레몬",,,"우디, 웜 스파이시, 바닐라",세련된 샌달우드와 바닐라의 조합이 선사하는 고급스러운 향
97201,https://www.bysuco.com/product/show/97201,스플랜디다 패츌리 텐테이션 오 드 퍼퓸,불가리,98000.0,https://cf.bysuco.net/4c4166b55faacac6325296a96d2da104.jpg?w=600,"페출리, 화이트 피치","페출리, 이리스","인도네시아 페출리 리프, 화이트 머스크","출리, 파우더리, 아이리스",패출리의 유혹적 향연
97199,https://www.bysuco.com/product/show/97199,스플렌디다 자스민 느와르 오 드 퍼퓸,불가리,221000.0,https://cf.bysuco.net/5eeff7c64569954bd57ff711e00ffc41.jpg?w=600,"가드니아, 그린 노트","자스민, 샌달우드","통카빈, 캐쉬미란, 패츌","화이트 플로랄, 우디, 파우더",꽃과 나무의 풍부한 향을 혼합한 향으로 기존 향수의 코드를 깨고 감히 감각에 도전하는 향
97165,https://www.bysuco.com/product/show/97165,피으 언 에이귀 오 드 퍼퓸,세르주 루텐,505000.0,https://cf.bysuco.net/f2559bc56b4e7221f768c2ec16397e54.jpg?w=600,"소나무, 인센스, 드라이 푸르츠, 발삼전나무, 스파이스, 베이 잎, 베티버",,,"우디, 아로마틱, 앰버",강렬하고 따뜻하며 향기로운 향수
97161,https://www.bysuco.com/product/show/97161,보르네오 1834 오 드 퍼퓸,세르주 루텐,505000.0,https://cf.bysuco.net/8070a0e78f51adeff11e53b5dda6b8db.jpg?w=600,"패츌리, 카카오, 프렌치 라브다넘, 갈바늄, 카다멈, 화이트 플로랄",,,"웜 스파이시, 패츌리, 카카",관대하고 달콤하며 매혹적인 향수
33525,https://www.bysuco.com/product/show/33525,리모네 오 드 퍼퓸,라보라토리오 올파티보,152000.0,https://cf.bysuco.net/b7236f2a52677840a08c532dcf293bf2.jpg?w=600,"이탈리안 레몬, 오렌지 리프, 진저, 화이트 머스크",,,"시트러스, 아로마틱, 웜스파이시",노란 레몬과 그린노트가 선사하는 밝고 가벼운 향
33516,https://www.bysuco.com/product/show/33516,아카이브스 69 오 드 퍼퓸,에따 리브르 도량쥬,150000.0,https://cf.bysuco.net/9db07a7f8077dbc7c74038d7b6f265c0.jpg?w=600,"핑크페퍼, 파프리카, 만다린 오렌지","인센스, 플럼, 오키드","캠퍼, 머스크, 벤조인, 패출리","웜 스파이시, 캠퍼, 앰버",무심한듯 멋스러운 감각적인 향이 어우러진 매혹적인 무드
33501,https://www.bysuco.com/product/show/33501,디벙 앙팡 오 드 퍼퓸,에따 리브르 도량쥬,150000.0,https://cf.bysuco.net/a726a76f9afa927b0d6806e5925385bf.jpg?w=600,"마시멜로우, 타바코, 아프리칸 오렌지 플라워, 레더, 커피, 머스크, 통카빈, 앰버, 로즈",,,"스위트, 파우더리, 타바코","오렌지 블라썸의 부드러움 뒤에 숨겨진 커피, 타바코의 절묘한 조화"
33500,https://www.bysuco.com/product/show/33500,소울 오브 마이 소울 오 드 퍼퓸,에따 리브르 도량쥬,315000.0,https://cf.bysuco.net/3850329bf5ed5cae8cc921cb0b9ab084.jpg?w=600,"베르가못, 인센스, 핑크페퍼","스웨이드, 오리스, 로즈","샌달우드, 머스크, 바닐라, 벤조인, 통카빈","파우더리, 머스크, 우디",아이리스와 터키쉬로즈의 크리미한 향취가 품은 고귀한 오리엔탈 무드
32620,https://www.bysuco.com/product/show/32620,압생트 엑스뜨레 드 퍼퓸,나소마토,247000.0,https://cf.bysuco.net/d57297c723976056f4ab0740d1231373.jpg?w=600,"약쑥, 그린 노트, 베티버",,,"아로마틱, 그린, 우디",남성을 위한 독특하고 고귀한 향
32406,https://www.bysuco.com/product/show/32406,스위트 모르핀 오 드 퍼퓸,엑스 니힐로,350000.0,https://cf.bysuco.net/3f897a88bbb27ee74a50cfacc82dac86.jpg?w=600,"라일락, 베르가못","미모사 앱솔루트, 아이리스, 로즈","헬리오트로프, 부르동 바닐라, 오리스, 베티버, 패츌리","파우더리, 플로랄",파우더리한 플로랄향과 바닐라의 조화로 은은한 관능미 연출
22487,https://www.bysuco.com/product/show/22487,앙쥬 우 데몬 르 시크릿 오 드 퍼퓸,지방시,131000.0,https://cf.bysuco.net/6ffca90024ea320b347fcbb40970daf9.jpg?w=600,"티 리프, 크랜베리, 레몬, 그레이프 프룻, 오렌지","자스민 삼박, 피오니, 워터 릴리, 헤디온, 로즈","화이트 머스크, 화이트 우드, 페출리, 앰버우드, 바닐라","시트러스, 프레쉬, 플로랄",녹차잎과 화이트 피오니 향의 조화로 은은하고 산뜻한 향
20810,https://www.bysuco.com/product/show/20810,트윌리 데르메스 오 드 퍼퓸,에르메스,58000.0,https://cf.bysuco.net/f5e107fc232434d80ee3ba8659712aab_cvt.webp?w=600,"진저, 비터 오렌지, 베르가못","튜베로즈, 오렌지 블라썸, 자스민","샌달우드, 바닐라","화이트 플로랄, 웜 스파이시, 시트러스",에르메스 소녀들의 향기
9186,https://www.bysuco.com/product/show/9186,오 트리쁠 다마스크 로즈,불리1803,259000.0,https://cf.bysuco.net/b769903d1b97e979b267bd106c4a0b2c_cvt.webp?w=600,"다마스크 로즈, 진저, 베티버, 샌달우드",,,"로즈, 우디",은은하게 피어오르는 뽀송한 생장미 향이 극도의 여성성 연출
3408638,https://www.bysuco.com/product/show/3408638,아너 43 우먼 엑스트레 드 퍼퓸,아무아쥬,730000.0,https://cf.bysuco.net/ca77d40985f7fa09e9d5077214d1b874.jpg?w=600,"고수, 페퍼, 그린 노트","튜베로즈, 자스민, 가드니아, 카네이션","인센스, 오포포낙스, 앰버, 베티버","플로럴, 화이트 플로럴, 레진, 인텐스","싱그러운 그린 노트와 고수의 스파이스가 섬세하게 열리며, 튜베로즈와 자스민·가드니아의 화이트 플로럴이 풍성하게 피어나고, 인센스와 앰버, 오포포낙스가 깊고 장엄한 여운을 남기는 인텐스 화이트 플로럴 향"
3408635,https://www.bysuco.com/product/show/3408635,리플렉션 맨 오 드 퍼퓸,아무아쥬,530000.0,https://cf.bysuco.net/f9da8863c0867ff64f1553bb804848eb.jpg?w=600,"로즈마리, 핑크 페퍼, 페티그레인","아이리스, 자스민, 네롤리, 일랑일랑","샌달우드, 시더우드, 베티버, 파출리","플로럴, 우디, 아로마틱, 머스크","로즈마리와 핑크 페퍼의 상쾌한 아로마틱 향이 밝게 열리며, 아이리스와 자스민·네롤리의 화이트 플로럴이 우아하게 퍼지고, 샌달우드와 베티버가 부드럽게 이어져 세련되고 깨끗한 여운을 남기는 클래식 우디 플로럴 향"
3408599,https://www.bysuco.com/product/show/3408599,루즈 스모킹 오 드 퍼퓸,비디케이,89000.0,https://cf.bysuco.net/261d9d99be5c82c5d6ce398a7addc9e5.jpg?w=600,"체리, 핑크 페퍼, 베르가못","블랙 바닐라 허스크, 오렌지 블라썸, 헬리오트로","통카빈, 캐시메란 우드, 화이트 머스크, 암브록산, 바이올렛, 라다넘","바닐라, 스위트, 파우더리",파리의 몽마르뜨가 떠오르는 생동감이 넘치는 향
3407970,https://www.bysuco.com/product/show/3407970,로즈 온 아이스 오 드 퍼퓸,킬리안,129000.0,https://cf.bysuco.net/e92c701e219d5140afe834e1ff7e07e1.jpg?w=600,"큐컴버, 주니퍼 베리, 라임",로즈,"머스크, 샌달우드","아쿠아틱, 아로마틱",어둠이 내려앉은 밤부터 동이 틀 때까지 취하게 만들어주는 술 한잔의 향
3407617,https://www.bysuco.com/product/show/3407617,잉글리쉬 페어 앤 프리지아 트래블 스프레이 코롱,조 말론,34000.0,https://cf.bysuco.net/077be77fc63e244546c879b2bfddc65f.jpg?w=600,"피어, 멜론","프리지아, 로즈","머스크, 패스츌리, 앰버","플로랄, 프루티, 로즈","배의 신선함을 입히고 호박, 파출리, 우디향으로 은은함을 더했습니다."
3407251,https://www.bysuco.com/product/show/3407251,상탈 카르민 오 드 퍼퓸,아틀리에 코롱,190000.0,https://cf.bysuco.net/366dfcc9df8fae43e2a70e09c3c8d52a.jpg?w=600,"사프란, 라임, 베르가못","샌달우드, 가이악 우드, 화이트 머스크","마다가스카르 바닐라, 텍사스 시더우드, 파피루스","우디, 웜 스파이시, 파우더리",파라과이산 스모키 구아이악 우드와 사프란이 따뜻하고 벨벳 같은 노트에 대비와 생기를 불어넣어줍니다.
3406946,https://www.bysuco.com/product/show/3406946,쁘띠 쉐리 오 드 뚜왈렛,구딸,210000.0,https://cf.bysuco.net/94870d382cd4fc5ba42a8f81e62c75ea.jpg?w=600,"페어, 글래스, 피치","로즈, 헤디온, 라일락","바닐라, 화이터 머스크","프루티, 프레쉬, 스위트",장미와 배의 향취를 바닐라와 머스크라 포근히 감싸 부드러운 보살핌이 연상되는 향
3406130,https://www.bysuco.com/product/show/3406130,재스민 유카탄 오 드 퍼퓸,디에스 앤 더가,95000.0,https://cf.bysuco.net/fb00502bd62ca993464ed8707300879e.webp?w=600,"워터, 패션 플라워, 베르가못 에센스","재스민 유카테코, 삼박, 클로브","스네이크 플랜트, 베티버, 코팔","화이트 플로랄, 아쿠아틱, 플로랄",울창한 정글 풀숲을 지나 발견한 자스민 꽃 한송이와 같은 그리너리 플로럴 향
3406127,https://www.bysuco.com/product/show/3406127,코리앤더 오 드 퍼퓸,디에스 앤 더가,95000.0,https://cf.bysuco.net/8dabbac9f72dc5801cbc598dfd3fd47f.webp?w=600,"러시안 코리앤더, 페퍼, 쥬니퍼 니들","제라늄, 클로브, 클라리 세이지","머스크, 목련, 메이스","아로마틱, 그린, 마린",오데사 위의 언덕처럼 시원한 향신료와 흑해 바람을 연상케 하는 향기
3406003,https://www.bysuco.com/product/show/3406003,선키스드 가디스 오 드 퍼퓸,킬리안,,,"베르가못, 네롤리","티아레 플라워, 일랑일랑","코코넛, 바닐라, 라다넘","화이트 플로랄, 스위트, 옐로우 플로랄","여름의 냄새, 태닝 오일, 피부에 쬐이는 태양의 따뜻함을 연상시키는 향수입니다."
2351491,https://www.bysuco.com/product/show/2351491,세인트 베티버 오 드 퍼퓸,디에스 앤 더가,240000.0,https://cf.bysuco.net/12f850f5a195dc0798a7bae7ab0f2b1f.jpg?w=600,"해초, 사워 오렌지, 핑크페퍼","설탕수수, 클로브, 토킬라 스트로","베티버, 브레드넛, 럼 아그리콜",,"뜨거운 태양이 내리쬐는 카리브 해변가에서 즐기는 럼주 한잔, 깔끔한 베티버 향, 그리고 오렌지 향이 주는 상쾌함을 담아 만든 모던과 올드의 조합"
2200771,https://www.bysuco.com/product/show/2200771,우드 포 해피니스 오 드 퍼퓸,이니시오 퍼퓸,652000.0,https://cf.bysuco.net/c4f9b97172d674bf395366fb1e2a2899.jpg?w=600,"베르가못, 진저","리커리쉬, 아가일우드, 시더","바닐라, 머스크, 허벌 노트","시트러스, 소포트 스파이시, 바닐라",독특하고 절묘한 요소들의 마법 같은 조합의 향
2200767,https://www.bysuco.com/product/show/2200767,리햅 엑스뜨레 드 퍼퓸,이니시오 퍼퓸,591000.0,https://cf.bysuco.net/1681dbb9b58322800c6763c876c4e12f.jpg?w=600,"라벤더, 베르가못","시더, 베티버, 패츌리","샌달우드, 머스크, 가이악우드","우디, 아로마틱, 라벤더",현대적인 푸제르 후각 경험을 완성함으로써 궁극적인 균형을 이룬
2133544,https://www.bysuco.com/product/show/2133544,라 서프라이즈 오 드 퍼퓸,엠디씨아이,381000.0,https://cf.bysuco.net/2adb5ff15283d103bd64f0b707a7a93e.jpg?w=600,"루바브, 그린 노트, 베르가못, 카다멈","복숭아, 화이트 플로랄, 프리지아, 바이올렛, 장미","머스크, 샌달우드, 우디 노트, 솔라 노트, 패츌리","프루티, 우디, 파우더리",로맨틱한 프랑스 빈티지 시프르와 밝고 매운 에너지의 모던한 균형이 아름답게 조화를 이룬 향
1908002,https://www.bysuco.com/product/show/1908002,팬 유어 플레임스 X 엑스트레 드 퍼퓸,니샤네,340000.0,https://cf.bysuco.net/920ff4de98ee6371b5b30b7c4f69d0be.webp?w=600,"코코넛, 럼, 렌티스크","타바코, 통카콩, 타임 오일, 당근","삼나무, 오크모스, 출리","우디, 스위트, 코코넛",달콤하고 이국적이고 따뜻한 느낌의 향.
693944,https://www.bysuco.com/product/show/693944,마이 웨이 오 드 퍼퓸 인텐스,조르지오 아르마니,147000.0,https://cf.bysuco.net/0b03deb4c678c47537fc5ebbd29d0edd.jpg?w=600,"오렌지 블로썸, 비터 오렌지",튜베로즈,"마다가스카 바닐라, 샌달우드","화이트 플로랄, 튜베로즈, 시트러스",중독성 있는 우디 트레일에서 증폭된 꽃다발 향
693921,https://www.bysuco.com/product/show/693921,윈 로즈 오 드 퍼퓸,프레데릭 말,323000.0,https://cf.bysuco.net/2236d7b6dc992c14c72f1de626e59dac.jpg?w=600,"레드 와인, 장미","터키쉬 장미, 꿀, 제라늄, 트러플","베티버, 패츌리, 카스토레움","로즈, 아로마틱, 프레쉬 스파이시",흙빛 장미에 페리고르 트러플을 더해 고딕의 미묘한 맛을 더한 향.
225426,https://www.bysuco.com/product/show/225426,인톡시케이티드 오 드 퍼퓸 리필,킬리안,350000.0,https://cf.bysuco.net/116bb6d2886e468263986e2ffe20e017.jpg?w=600,"카다멈, 커피, 너트맥, 시나몬",,,"웜 스파이시, 커피, 프레쉬 스파이시",에스프레소의 쌉싸름함과 시나몬의 단맛이 조화로운 향수
225424,https://www.bysuco.com/product/show/225424,블랙 팬텀 오 드 퍼퓸 리필,킬리안,350000.0,https://cf.bysuco.net/7d0f8002e0c48987df5f635104960cfc.jpg?w=600,"다크 초콜릿, 럼, 카라멜, 커피, 사탕수수, 아몬드, 샌달우드, 헬리오트로프",,,"스위트, 웜 스파이시, 카라멜",진한 커피향과 럼의 향이 균형을 맞춘 관능적인 향수
225407,https://www.bysuco.com/product/show/225407,러브 돈 비 샤이 오 드 퍼퓸 리필,킬리안,350000.0,https://cf.bysuco.net/7f2536560302dd9b8be4568ac1585bbb.jpg?w=600,"네롤리, 베르가못, 핑크 페퍼, 코리안더","오렌지 블라썸, 허니서클, 자스민, 아이리스, 로즈","슈가, 바닐라, 카라멜, 머스크, 시벳, 랍다넘","스위트, 화이트 플로랄, 바닐라",사랑이라는 마술 속으로의 이끌림을 표현한 달콤한 향
225389,https://www.bysuco.com/product/show/225389,보드카 온 더 락스 오 드 퍼퓸 트래블 세트,킬리안,350000.0,https://cf.bysuco.net/c9ab047842f2d3fe592cd0c9ea29dce9.jpg?w=600,"코리안더, 알데하이드, 카다멈","루바브, 릴리오브더밸리, 핑크 로즈","암브록산, 오크 모스, 샌달우드","아로마틱, 앰버, 알데하이드",한여름밤 야외에서 얼음과 함께 담긴 보드카를 떠오르게 하는 향수
225108,https://www.bysuco.com/product/show/225108,듄 오 드 뚜왈렛,디올,235000.0,https://cf.bysuco.net/01bda23efab0aa1a33e09c31570c3ea7.jpg?w=600,"브라질리안 로즈우드, 알데히드, 만다리안 오렌지, 베르가못, 피오니","릴리, 일랑일랑, 야생화, 자스민, 로즈","앰버, 샌달, 벤조인, 오크모스, 바닐라, 패츌리, 머스","우디, 앰버, 발사믹",따뜻한 대양에 하늘과 바다가 만나는 경치를 담은 생기 넘치고 섬세한 향
113336,https://www.bysuco.com/product/show/113336,로즈 골데아 블러썸 딜라이트 오 드 뚜왈렛,불가리,158000.0,https://cf.bysuco.net/1ce4f452a417d4534becbd549e3f4c5c.jpg?w=600,"릴리오브더밸리, 자몽","로즈, 피오니","화이트 머스크, 시더","로즈, 플로랄, 프레쉬",크리스탈의 영롱함을 닮은 깨끗한 향
97063,https://www.bysuco.com/product/show/97063,젠틀맨 오 드 퍼퓸 보이시,지방시,158000.0,https://cf.bysuco.net/2feb3ccf270fef7df32f97cc246e8746.jpg?w=600,"블랙 페퍼, 고수, 제라늄","오리스, 시더우드, 버지니아, 카카오","상탈 에센, 우드, 패츌리","우디, 웜 스파이시, 파우더리",시대를 초월한 우아함과 세련미를 가진 향수
97055,https://www.bysuco.com/product/show/97055,달리아 디바인 오 드 퍼퓸,지방시,261000.0,https://cf.bysuco.net/d6d5153e8133f0c458ff0c6af11889bf.jpg?w=600,미라벨 플럼 아코드,자스민 삼박 앱솔루트,샌달우드 에센스,"우디, 프루티, 화이트 플로랄",황금빛과 후각적 하모니에서 영감을 받은 본질적으로 관능적인 향수
34349,https://www.bysuco.com/product/show/34349,아쿠아 유니버셜 포르떼 오 드 퍼퓸 세트,메종 프란시스 커정,208000.0,https://cf.bysuco.net/cdfd2875a42513e536f4d460c33b7b93.jpg?w=600,"아말피 레몬, 베르가못","화이트 플라워, 자스민, 로즈","머스크, 우디 노트","화이트 플로랄, 시트러스, 머스크",11ml*3로 구성되어 있는 세트 상품
33518,https://www.bysuco.com/product/show/33518,데인저러스 컴플리시티 오 드 퍼퓸,에따 리브르 도량쥬,150000.0,https://cf.bysuco.net/fa505c61ab2a97debe659647069c66ca.jpg?w=600,"럼, 코코넛, 레더, 차이니즈 오스만투스, 캐시미어우드, 일랑일랑, 샌달우드, 이집트 자스민, 칼라무스, 진저, 로레녹스, 배이 리프, 패출리",,,"우드, 럼, 웜 스파이시",복잡한 구성을 균형있게 표현한 섬세한 우디 플로랄 향
33507,https://www.bysuco.com/product/show/33507,쉬 워즈 언 어노말리 오 드 퍼퓸,에따 리브르 도량쥬,150000.0,https://cf.bysuco.net/0c00126086e3cd7a6756d2706714adfe.jpg?w=600,그린 탠저린,"바닐라, 오키드, 인센스, 플럼","머스크, 샌달우드, 앰버","파우더리, 머스키, 우드",아이리스와 머스크의 부드러운 조화가 돋보이는 포근하면서도 따뜻함
33461,https://www.bysuco.com/product/show/33461,레 제르 드 퍼퓸 에르 프로미스 오 드 뚜왈렛 (약속의 시간),까르띠에,365000.0,https://cf.bysuco.net/863da680102c1d11f20e5a6b760e2002.jpg?w=600,"아이리스, 머스크, 샌달우드, 페티그레인, 그린노트",,,"파우더리, 아이리스, 우디","이른 아침, 만물의 싱그러운 활력을 담아낸 향"
33452,https://www.bysuco.com/product/show/33452,데클라라시옹 퍼퓸,까르띠에,196000.0,https://cf.bysuco.net/5afc222903417bb9f4c640fe29884dee.jpg?w=600,비터오렌지,"스파이시, 카타멈, 큐민","레더, 시더, 벤조인, 베티버, 발삼, 앰버우드","웜스파이시, 우디, 앰버",강렬한 잔향이 선사하는 농축된 아방가르드적 향
33443,https://www.bysuco.com/product/show/33443,라 팬더 오 드 뚜왈렛,까르띠에,180000.0,https://cf.bysuco.net/80ff2269cc2710d6040892b15eae9b1d.jpg?w=600,"자몽, 베르가못","가드니아, 그린노트, 릴리 오브 더 밸리, 파인애플, 로즈, 자스민, 배","머스크, 패출리, 레더, 샌달우드","화이트 플로랄, 그린, 시트러스",애니멀릭한 우아함을 표현한 향
33435,https://www.bysuco.com/product/show/33435,리비에르 드 까르띠에 알레그레스 오 드 뚜왈렛,까르띠에,154000.0,https://cf.bysuco.net/711934505ba8d2d0f6877ebda42b918b.jpg?w=600,"페티그레인, 베르가못, 히야신스, 카시스, 튜베로즈",,,"그린, 시트러스, 아로마틱",튜베로즈가 만발한 햇살 드리운 강가의 향
32622,https://www.bysuco.com/product/show/32622,나르코틱 V 엑스뜨레 드 퍼퓸,나소마토,247000.0,https://cf.bysuco.net/b4cd88cccd1691f08f1ec53e98522d79.jpg?w=600,"튜베로즈, 릴리, 자스민, 스파이시",,,"화이트 플로랄, 튜베로즈, 애니멀릭",비너스의 향기
32621,https://www.bysuco.com/product/show/32621,파돈 엑스뜨레 드 퍼퓸,나소마토,247000.0,https://cf.bysuco.net/c5b665d72becc397a63717423550e95c.jpg?w=600,"매그놀리아, 플라워","다크 초콜렛, 통카 빈, 시나몬","아가우드, 샌달우드","웜 스파이시, 오우드, 초콜릿",모든 상황에서 자신감을 갖게 하는 향
24702,https://www.bysuco.com/product/show/24702,브루마 오 드 퍼퓸,트루동,99000.0,https://cf.bysuco.net/ea937a96ada878e2819dd12756cd13dc.jpg?w=600,"갈바넘, 라벤더, 블랙 페퍼","아이리스 플라워, 바이올렛, 피오니, 자스민","베티버, 랍다넘, 통카 빈","바이올렛, 파우더리, 아이리스",바람에 휘날리는 여인의 머리카락의 향
23803,https://www.bysuco.com/product/show/23803,라 팜므 프라다 엘르 오 드 뚜왈렛,프라다,260000.0,https://cf.bysuco.net/706c53e142a38fe23cd0c40d2e89ec45.jpg?w=600,"푸루메리아, 만다린 오렌지","튜베로즈, 일랑일랑",우디 노트,"시트러스, 플로랄, 튜베로즈",시트러스와 플로랄이 연출하는 상쾌하고 부드러운 향
23767,https://www.bysuco.com/product/show/23767,쿼커스 오 드 코롱,펜할리곤스,135000.0,https://cf.bysuco.net/6ed3c14880b068680286fb5066038f0e.jpg?w=600,"아말피 레몬, 라임, 베르가못, 만다린 오렌지","릴리오브더밸리, 자스민, 카다멈","오크모스, 머스크, 갈바넘, 샌달우드, 앰버","시트러스, 화이트 플로랄, 아로마틱",도시남녀가 연상되는 모던함과 상쾌함
23355,https://www.bysuco.com/product/show/23355,파이어리 핑크 페퍼 오 드 퍼퓸,몰튼 브라운,240000.0,https://cf.bysuco.net/cd8a13c46cc1b187ee89d159125ff167.jpg?w=600,"핑크 페퍼, 진저, 텐저린, 너트맥","오스만투스, 릴리오브더밸리, 자스민, 랍다넘","머스크, 오크모스, 시더, 페출리","소프트 스파이시, 머스크, 웜 스파이시",아버지에 대한 딸의 존경심을 담아 만든 향수
23296,https://www.bysuco.com/product/show/23296,플롬 오 드 퍼퓸,메모,390000.0,https://cf.bysuco.net/8efe028ec3edab6112e9655782962f0c_cvt.webp?w=600,"자스민 삼박, 마다가스카르 바닐라, 플로랄 노트, 암브레트, 베르가못, 앰버, 캐시미란, 시더",,,"화이트 플로랄, 앰버, 플로랄",작은 항구를 따라 늘어진 진홍빛 목조 주택의 따뜻한 온기가 떠오르는 향기
23282,https://www.bysuco.com/product/show/23282,마르파 오 드 퍼퓸,메모,200000.0,https://cf.bysuco.net/4d6cf8821308e5cb5c2f1852bba87607.jpg?w=600,"오렌지 블라썸, 만다린 오렌지","튜베로즈, 일랑일랑, 용설란","바닐라, 샌달우드, 화이트 머스크, 시더","화이트 플로랄, 튜베로즈, 우디",텍사스 주의 작은 예술 마을
22897,https://www.bysuco.com/product/show/22897,바닐라 오 드 퍼퓸,로라 메르시에,141000.0,https://cf.bysuco.net/84d16c393173be584ce2357f076f2ea0.jpg?w=600,"바닐라, 바닐라 오키드","바닐라, 헬리오트로프, 헤메로칼리스, 머스크","버번 바닐라, 샌달우드, 앰버","파우더리, 바닐라, 앰버","바닐라의 향에 머스크, 샌달우드가 만나 달콤함을 선사하는 우아하고 감각적인 향"
22420,https://www.bysuco.com/product/show/22420,프렌치 러버 오 드 퍼퓸,프레데릭 말,223000.0,https://cf.bysuco.net/51acdc07fa667d2b5f7959b89f7f9531.jpg?w=600,"갈바늄, 스파이스","안젤리카, 시더, 인센스","베티버, 오크모스, 화이트 머스크","우디, 머스크",비온 뒤 느껴지는 울창한 나무숲의 향
22225,https://www.bysuco.com/product/show/22225,쟈도르 로르 오 드 퍼퓸,디올,295000.0,https://cf.bysuco.net/9c35160ed70d0ed532ceff78013c4f75.jpg?w=600,"자스민, 오렌지 블라썸, 바이올렛, 릴리오브더밸리, 로즈",,,"화이트 플로랄, 플로랄, 바이올렛",가장 빛나는 꽃들의 순수한 정수를 담아낸 향수
10650,https://www.bysuco.com/product/show/10650,도손 솔리드 퍼퓸 리필,딥티크,71000.0,https://cf.bysuco.net/f97df45c24d0a30273d87184616b676c.jpg?w=600,"아프리칸 오렌지 플라워, 아이리스, 로즈","튜베로즈, 핑크 페퍼","벤조인, 머스크","웜 스파이시, 튜베로즈, 애니멀릭",도손의 튜베로즈가 선사하는 관능적인 향과 꽃의 섬세함을 잘 드러낸 고체 향수
10649,https://www.bysuco.com/product/show/10649,오 카피탈 솔리드 퍼퓸 리필,딥티크,71000.0,https://cf.bysuco.net/cbcdc193fa669629a8427c8246180ec6.jpg?w=600,"핑크 페퍼, 베르가못",로즈,페출리,"로즈, 패츌리, 우디",시프레 장미가 선사하는 강렬한 향기를 잘 드러낸 고체 향수
10317,https://www.bysuco.com/product/show/10317,핑크 베티버 오 드 뚜왈렛,조 러브스,169000.0,https://cf.bysuco.net/8624c99fe9445bc2c244dcc2db8c767a.jpg?w=600,"베티버, 핑크 페퍼, 카다멈, 앤젤리카, 큐민, 주니퍼 베리, 진저, 앰버, 너트맥",,,"아로마틱, 우디, 웜 스파이시",유니크한 베티버 향을 위해 만든 향수
9294,https://www.bysuco.com/product/show/9294,사쿠라 오 드 퍼퓸,아쿠아 디 파르마,195000.0,https://cf.bysuco.net/c4cf3d166ba27bf5d4295eb3941a7c93_cvt.webp?w=600,"칼라브리안 베르가못, 만다린, 핑크페퍼","체리 블라썸, 자스민 삼박",머스크,"플로랄, 머스크",만발한 벚꽃과 부드러운 머스크 그리고 시트러스향의 터치로 인해 생동감 있는 봄의 분위기를 연출
3408648,https://www.bysuco.com/product/show/3408648,아웃랜드 에센스 드 퍼퓸,아무아쥬,650000.0,https://cf.bysuco.net/f64bd24a836b8954bbce51c04ebc567b.jpg?w=600,"카다몸, 베르가못, 레몬, 사천 페퍼, 엘레미, 프랑킨센스","파출리, 로즈, 오렌지 블로썸, 커민, 제라늄, 다바나, 사프란, 아니스, 코리앤더","벤조인, 라브다넘, 앰버, 앰버그리스, 프랑킨센스, 오포포낙스, 바닐라, 자작나무, 머스크, 오우드","오리엔탈, 우디, 스파이시, 레진","밝은 시트러스와 스파이스가 강렬하게 터지며, 파출리와 플로럴의 깊이가 더해지고, 앰버와 레진·우디 노트가 겹쳐져 신비롭고 묵직하게 이어지는 오리엔탈 우디 향"
3408640,https://www.bysuco.com/product/show/3408640,쥬빌레이션 40 맨 엑스트레 드 퍼퓸,아무아쥬,730000.0,https://cf.bysuco.net/f978729caa0f5f4b1d503e894cbf8894.jpg?w=600,"블랙베리, 다바나, 오렌지","프랑킨센스, 미르, 시나몬, 셀러리 씨드","오우드, 앰버, 오포포낙스, 시더우드, 머스크","오리엔탈, 레진, 우디, 스파이시","풍부한 블랙베리와 스파이스의 달콤한 어둠이 깊게 퍼지며, 프랑킨센스와 미르의 레진 향이 장엄하게 이어지고, 오우드와 앰버, 우디 노트가 겹쳐져 왕실 같은 깊이와 품격을 남기는 오리엔탈 레진 우디 향"
3408607,https://www.bysuco.com/product/show/3408607,우드 방돔 오 드 퍼퓸,엑스 니힐로,350000.0,https://cf.bysuco.net/96817a3d74dce86d42f16f7353c6b4e5.jpg?w=600,"사프란, 진저","갈바넘, 시더우드","오우드, 인센스, 머스크","오리엔탈, 우디, 스파이시, 스모키","사프란과 진저의 따뜻한 스파이스가 선명하게 열리며, 갈바넘의 그린함과 시더우드가 깊이를 더하고, 오우드와 인센스, 머스크가 겹쳐져 파리 방돔 광장의 밤처럼 세련되고 묵직하게 남는 오리엔탈 우디 향"
3408603,https://www.bysuco.com/product/show/3408603,루즈 스모킹 엑스트레 엑스트레 드 퍼퓸,비디케이,89000.0,https://cf.bysuco.net/3538212b2235c5c2fb9e714fb63d85de.jpg?w=600,"체리, 아몬드, 핑크 페퍼, 레드 만다린, 베르가","페루 발사믹, 밀크, 통카 빈, 스페인 라다넘","오우드, 럼, 암브록산, 패촐리, 바닐라 앱솔루트, 앰버, 벤조인, 샴","엠버, 스위트, 체리",파리의 몽마르뜨가 떠오르는 생동감이 넘치는 향
3407267,https://www.bysuco.com/product/show/3407267,카멜리아 앙트레피드 오 드 퍼퓸,아틀리에 코롱,190000.0,https://cf.bysuco.net/77012f20ab095a9128ca8cd03badab75.jpg?w=600,"시칠리아 레몬, 칼라브리안 베르가못, 넛맥","바이올렛 리프, 카멜리아, 오리스 루트","레더, 터키산 로즈 오일, 앰버","플로랄, 레더, 파우더리","아이티의 베티베르는 예측할 수 없는 카멜리아의 카리스마 넘치는 자연을 발산하며 흙빛, 연기, 숲이 우거진 따뜻함으로 매혹적이면서도 강력한 지속적인 인상을 남긴다."
3405281,https://www.bysuco.com/product/show/3405281,화이트 스피릿 오 드 퍼퓸,줄리엣 헤즈 어 건,331000.0,https://cf.bysuco.net/c1a42c87c03c6148f6c0d3f50fefb77a.jpg?w=600,"튜베로즈, 자스민삼박","튜베로즈, 암브록산","머스크, 샌달우드, 앰버, 시더","화이트 플로랄, 머스크, 앰버",관능적이고 치명적인 향과 모던한 조합의 향이 함께 어우러진 향을 느낄 수 있습니다.
2200765,https://www.bysuco.com/product/show/2200765,싸이키델릭 러브 오 드 퍼퓸,이니시오 퍼퓸,575000.0,https://cf.bysuco.net/125659ffd9747951eb9d65e8d517a7b2.jpg?w=600,"일랑일랑, 베르가못","헬리오트로프, 헤디온, 불가리안 로즈","몰약, 샌달우드","파우더리, 우디, 플로랄",장미와 헬리오트로핀의 폭발적인 향
1908021,https://www.bysuco.com/product/show/1908021,젠느 엑스트레 드 퍼퓸,니샤네,360000.0,https://cf.bysuco.net/dc054ced15f7217ef03c67f7ab2dbf9f.webp?w=600,"자몽, 블랙커런트, 루바브","터키 로즈, 가디니아, 샌달우드","바닐라, 암베르그리스, 머스크","프루티, 바닐라, 그린",기쁨과 로맨스로 가득한 파라다이스 정원의 향.
1908020,https://www.bysuco.com/product/show/1908020,카라고즈 엑스트레 드 퍼퓸,니샤네,360000.0,https://cf.bysuco.net/e052dc6e51a7f6abccde8c57ef7d27a3.webp?w=600,"파인애플, 검은 포도, 부케 가르니","네롤리, 재스민, 파출리","베티버, 아가우드, 앰버","프루티, 스위트, 그린",깊고 신비로운 향.
1908012,https://www.bysuco.com/product/show/1908012,솀 엑스트레 드 퍼퓸,니샤네,820000.0,https://cf.bysuco.net/d6b15934ce089e9a173029cc32e43093.webp?w=600,"카다멈, 터키로즈, 제라늄","오스만투스, 앰버, 사이프리올","엘레미, 베티버, 레더","아로마틱틱, 우디, 로즈",오리엔탈 플로랄의 따뜻한 느낌의 향.
694121,https://www.bysuco.com/product/show/694121,블랙 오피움 그린 오 드 퍼퓸,입생로랑,134000.0,https://cf.bysuco.net/051717d237af0e5d69d4c93c3d8e1af5.jpg?w=600,"배, 무화과 잎, 그린 만다린","무화과, 오렌지 블라썸, 자스민","부르본 바닐라, 커피, 패츌리","바닐라, 스위트, 커피",제스티 그린 만다린 & 크리미 무화과의 강렬한 향
694096,https://www.bysuco.com/product/show/694096,루나 로사 블랙 오 드 퍼퓸,프라다,165000.0,https://cf.bysuco.net/db9d4e631ef9e7618410c3bdd1623acf.jpg?w=600,베르가못,"안젤리카, 패츌리","쿠마린, 앰버, 머스크","앰버, 머스크, 우디",쾌활한 느낌의 베르가못과 안젤리카로 시작해 강렬한 쿠마린과 파촐리를 지나 달콤한 앰버 우드
694088,https://www.bysuco.com/product/show/694088,인퓨전 디 바닐라 오 드 퍼퓸,프라다,325000.0,https://cf.bysuco.net/74436782d8416b3abdd39ede91dc3a78.jpg?w=600,"네롤리, 베르가못",바닐라 인퓨전,안젤리카 씨앗,"바닐라, 시트러스, 파우더리",감각적인 바닐라 인퓨전이 머스크와 시트러스의 시그니처 솔루션에 담겨 피부를 감싸는 향
356071,https://www.bysuco.com/product/show/356071,르 빠르팡 드 떼레즈 오 드 퍼퓸,프레데릭 말,88000.0,https://cf.bysuco.net/c548ade35d2ef2b0be3e82d20cf913f0.jpg?w=600,"멜론, 텐저린","자두, 로즈","레더, 베티버, 시더","프루티, 스위트, 우디",오이와 멜론 향을 사용하여 워터리하고 장미와 자스민의 우아한 고전주의와 융합된 향수
356070,https://www.bysuco.com/product/show/356070,누아 에삐쓰 오 드 퍼퓸,프레데릭 말,98000.0,https://cf.bysuco.net/ebb74dc7bfc17d7fd5f2325264f4d4a3.jpg?w=600,"제라늄, 오렌지, 로즈","클로브, 너트맥, 페퍼, 시나몬","패출리, 샌달우드, 시더","프레쉬 스파이시, 웜 스파이시, 로즈",이국적인 여정을 전달해주는 스파이시한 오리엔탈 향조의 관능적이고 우아한 향
356067,https://www.bysuco.com/product/show/356067,덩 떼 브하 오 드 퍼퓸,프레데릭 말,98000.0,https://cf.bysuco.net/a0945492c8d87984978141e4bd80d4b6.jpg?w=600,"바이올렛, 머스크, 파인 트리, 캐쉬미란, 헬리오트로프, 우디 노트, 샌달우드, 패출리, 인센스, 자스민",,,"우디, 파우더리, 머스크",향수의 진정한 본질을 표현한 친숙하고 깊으며 오감을 매료시키는 귀족적인 피부의 향
225723,https://www.bysuco.com/product/show/225723,비스트로 워터 오 드 퍼퓸,디에스 앤 더가,240000.0,https://cf.bysuco.net/e498b28d032d3a9d035695f7dccec7a5.jpg?w=600,"라임 플러워 워터, 고수씨, 배","만다린, 벨 페퍼, 완두콩 꽃","바질, 넛맥, 모스 워터","아로마틱, 그린, 프레쉬 스파이시",브랜드의 창립자이자 조향사인 데이비드 세스가 뉴욕의 힙한 비스트로에서 일했을 때의 경험에서 영감을 받아 탄생된 향수
225416,https://www.bysuco.com/product/show/225416,포비든 게임즈 오 드 퍼퓸 리필,킬리안,350000.0,https://cf.bysuco.net/c0db4d1bfcf962478575dd4e2d45dff1.jpg?w=600,"피치, 애플, 플럼, 시나몬","불가리안 로즈, 자스민, 버번 제라늄","허니, 바닐라, 오포포낙스","프루티, 스위트, 로즈",오묘하고 중독적인 복숭아 향수
225144,https://www.bysuco.com/product/show/225144,오 소바쥬 익스트림 인텐스 오 드 뚜왈렛,디올,222000.0,https://cf.bysuco.net/aa6c8fa356340522fbce8b0e81b66af2.jpg?w=600,"시칠리안 레몬, 베르가못, 자몽","엘레미, 라벤더, 민트, 바질, 자스민","버진 시더, 오크모스, 베티버, 패츌","아로마틱, 시트러스, 프레쉬 스파이",남성성을 강화하는 대담한 현대적 특성과 포근한 악센트를 지닌 향
224920,https://www.bysuco.com/product/show/224920,넘버19 퍼퓸,샤넬,459000.0,https://cf.bysuco.net/9724998f221282be64842892c91b9b88.jpg?w=600,"갈바늄, 네롤리","오리스, 5월의 장미, 나르시스, 자스민, 헤디온, 일랑일랑","오크모스, 베티버, 시더, 머스크","그린, 우디, 얼디",대담하고 완벽한 균형을 이루는 플로랄-우디-그린 향
224878,https://www.bysuco.com/product/show/224878,뭄바이 노이즈 오 드 퍼퓸,바이레도,280000.0,https://cf.bysuco.net/3ccfef847c30892257d7dfafb50a5cac.jpg?w=600,다바나,"커피, 통카 빈","침향, 산달우드, 랍다넘","오우드, 아로마틱, 앰버",다바나와 레더 향이 어우러져 쌉싸름하면서 이국적인 우디향
140878,https://www.bysuco.com/product/show/140878,끌로에 시그니처 나츄렐 인텐스 오 드 퍼퓸 리필,끌로에,249000.0,https://cf.bysuco.net/2f62db2c50c78e474966da2d79193571.jpg?w=600,"피오니, 리치, 프리지아","로즈, 릴리오브더밸리, 매그놀리아","버지니아 시더, 앰버","플로랄, 로즈, 프레쉬",숭고하며 기품있는 장미의 향
140874,https://www.bysuco.com/product/show/140874,끌로에 루미네즈 오 드 퍼퓸 리필,끌로에,237000.0,https://cf.bysuco.net/f4b5ef158de214562d55e602ea2b62e8.jpg?w=600,자스민 삼박,로즈,"발사믹 노트, 바닐라, 앰버","바닐라, 화이트 플로랄, 앰버",바닐라와 아름다운 장미를 중심으로 해석된 끌로에
97077,https://www.bysuco.com/product/show/97077,파이 오 드 뚜왈렛,지방시,132000.0,https://cf.bysuco.net/fe8ddf8fcd2a05bfe01cfdc59ddf8675.jpg?w=600,"만다린 오렌지, 타라곤, 로즈마리, 바질","아니스, 네롤리, 제라늄, 은방울 꽃","바닐라, 아몬드, 통카 빈, 벤조인, 시더","바닐라, 앰버, 스위트",자신의 한계를 뛰어넘고자 하는 남자를 위한 우디하고 매력적인 향수
34262,https://www.bysuco.com/product/show/34262,마이 버버리 오 드 퍼퓸,버버리,115000.0,https://cf.bysuco.net/df3383b2d335ac026cc51f1dc2847052.jpg?w=600,"스위트 피, 베르가못, 만다린 오렌지, 자몽, 레몬","모과, 프리지아, 제라늄, 피치, 그린 노트, 가드니아, 패션프루츠","다마스크 로즈, 로즈, 패츌리, 머스크, 레더, 바이올렛","플로랄, 스위트, 시트러",봄과 어울리는 달달한 플로랄이 선사하는 사랑스러운 이미지
33804,https://www.bysuco.com/product/show/33804,발리플로라 오 드 퍼퓸,라보라토리오 올파티보,130000.0,https://cf.bysuco.net/afef66703e217c68d3d0582ca8ac2bcb.jpg?w=600,"푸루메리아, 로투스, 릴리, 오렌지 블라썸, 자스민, 머스크, 탠저린, 제라늄",,,"화이트 플로랄, 플로랄, 시트러스",발리의 아름다움과 다양성을 의미하는 꽃 프랑지파니에서 영감을 받아 탄생한 향
33802,https://www.bysuco.com/product/show/33802,마일로 오 드 퍼퓸,라보라토리오 올파티보,87000.0,https://cf.bysuco.net/54cdad5484163411fe52ca2ee7d4d437.jpg?w=600,"핑크페퍼, 베르가못, 레몬, 옐로우 만다린","화이트 릴리, 자스민, 아이리스, 로즈","벤조인, 머스크, 바닐라, 화이트 앰버","화이트 플로랄, 시트러스, 앰버",화이트 릴리의 하트노트를 둘러싼 푸르티하고 플로럴한 노트들과 어우러져 뿌리는 순간 모두를 미소짓게 만드는 향
33524,https://www.bysuco.com/product/show/33524,만다리노 오 드 퍼퓸,라보라토리오 올파티보,152000.0,https://cf.bysuco.net/838056349b472f11f68323143bbb4a30.jpg?w=600,만다린 오렌지,블랙커런트,화이트 머스크,"시트러스, 프루티, 머스키",만다린과 머스크가 표현하는 따뜻한 느낌의 시트러스 향
33521,https://www.bysuco.com/product/show/33521,클린 스웨이드 오 드 퍼퓸,에따 리브르 도량쥬,150000.0,https://cf.bysuco.net/3b13dab48ad660ad23d9f4efc6fed3d4.jpg?w=600,"알데히드, 레몬","파인, 자작나무, 페퍼","스웨이드, 바닐라","레더, 우디, 바닐라",자유로우면서도 광활한 숲의 향에 더해진 부드러운 가죽과 바닐라향이 선사하는 관능미
33479,https://www.bysuco.com/product/show/33479,레 제르 보야제즈 우드 앤 앰버 오 드 퍼퓸,까르띠에,465000.0,https://cf.bysuco.net/e963e6a753b924986f6ca47010398a22.jpg?w=600,"앰버, 아가우드(오우드)",,,"앰버, 오우드",오리엔탈이 파워풀하게 휘몰아치는 향
33331,https://www.bysuco.com/product/show/33331,레 조 아 라 모드 시리얼 플레이어 오 드 뚜왈렛,미우미우,145000.0,https://cf.bysuco.net/0e319ffe81fb6e957b591acfb52de3c2.jpg?w=600,리치,오렌지 블로썸,바닐라,"화이트 플로랄, 바닐라, 시트러스",장난기 어린 소녀의 모습을 표현한 화이트 플로랄 향
33302,https://www.bysuco.com/product/show/33302,뿌르 옴므 오 드 뚜왈렛,베르사체,75500.0,https://cf.bysuco.net/e2b70c4291cbd13c769f4a5ce7157e00.jpg?w=600,"레몬, 베르가못, 네롤리, 5월의 장미","히야신스, 시더, 클레어리 세이지, 제라늄","통카빈, 머스크, 앰버","시트러스, 아로마틱, 프레쉬 스파이스",깊이있고 센슈얼한 남성스런 매력을 표현합니다.
33291,https://www.bysuco.com/product/show/33291,뿌르 팜므 딜런 터쿠아즈 오 드 뚜왈렛,베르사체,89000.0,https://cf.bysuco.net/4f842e37379767c0dced8af90a8eb165.jpg?w=600,"레몬, 만다린 오렌지, 핑크페퍼","구아바, 프리지아, 카시스, 자스민","클리어우드, 머스크, 시더","시트러스, 우디, 프루티",뜨거운 태양과 여름날을 연상시키는 향기
32863,https://www.bysuco.com/product/show/32863,오 드 아드리앙 오 드 퍼퓸,구딸,255000.0,https://cf.bysuco.net/b834f48d1ab112aebbf0b01c6d401fdc.jpg?w=600,"레몬, 시칠리안 레몬, 사이프러스, 시트론, 자몽, 만다린 오렌지, 알데하이드, 일랑일랑",,,"시트러스, 아로마틱, 우디",시트러스 과일 칵테일에 톡톡 취는 신선함과 세심한 우아함의 조화
32857,https://www.bysuco.com/product/show/32857,르 떵 데 헤브 오 드 뚜왈렛,구딸,210000.0,https://cf.bysuco.net/247d35c1c13b2f374a7be1d35494bef3.jpg?w=600,"네롤리, 베르가못, 미르테","오렌지 블라썸, 플로랄 노트",샌달우드,"화이트 플로랄, 플럼, 아로마틱",그라스의 드넓은 풍경과 위안을 주는 오렌지 블라썸의 향
32619,https://www.bysuco.com/product/show/32619,차이나 화이트 엑스뜨레 드 퍼퓸,나소마토,247000.0,https://cf.bysuco.net/dfaebcc1a1f1a21715d635df3a330091.jpg?w=600,"파우더리 노트, 우디 노트, 머스크, 플로랄 노트, 로즈",,,"파우더리, 우디, 플로랄",강인함과 연약함을 동시에 담고 있는 향
32617,https://www.bysuco.com/product/show/32617,판토마스 엑스뜨레 드 퍼퓸,나소마토,247000.0,https://cf.bysuco.net/71413585e747c5a0d8d0248f60efc713.jpg?w=600,"멜론, 고무, 플라스틱, 스위트 노트, 스모크, 화약, 카라멜, 얼시 노트, 트로피칼 프루트, 캐쉬미란, 페출리",,,"스위트, 플라스틱, 스모키",영혼을 정복할 얼굴없는 향
24703,https://www.bysuco.com/product/show/24703,모르텔 오 드 퍼퓸,트루동,99000.0,https://cf.bysuco.net/64864378364118cc0f7d96972123edbb.jpg?w=600,"블랙 페퍼, 너트맥, 피멘토","올리바넘, 우디 노트, 레진","미르, 랍다넘, 벤조인, 시더","앰버, 프레쉬 스파이시, 우디",관능적인 살결의 향
24700,https://www.bysuco.com/product/show/24700,빅시 오 드 퍼퓸,트루동,99000.0,https://cf.bysuco.net/874f33def286b6cbdba78fa588d7f702.jpg?w=600,"시트러스 리프, 카더멈","무화과, 자스민, 클라리 세이지","머스크, 샌달","아로마틱, 머스크, 화이트 플로랄",삶에 대한 빛나는 찬가
23356,https://www.bysuco.com/product/show/23356,자스민 앤 선 로즈 오 드 퍼퓸,몰튼 브라운,240000.0,https://cf.bysuco.net/ffbb0b715389ed24fd155d096631ecc5.jpg?w=600,"라즈베리 리프, 블랙 커런트, 다바나, 베르가못","로즈, 자스민, 랍다넘","페출리, 머스크, 통카 빈","로즈, 프루티, 머스크","늦여름, 불게 물든 석양을 닮은 향"
23298,https://www.bysuco.com/product/show/23298,시칠리안 레더 오 드 퍼퓸,메모,390000.0,https://cf.bysuco.net/cc6d6acf5a736c0339cc9b81572895bd.jpg?w=600,"레더, 레몬, 비터 오렌지, 시더","베르가못, 라임, 가다멈, 코리안더, 바이올렛 리프","발삼전나무, 가이악우드, 아키갈라우드, 페출리","시트러스, 우디, 아로마틱",시칠리아의 모든 것
23297,https://www.bysuco.com/product/show/23297,아르젠티나 오 드 퍼퓸,메모,390000.0,https://cf.bysuco.net/7a4565fa2d242b4704cbc49a8d63aaec.jpg?w=600,"로즈, 터키쉬 로즈, 암브레트, 아가우드, 핑크 페퍼, 자스민 삼박, 이집트 자스민, 매그놀리아, 나가르모타",,,"로즈, 플로랄, 머스크",탱고의 움직임을 닮은 향
23276,https://www.bysuco.com/product/show/23276,프렌치 레더 오 드 퍼퓸,메모,200000.0,https://cf.bysuco.net/15d2481d9916bb6163c5ab50abe24642.jpg?w=600,"장미수, 스웨이드, 라임, 화이트 머스크, 주니퍼, 핑크 페퍼, 클라리 세이지, 베티버, 시더, 레진",,,"로즈, 머스크, 아로마틱",시크한 프렌치 여성에서 영감 받은 향
22898,https://www.bysuco.com/product/show/22898,뮤르 에 머스크 오 드 뚜왈렛,라티잔 퍼퓨머,241000.0,https://cf.bysuco.net/582c7c505908abe114ec02996e3a8a46.jpg?w=600,"바질, 아말피 레몬, 만다린 오렌지, 오렌지","블랙베리, 레드 베리","머스크, 오크모스","프루티, 머스크, 스위트",달콤함으로 시작하는 제 2의 피부의 향
22758,https://www.bysuco.com/product/show/22758,화이트 로즈 앤 레몬 리브스 오 드 뚜왈렛,조 러브스,169000.0,https://cf.bysuco.net/3d811f0fc14d84b0793a24e551e15427.jpg?w=600,"화이트 로즈, 레몬 리프",,,"로즈, 시트러스, 플로랄",퀸즈 가든에서 즐기는 파티 속 하얀 장미 다발
10745,https://www.bysuco.com/product/show/10745,로즈 드 신 오 드 퍼퓸,톰 포드,414000.0,https://cf.bysuco.net/f74ec5e07f48b025c07228078c8b7f8e_cvt.webp?w=600,차이니즈 피오니,로즈,"미르, 랍다넘","앰버, 로즈, 플로랄",활기찬 중국 작약과 시스투스 앱솔루트 및 몰약의 스모키한 육욕을 대조하는 향
10510,https://www.bysuco.com/product/show/10510,신트라 오 드 퍼퓸,메모,390000.0,https://cf.bysuco.net/cdf472a635d6aed32d87359eded22db8_cvt.webp?w=600,"네롤리, 페티그레인, 레드프룻, 베르가못","밀크, 오렌지 블라썸, 레진, 시나몬, 자스민, 로즈","마시멜로우, 마다가스카르, 카라멜, 머스크, 시더","스위트, 화이트 플로랄, 시트러스","성과 같은 포르투갈의 우거진 숲속에 위치한 형형색색의 아름다운 건축물, 신트라 왕궁에서 영감을 받아 만들어진 향"
10248,https://www.bysuco.com/product/show/10248,로데 헤스프리데스 오 드 뚜왈렛,딥티크,275000.0,https://cf.bysuco.net/ede0be3f3bbe1ea626a79db421c34466.jpg?w=600,"비터 오렌지, 그라스, 페티그레인, 만다린 오렌지, 로즈마리, 레몬, 카라웨이, 페퍼","민트, 플로랄 노트","드라이플라워, 머스크, 시더","시트러스, 그린, 아로마틱",물에 젖은 꽃과 뒤섞인 향긋한 풀과 머스크 그리고 시트러스 계열이지만 가볍지 않은 물먹은 허브향
9263,https://www.bysuco.com/product/show/9263,로사 노빌레 오 드 퍼퓸,아쿠아 디 파르마,130000.0,https://cf.bysuco.net/950625e13207fa9c18a5ec4515b446ef.jpg?w=600,"만다린 오렌지, 페퍼, 베르가못","로즈, 피오니, 바이올렛, 릴리 오브 더 밸리","머스크, 시더, 앰버그리스","로즈, 시트러스",부드럽고 풍성한 장미 부케의 향으로 극강의 우아함을 연출
9257,https://www.bysuco.com/product/show/9257,피오니아 노빌레 오 드 퍼퓸,아쿠아 디 파르마,130000.0,https://cf.bysuco.net/384179bbd93773e9feffe3c910962893.jpg?w=600,"블랙페퍼, 라즈베리","피오니, 제라늄, 터키쉬로즈, 프리지아","머스크, 패츌리, 앰버","플로랄, 로즈",섬세하게 다듬어진 이탈리아 정원이 떠오르는 활기차고 역동적인 이미지 연출
9187,https://www.bysuco.com/product/show/9187,오 트리쁠 알 카시르,불리1803,259000.0,https://cf.bysuco.net/9a348cfc8868b3bc471bd36aace91365_cvt.webp?w=600,"샌달우드, 제라늄, 카다멈",,,"우디, 스파이시",샌달우드가 선사하는 이국적인 오리엔탈 무드가 중성적인 이미지 연출
3408645,https://www.bysuco.com/product/show/3408645,아너 우먼 오 드 퍼퓸,아무아쥬,530000.0,https://cf.bysuco.net/e92cbb7a587a703ecdc8f095d0a47daf.jpg?w=600,"루바브, 페퍼, 코리앤더","튜베로즈, 가드니아, 자스민, 은방울꽃, 카네이션","앰버, 프랑킨센스, 오포포낙스, 베티버, 레더","플로럴, 화이트 플로럴, 레진, 오리엔탈","상큼한 루바브와 페퍼의 스파이시한 시작 위로 튜베로즈와 자스민, 가드니아의 풍성한 화이트 플로럴이 피어나며, 인센스와 앰버, 베티버가 깊고 장엄하게 이어지는 우아한 오리엔탈 플로럴 향"
3408372,https://www.bysuco.com/product/show/3408372,타이프 로즈 오드 코롱 인텐스,조 말론,225000.0,https://cf.bysuco.net/4c3edb9cf35379903c217f1c71a0bcc0.webp?w=600,"로즈 인퓨전
- 하트 노트 : 타이프 로즈",,커피,"로즈, 앰버, 커피",싱그러운 초록빛이 감도는 신선하고 화사한 향에 시럽과 잼이 느껴지는 노트가 매력을 더합니다.
3407619,https://www.bysuco.com/product/show/3407619,우드 세이지 앤 씨 솔트 트래블 스프레이 코롱,조 말론,34000.0,https://cf.bysuco.net/82551d1961d0b40074fcff06f12f7485.jpg?w=600,암브레트,"씨 솔트, 미네랄 노트",세이지,"머스크, 솔티, 아로마틱",바람부는 해안을 따라 걸으며 휴식을 취하는 것같은 향
3407438,https://www.bysuco.com/product/show/3407438,세이크리드 우드 오 드 퍼퓸 리필,킬리안,580000.0,https://cf.bysuco.net/37043d72427a858d460b7b54c016aed9.jpg?w=600,"우디, 밀크, 핑크 페퍼","카라웨이, 당근, 스파이시","앰버, 샌달우드","우디, 파우더리, 웜 스파이시",아시아의 매력을 담은 향기로운 나무가 지닌 신비로운 마법을 불러내는 향
3407437,https://www.bysuco.com/product/show/3407437,블랙 팬텀 오 드 퍼퓸 리필,킬리안,580000.0,https://cf.bysuco.net/efc156fecfa22d3f2fba7ddcb7ffb1f2.jpg?w=600,"다크 초콜릿, 럼, 카라멜, 커피, 사탕수수, 아몬드, 샌달우드, 헬리오트로프",,,"스위트, 웜 스파이시, 카라멜",진한 커피향과 럼의 향이 균형을 맞춘 관능적인 향수
3407431,https://www.bysuco.com/product/show/3407431,러브 돈 비 샤이 오 드 퍼퓸 리필,킬리안,580000.0,https://cf.bysuco.net/5c29ab81d5167600d2e8713ad7b52b0b.jpg?w=600,"네롤리, 베르가못, 핑크 페퍼, 코리안더","오렌지 블라썸, 허니서클, 자스민, 아이리스, 로즈","슈가, 바닐라, 카라멜, 머스크, 시벳, 랍다넘","스위트, 화이트 플로랄, 바닐라",사랑이라는 마술 속으로의 이끌림을 표현한 달콤한 향
3407402,https://www.bysuco.com/product/show/3407402,롬브르 단 로 오 드 뚜왈렛,딥티크,50000.0,https://cf.bysuco.net/8ec8674aea36afeabfb6d90b7c49bb2f.jpg?w=600,"카시스, 로즈, 블랙 커런트, 베르가못, 앰버그리스, 머스크, 만다린 오렌지",,,"프루티, 그린, 아로마틱",비 오는 날 뿌리기 좋은 쌉싸름한 장미잎향
3406310,https://www.bysuco.com/product/show/3406310,,크리드,,,"만다린, 베르가못, 핑크페퍼","센티폴리아 장미, 다마스크장미, 장미 어코드, 피오니, 은방울꽃, 파우더리 노트","머스크, 바닐라, 암브록산, 캐시미어 우드","로즈, 머스크, 파우더리","부드럽고 포근한 파스텔 부케 속에서 더욱 빛나는 우아한 장미 향

새벽의 은빛 안개가 장미 꽃잎을 감싸며 꿈과 욕망이 어우러진 몽환적인 정원을 그려냅니다. 
'엘라다리아'는 부드러운 햇살과 꽃들의 속삭임 속에서 은은하게 퍼지는 빛을 담아낸 현대적인 장미 향을 선사합니다."
2351487,https://www.bysuco.com/product/show/2351487,더가 오 드 퍼퓸,디에스 앤 더가,420000.0,https://cf.bysuco.net/c59fb377f9e3cf26924c568df4f43df4.jpg?w=600,"메론, 튜베로즈, 국화","오리스, 일랑일랑, 오렌지 블로썸","튜베로즈, 자스민 삼박, 머스크","화이트 플로랄, 튜베로즈, 허벌",더가는 창립자 가비가 고향인 델리를 방문했을 때의 향기를 담은 향
2200760,https://www.bysuco.com/product/show/2200760,블레스드 바라카 오 드 퍼퓸,이니시오 퍼퓸,553000.0,https://cf.bysuco.net/e10b1f91330f7570216fb16d02ffbb27.jpg?w=600,"앰버, 샌달우드, 머스크, 바닐라",,,"파우더리, 앰버, 우디",운명의 손을 자극하는 신성한 힘이 부여된 태양 향수
2133545,https://www.bysuco.com/product/show/2133545,르 에메 오 드 퍼퓸,엠디씨아이,381000.0,https://cf.bysuco.net/a2348df774fe78f42bd5195f887bc7ee.jpg?w=600,"이탈리안 만다린, 블랙 커런트 잎, 베르가못","프렌치 오렌지 플라워, 오리스, 이집트 자스민, 은방울 꽃, 참파카, 헬리오트로프, 불가리안 로즈","산딸기, 화이트 머스크, 암브레트, 복숭아, 아미리스, 오크모스, 바닐라","화이트 플로랄, 프루티, 스위트",완벽하게 조율된 실내악 오케스트라의 화려한 로맨스와 같은 향
1908027,https://www.bysuco.com/product/show/1908027,스웨이드 엣 샤프란 엑스트레 드 퍼퓸,니샤네,350000.0,https://cf.bysuco.net/44cf9cd38ab3a5340a90a230206fe2c5.jpg?w=600,"암브레트 씨앗, 프란","스웨이드, 진저","사향, 레더","시트러스, 프레쉬, 아로마틱",세련되고 매혹적인 시그니처 스위트 향.
1908010,https://www.bysuco.com/product/show/1908010,하지밧 오우드 엑스트레 드 퍼퓸,니샤네,820000.0,https://cf.bysuco.net/c61770277877e1d90abcfca12d580ab7.webp?w=600,"파인애플, 감귤, 페 핑크 & 블랙","재스민, 올리바넘 오일 & 레티노이드","베티버 오일 아이티, 패출리 오일 인도네시아, 바닐라, 우드 오일","오우드, 프레쉬 스파이시, 스위트",상큼하고 매혹적이고 감각적인 향.
1908007,https://www.bysuco.com/product/show/1908007,파필레피코 엑스트레 드 퍼퓸,니샤네,340000.0,https://cf.bysuco.net/766dc19ebdb909ebcfac8e4f0acb78f5.webp?w=600,"카다멈, 고수, 감귤","라반딘, 쑥, 자스민","전나무발삼, 이끼, 스티락스","아로마틱, 프레쉬 스파이시, 우디",고요하고 푸른숲의 본질을 포착한 향.
1908004,https://www.bysuco.com/product/show/1908004,크레도 엑스트레 드 퍼퓸,니샤네,340000.0,https://cf.bysuco.net/970c4c68749d98160b255639120d69e4.webp?w=600,"핑크 페퍼, 카다멈",오스만투스 앱솔루트,"오우드 어코어, 샌달우드, 스웨이드","웜 스파이시, 오우드, 우디",스파이시와 우디가 어우러진 잔향이 매력적인 향.
1908001,https://www.bysuco.com/product/show/1908001,헌드레드 사일런트 웨이즈 X 엑스트레 드 퍼퓸,니샤네,340000.0,https://cf.bysuco.net/abb4c652f7ef200e41bd03617b85ac32.webp?w=600,"튜버로즈, 만다린, 피","가데니아, 오리스, 재스민, 헬리오트로프","바닐라, 레더, 출리","화이트 플로랄, 바닐라, 레더",푸루티하고 우아하고 편안한 분위기를 만드는 향.
1870050,https://www.bysuco.com/product/show/1870050,반헤라 오 드 퍼퓸,라보라토리오 올파티보,195000.0,https://cf.bysuco.net/b9f335644e972a8c2db10c4668c477be.jpg?w=600,"바닐라, 카다멈, 쓰촨 후추, 핑크 페퍼, 베르가못","캐시미어 우드, 샌달우드, 시나몬","바닐라, 다크 우드 노트, 앰버, 암브로시니, 머스크","우디, 웜 스파이시, 바닐라",흥미롭고 불분명한 감각을 떠올리게 하는 예상치 못한 향
694085,https://www.bysuco.com/product/show/694085,인퓨전 디 베티버 오 드 퍼퓸,프라다,325000.0,https://cf.bysuco.net/2ca9083edc1bec789b131f9c1e355a93.jpg?w=600,"이탈리안 베르가못, 이탈리안 만다린, 라임, 카르다몸, 튀니지 네롤리, 터키 로즈, 타라곤, 진저, 베티베르",,,"아이리스, 우디, 파우더리",베티베르가 인상적인 향을 선사하며 상쾌하고 스파이시하고 우디한 향
356069,https://www.bysuco.com/product/show/356069,리 메디테라니 오 드 퍼퓸,프레데릭 말,98000.0,https://cf.bysuco.net/23a9deaf78de7a5e9c98c18fa5238cd2.jpg?w=600,"씨 노트, 진저","릴리, 로투스, 안젤리카, 오렌지 블라썸","머스크, 바닐라","화이트 플로랄, 머스키, 마린",뜨거운 한 여름밤 지중해 바다의 물보라와 뒤섞인 밝게 빛나는 진저릴리의 신선한 향
225433,https://www.bysuco.com/product/show/225433,다크 로드 오 드 퍼퓸 리필,킬리안,350000.0,https://cf.bysuco.net/bc3f85a187657bfbbee347fbf1b0613a.jpg?w=600,"페퍼, 베르가못","럼, 자스민 삼박, 다바나","레더, 베티버, 시이프리올 오일, 나가르모타, 시더, 패출리","우디, 레더, 아로마틱",가죽과 강한 베티버의 우아한 조화
225419,https://www.bysuco.com/product/show/225419,불레이 부쿠셔 아베끄 모아 오 드 퍼퓸 리필,킬리안,350000.0,https://cf.bysuco.net/1ec5e91a9b964d6553c2f5e0420c5651.jpg?w=600,"일랑일랑, 튜베로즈, 가데니아, 바닐라, 불가리안 로즈, 샌달우드, 시더",,,"화이트 플로랄, 우디, 옐로우 플로랄","화사한 가데니아의 헤드스페이스, 일랑일랑, 감질나는 튜베로즈가 어우러진 정의하기 어려운 우아한 향"
225409,https://www.bysuco.com/product/show/225409,러브 돈 비 샤이 오 드 퍼퓸 코프레,킬리안,595000.0,https://cf.bysuco.net/8d75cb087e94c2e3371e86eac81bbf9e.jpg?w=600,"네롤리, 베르가못, 핑크 페퍼, 코리안더","오렌지 블라썸, 허니서클, 자스민, 아이리스, 로즈","슈가, 바닐라, 카라멜, 머스크, 시벳, 랍다넘","스위트, 화이트 플로랄, 바닐라",사랑이라는 마술 속으로의 이끌림을 표현한 향
225403,https://www.bysuco.com/product/show/225403,우먼 인 골드 오 드 퍼퓸 리필,킬리안,350000.0,https://cf.bysuco.net/52edfab64dcbf42d181038a961600b71.jpg?w=600,"베르가못, 만다린 오렌지, 알데하이드","바닐라 앰솔루트, 로즈, 제라늄, 프리지아","바닐라, 아키갈라우드, 통카 빈, 페출리","바닐라, 시트러스, 로즈",강렬한 반짝거림을 표현한 밝은 향
225390,https://www.bysuco.com/product/show/225390,플라워 오브 이모탈리티 오 드 퍼퓸 리필,킬리안,350000.0,https://cf.bysuco.net/ebb81cefa67f6f7fda6e736dd3b050c4.jpg?w=600,"피치, 아이리스, 로즈, 블랙 커런트, 통카 빈, 캐럿 씨드",,,"프루티, 파우더리, 아이리스",봄의 활기찬 에너지와 섬세한 본성을 표현한 향
224985,https://www.bysuco.com/product/show/224985,크리스탈 오 드 퍼퓸,샤넬,284000.0,https://cf.bysuco.net/7dfbc24745e22332e76d7296f3e8e3da.jpg?w=600,"시트러스, 그린 노트, 매그놀리아, 자스민",,,"화이트 플로럴, 플로랄, 그린",섬세하고 가볍게 퍼지는 그린 플로랄의 신선한 향
224936,https://www.bysuco.com/product/show/224936,코코 마드모아젤 퍼퓸 휴대용 스프레이,샤넬,229000.0,https://cf.bysuco.net/d02cc2199765760d669a5a5b2e8eb97e.jpg?w=600,"베르가못, 오렌지, 자몽","로즈, 리치, 자스민","패츌리, 바닐라, 머스크, 베티버","시트러스, 우디, 로즈",대담하고 자유로운 여성의 본질처럼 풍만하면서도 놀랍도록 신선한 구성을 지닌 여성스러운 앰버 향
224924,https://www.bysuco.com/product/show/224924,코코 퍼퓸,샤넬,459000.0,https://cf.bysuco.net/617817fb9afe27a236a8544a5c167582.jpg?w=600,"불가리안 로즈, 코리안더, 피치, 자스민, 만다린 오렌지","장미, 정향, 미모사, 오렌지 블라썸","앰버, 오포파낙스, 샌달우드, 바닐라","앰버, 스위트, 파우더리",세련되고 우아한 플로럴-상큼한 앰버 향
141026,https://www.bysuco.com/product/show/141026,쥬르 데르메스 오 드 퍼퓸 리필,에르메스,286000.0,https://cf.bysuco.net/26021746a2826278bac257ca13399a4b.jpg?w=600,"그레이프프룻, 레몬, 워터리 노트","화이트 플로랄, 가데니아, 그린 노트, 스위트 피","머스크, 우디 노트","시트러스, 화이트 플로랄, 그린",오직 꽃으로만 표현한 여성성의 본질
34263,https://www.bysuco.com/product/show/34263,터치 포 맨 오 드 뚜왈렛,버버리,74000.0,https://cf.bysuco.net/f9dab233b0b6b59b2576255bfba93d62.jpg?w=600,"바이올렛 리프, 아르테미지아, 만다린 오렌지","화이트페퍼, 시더, 너트맥","화이트 머스크, 통카빈, 베티버","프레쉬 스파이시, 머스크",중성적 향이 선사하는 포근함과 친밀한 이미지로 데일리로 사용하기에 좋은 향
33527,https://www.bysuco.com/product/show/33527,아란치아 로싸 오 드 퍼퓸,라보라토리오 올파티보,152000.0,https://cf.bysuco.net/080e19a0f0cd0469c01d8c16c1a4f64b.jpg?w=600,블러드 오렌지,"패션 프루츠, 오렌지 블라썸",화이트머스크,"시트러스, 프루티, 스위트",오렌지의 달콤상콤함 그 자체를 표현한 향
33472,https://www.bysuco.com/product/show/33472,레 제르 드 퍼퓸 라 트레지엠 에르 오 드 퍼퓸 (13번째 시간),까르띠에,365000.0,https://cf.bysuco.net/b2c6f758cd2990636bc8b5b3af77c135.jpg?w=600,"자작나무, 마테, 레더, 바닐라, 패출리, 베르가못",,,"레더, 스모키, 우디",스모키한 향들이 선사하는 매혹적인 향기
33471,https://www.bysuco.com/product/show/33471,레 제르 드 퍼퓸 에르 미스테리어스 오 드 퍼퓸 (신비의 시간),까르띠에,365000.0,https://cf.bysuco.net/188e988372debc9b077fc58a51254fc7.jpg?w=600,"에센스, 패출리, 엘레미 레진, 자스민, 코리앤더, 너트맥",,,"발사믹, 아로마틱, 패출리",고요한 적막이 드리운 나무숲의 신비한 향기
33464,https://www.bysuco.com/product/show/33464,레 제르 드 퍼퓸 에르 푸구스 오 드 뚜왈렛 (축제의 시간),까르띠에,365000.0,https://cf.bysuco.net/e67e0e9e2fd192fca8f8b31bfa28be67.jpg?w=600,"매그놀리아, 베르가못","마테, 베티버, 라벤더","가죽, 머스크, 떡갈나무","아로마틱, 플로랄",아로마틱과 플로랄의 조화가 선사하는 활기찬 축제와 같은 향
33449,https://www.bysuco.com/product/show/33449,파샤 드 까르띠에 에디션 누아르 오 드 뚜왈렛,까르띠에,108000.0,https://cf.bysuco.net/abfef4a49f62e18b5e2ba5ffe7f3dafa.jpg?w=600,"시트러스, 시더, 앰버, 민트, 워터리 노트, 아이리스, 블랙페퍼, 바이올렛, 헬리오트로프, 클로브",,,"파우더리, 우디, 프레쉬 스파이시",푸제르 어코드를 중심으로 펼쳐지는 우아한 매력
33437,https://www.bysuco.com/product/show/33437,리비에르 드 까르띠에 럭셔리앙스 오 드 뚜왈렛,까르띠에,154000.0,https://cf.bysuco.net/1ea86d1adc54e148e5a8b6d2fd5bb57e.jpg?w=600,"허벌 노트, 펀, 제라늄, 로즈메리, 옻나무 수지, 오크, 피스타치오",,,"아로마틱, 프레쉬 스파이시, 그린","자연, 그 날 것이 주는 풍요로움과 같은 향"
33015,https://www.bysuco.com/product/show/33015,브라이트 크리스탈 오 드 뚜왈렛,베르사체,147000.0,https://cf.bysuco.net/260831f90ab9212b2dd9fdd714723806.jpg?w=600,"유자, 석류, 아이스 어코드","피오니, 로투스, 매그놀리아","머스크, 마호가니, 앰버","플로랄, 프레쉬",시퀸 드레스를 입은 여성의 아름답고 풋풋한 이미지를 떠올리게 하는 향
32859,https://www.bysuco.com/product/show/32859,오 드 샤를로트 오 드 뚜왈렛,구딸,310000.0,https://cf.bysuco.net/f598f68ab7c3659be680f74c0c3928de.jpg?w=600,릴리,"미모사, 릴리 오브 더 밸리","카카오, 바닐라","화이트 플로랄, 옐로우 플로랄, 카카오",집에서 디저트를 먹으며 보내는 여유와 같은 향
32801,https://www.bysuco.com/product/show/32801,맨 테라 에센스 오 드 퍼퓸,불가리,141000.0,https://cf.bysuco.net/0ee2fa60c03592417b2ee1c877293180.jpg?w=600,"시트론, 깔라만시","베티버, 이리스","얼시 노트, 때죽나무","얼시, 시트러스, 우디",대지의 풍요로움이 깃든 감각적인 향
23775,https://www.bysuco.com/product/show/23775,하이그로브 부케 오 드 퍼퓸,펜할리곤스,390000.0,https://cf.bysuco.net/41087596f1f8644b9849ef33044ffaea.jpg?w=600,라임 블라썸,미모사,시더,"옐로우 플로랄, 파우더리, 스위트",어느 여름날 별장의 만개한 정원의 향
23357,https://www.bysuco.com/product/show/23357,딜리셔스 루바즈 앤 로즈 오 드 퍼퓸,몰튼 브라운,240000.0,https://cf.bysuco.net/2ee239d9084d15d920ba9b40f4b65536.jpg?w=600,"라즈베리, 루바브, 자몽, 리치","피오니, 로즈, 핑크 페퍼","머스크, 바닐라, 시더","프루티, 로즈, 플로랄",풍미 가득한 디저트처럼 거부할 수 없는 향
22905,https://www.bysuco.com/product/show/22905,르 샹 드 카마르그 오 드 퍼퓸,라티잔 퍼퓨머,299000.0,https://cf.bysuco.net/0322c425df4eab2922efe5d72d6affdf.jpg?w=600,칼라브리안 베르가못,"라이스, 헤디온",샌달우드,"우디, 화이트 플로랄, 플로랄",포근함에 가까운 샌달우드의 향이 선사하는 우아함과 굉장히 자장가 같은 향수
22755,https://www.bysuco.com/product/show/22755,그린 오렌지 앤 코리안더 오 드 뚜왈렛,조 러브스,169000.0,https://cf.bysuco.net/274ab16b4ddb8a444e7e8a85f5d26206.jpg?w=600,"비터 오렌지, 블랙 페퍼","코리안더, 코리안더 리프","오크모스, 통카 빈","시트러스, 아로마틱, 프레쉬 스파이시",뉴욕에서의 여유로운 하루를 연상시키는 향.
21893,https://www.bysuco.com/product/show/21893,히어로 포 맨 오 드 퍼퓸,버버리,146000.0,https://cf.bysuco.net/35d74bdeabdd02e4cde3aa5cfba03662.jpg?w=600,"파인 니들, 올바늄","벤조인, 인센스","아틀라스 시더, 히말라얀 시더, 버지니아 시더","엠버, 우디",시더우드와 시트러스가 조화롭게 어우러져 화사하면서 매력적인 이미지 연출
10750,https://www.bysuco.com/product/show/10750,도손 오 드 뚜왈렛 (트래블 퍼퓸),딥티크,176000.0,https://cf.bysuco.net/b92a72390ea18bcb4091a96fa08a7b55_cvt.webp?w=600,"아프리칸 오렌지 플라워, 아이리스, 로즈","튜베로즈, 핑크 페퍼","벤조인, 머스크","화이트 플로랄, 튜베로즈, 애니멀릭",우아하고 묵직한 크리미 머스크 향
10509,https://www.bysuco.com/product/show/10509,오리엔탈 레더 오 드 퍼퓸,메모,390000.0,https://cf.bysuco.net/13bd46f6e3f42e5fb514f9a75a715b16_cvt.webp?w=600,"라벤더, 레드 칠리 페퍼, 고수","제라늄, 시나몬, 아니스, 티","클로브, 레더, 페출리, 벤조인, 바닐라","웜 스파이시, 아로마틱, 프레쉬 스파이시",페출리 레더 웨이크에서 오만의 눈부신 화려함을 연상시키는 풍부하고 장엄한 향
10412,https://www.bysuco.com/product/show/10412,잉글리쉬 페어 앤 프리지아 오 드 코롱 선물패키지,조 말론,239000.0,https://cf.bysuco.net/413b5f258677fda1cc83caf7dc65f677.jpg?w=600,"페어, 멜론","프리지아, 로즈","머스크, 페출리, 루바브, 앰버","플로랄, 프루티, 스위트","가을의 정수. 화이트 프리지아 부케향에 이제 막 익은 배의 신선함을 입히고 호박, 파출리, 우디향으로 은은함을 더했습니다"
9960,https://www.bysuco.com/product/show/9960,릴리 오브 더 밸리 오 드 퍼퓸,아쿠아 디 파르마,195000.0,https://cf.bysuco.net/0f12774ffa4d259246086a42ffcacad5_cvt.webp?w=600,"블랙커런트, 베르가못, 자몽","릴리 오브 더 밸리, 제라늄, 자스민, 매그놀리아","머스크, 시더","화이트 플로랄, 시트러스","은방울꽃과 시트러스의 조화로 화창한 자연의 향을 연상, 조용하지만 특별한 분위기를 발산하는 이미지 연출"
3408647,https://www.bysuco.com/product/show/3408647,러스트 에센스 드 퍼퓸,아무아쥬,650000.0,https://cf.bysuco.net/6d1a12d5e369773c72a6814794b9bd68.jpg?w=600,"카다몸, 오리스","샌달우드, 시더우드, 파출리","벤조인, 라브다넘, 바닐라, 시프리올, 스티락스, 통카빈, 미르","우디, 앰버, 파우더리, 스파이시","카다몸의 따뜻한 스파이스와 오리스의 부드러운 파우더리 향이 은은하게 퍼지며, 샌달우드와 시더우드의 크리미한 우디 결이 깊이를 더하고, 벤조인과 라브다넘, 바닐라가 겹쳐져 따뜻하고 세련된 광채처럼 이어지는 앰버 우디 향"
3408646,https://www.bysuco.com/product/show/3408646,에픽 56 우먼 엑스트레 드 퍼퓸,아무아쥬,730000.0,https://cf.bysuco.net/88235aea5e736195dcdfd2e1840ba9f8.jpg?w=600,"커민, 핑크 페퍼, 시나몬","다마스크 로즈, 제라늄, 자스민 티","앰버, 머스크, 오우드, 프랑킨센스, 가이악우드, 오리스, 샌달우드, 파출리, 바닐라","오리엔탈, 스파이시, 레진, 우디","따뜻한 커민과 시나몬, 핑크 페퍼의 스파이시한 열기가 강렬하게 열리며, 다마스크 로즈와 자스민 티의 우아한 플로럴이 깊이를 더하고, 프랑킨센스와 오우드, 앰버가 겹쳐져 신비롭고 장엄하게 이어지는 오리엔탈 스파이시 향"
3408644,https://www.bysuco.com/product/show/3408644,러브 딜라이트 우먼 오 드 퍼퓸,아무아쥬,530000.0,https://cf.bysuco.net/143b767d44835a12a66d8c941651c818.jpg?w=600,"진저, 만다린, 로즈 워터, 시나몬","헬리오트로프, 자스민, 로즈","바닐라, 코코아, 럼, 시프리올","플로럴, 구르망, 스위트, 스파이시","상큼한 만다린과 진저의 스파이시한 시트러스가 밝게 열리며, 헬리오트로프와 자스민·로즈의 부드러운 플로럴이 퍼지고, 바닐라와 코코아·럼의 달콤한 온기가 겹쳐져 디저트처럼 매혹적으로 남는 플로럴 구르망 향"
3408637,https://www.bysuco.com/product/show/3408637,리플렉션 우먼 오 드 퍼퓸,아무아쥬,530000.0,https://cf.bysuco.net/43841f72db1b2f6646722c692012c521.jpg?w=600,"그린 리브스, 프리지아, 워터 바이올렛","매그놀리아, 자스민","시더우드, 샌달우드, 앰버","플로럴, 그린, 우디, 파우더리","이슬 맺힌 초록 잎과 프리지아의 싱그러운 플로럴이 맑게 퍼지며, 매그놀리아와 자스민이 우아하게 피어나고, 시더우드와 샌달우드, 앰버가 부드럽게 이어져 차분하고 세련된 여운을 남기는 클래식 플로럴 우디 향"
3408634,https://www.bysuco.com/product/show/3408634,오푸스 XV 킹 블루 오 드 퍼퓸,아무아쥬,730000.0,https://cf.bysuco.net/02035fd7a7b3faf9dac9f9226413153a.jpg?w=600,"만다린, 블랙커런트, 핑크 페퍼","프랑킨센스, 앰버","오우드, 레더, 샌달우드, 파출리","우디, 앰버, 레진, 스파이시","상큼한 만다린과 블랙커런트의 프루티한 시트러스가 밝게 열리며, 프랑킨센스와 앰버의 레진 향이 깊이를 더하고, 오우드와 레더, 샌달우드가 겹쳐져 묵직하고 장엄하게 이어지는 오리엔탈 우디 향"
3408631,https://www.bysuco.com/product/show/3408631,바운드리스 오 드 퍼퓸,아무아쥬,530000.0,https://cf.bysuco.net/75cba36a03128cada12b810a4682b997.jpg?w=600,"블러드 오렌지, 카다몸, 진저","벤조인, 바닐라","통카빈, 미르, 코코아, 우디 노트","앰버, 스파이시, 레진, 웜","따뜻한 스파이스와 레진의 깊은 향기가 풍부하게 퍼지며, 바닐라와 통카빈의 달콤함이 더해져 앰버와 우디 노트로 묵직하고 관능적으로 이어지는 오리엔탈 앰버 향"
3408629,https://www.bysuco.com/product/show/3408629,오푸스 VII 레클리스 레더 오 드 퍼퓸,아무아쥬,530000.0,https://cf.bysuco.net/d43c9df4fcb7de3bdb1d56adfa4678b8.jpg?w=600,"갈바넘, 핑크 페퍼","인센스, 시더우드","레더, 우디 노트","레더, 우디, 스모키, 스파이시","그린한 갈바넘과 스파이스가 강렬하게 열리며, 가죽의 거친 질감과 인센스의 스모키함이 겹쳐져 깊고 어둡게 이어지는 강렬한 레더 우디 향"
3408627,https://www.bysuco.com/product/show/3408627,인터루드 오 드 퍼퓸 포 우먼,아무아쥬,530000.0,https://cf.bysuco.net/3c2c47742c8d7c4184787477a3e31785.jpg?w=600,"베르가못, 자몽, 진저","오렌지 블로썸, 로즈, 재스민","오포포낙스, 바닐라, 샌달우드
``","오리엔탈, 플로럴, 스파이시, 앰버","따뜻한 베르가못과 진저의 스파이스가 열리며, 오렌지 블로썸과 로즈의 풍부한 플로럴이 겹쳐지고, 오포포낙스와 바닐라, 우디 노트가 깊고 관능적인 여운으로 이어지는 오리엔탈 플로럴 향"
3408604,https://www.bysuco.com/product/show/3408604,타박 로즈 오 드 퍼퓸,비디케이,89000.0,https://cf.bysuco.net/6a41421bfb5346cbb127e21c297d6d8a.jpg?w=600,"플럼, 핑크 페퍼, 이탈리안 레몬","터키쉬 로즈, 초콜릿, 시나몬","타바코, 인도네시안 패촐리 리프, 스페인 라다넘","스위트, 로즈, 웜 스파이시",타바코가 어우러진 부드러우면서 강력한 로즈향
3407668,https://www.bysuco.com/product/show/3407668,자스민 17 오 드 퍼퓸 (벌크 제품),르 라보,310000.0,https://cf.bysuco.net/239a8c5fd26d16100756637a019431e4.jpg?w=600,"오렌지 블라썸, 자스민, 비터 오렌지, 네롤리, 머스크, 바닐라, 파마로사, 메이창, 앰버, 샌달우드",,,"화이트 플로랄, 시트러스, 프레쉬",자스민을 현대적인 느낌으로 재해석한 향
3407261,https://www.bysuco.com/product/show/3407261,머스크 임페리얼 코롱 압솔뤼 오 드 퍼퓸,아틀리에 코롱,148000.0,https://cf.bysuco.net/2ed784f896e1baad259b32b4f0c4aa77.jpg?w=600,"블랙 커런트, 칼라브리안 베르가못, 클라리 세이지","피그, 레더, 라벤더","앰브레트, 버지니아 시더우드","프루티, 우디, 아로마틱",프루티한 블랙 피그 어코드가 밤하늘의 깊은 색을 연상시키는 향을 완성합니다.
3407253,https://www.bysuco.com/product/show/3407253,로즈 뀌레 코롱 레어 오 드 퍼퓸,아틀리에 코롱,190000.0,https://cf.bysuco.net/cd898f396c1056de9c58e58b2f8cf685.jpg?w=600,"가이악 우드, 터키쉬 로즈, 아가우드, 베르가못",,,"로즈, 우디, 오우드",이탈리아산 베르가못이 꽃이 피는 향을 더욱 돋보이게 합니다.
3407241,https://www.bysuco.com/product/show/3407241,보헤미안 오렌지 블로썸 코롱 압솔뤼 오 드 퍼퓸,아틀리에 코롱,148000.0,https://cf.bysuco.net/767562a46aedec06c6dcb85fa6a25add.jpg?w=600,오렌지,네롤리,오렌지 블러썸,"시트러스, 화이트 플로랄, 스위트","두 번째 추출 유형인 네롤리 에센스는 꽃의 섬세하고 편안한 면을 드러냅니다. 시더우드 에센스
오렌지 플라워 노트는 시더우드의 수직 우디 노트 덕분에 전체 향 구조를 개선하고 통과합니다."
3406948,https://www.bysuco.com/product/show/3406948,1996 오 드 퍼퓸,바이레도,280000.0,https://cf.bysuco.net/409926f27515ba00ab5d46942deda397.jpg?w=600,"블랙 페퍼, 쥬니퍼 베리","레더 어코드, 오리스, 바이올렛","블랙 앰버, 패츌리, 바닐라","레더, 아로마틱, 프레시 스파이시","블랙 페퍼, 가죽, 파출리가 따뜻한 조화를 이룹니다."
3406131,https://www.bysuco.com/product/show/3406131,라디오 봄베이 오 드 퍼퓸,디에스 앤 더가,95000.0,https://cf.bysuco.net/00134994fb7d9ba8ad9987382c269fd7.webp?w=600,"우드, 구리, 시더우드","샌달우드, 아이리스, 브로니아","전나무, 코코넛 머스크, 앰버그리스","우디, 파우더리, 코코넛",열로 인해 나무의 기름이 분해되어 RAGAS와 GEETA DUTT는 바쁜 도시의 작은 스피커에서 장글거리는 소리와 같은 향
3406103,https://www.bysuco.com/product/show/3406103,잉글리쉬 페어 앤 프리지아 오 드 코롱 선물패키지,조 말론,110000.0,https://cf.bysuco.net/053683392dec7e20f77b22d23578a7e5.jpg?w=600,"페어, 멜론","프리지아, 로즈","머스크, 페출리, 루바브, 앰버","플로랄, 프루티, 스위트","가을의 정수. 화이트 프리지아 부케향에 이제 막 익은 배의 신선함을 입히고 호박, 파출리, 우디향으로 은은함을 더했습니다"
3405999,https://www.bysuco.com/product/show/3405999,패러독스 버츄얼 플라 오 드 퍼퓸,프라다,,,베르가못,"네롤리, 자스민","앰버, 머스크","화이트 플로랄, 머스크, 시트러스",안개속에서 피어난 플로럴 머스크 향
3405895,https://www.bysuco.com/product/show/3405895,투티 트윌리 데르메스 오 드 퍼퓸,에르메스,,,리치,진저 플라워,머스크,"프루티, 웜 스파이시, 프레쉬",
3405283,https://www.bysuco.com/product/show/3405283,리퀴드 일루전 오 드 퍼퓸,줄리엣 헤즈 어 건,331000.0,https://cf.bysuco.net/beb670a2898dd7f409a6327c8b8075a8.jpg?w=600,"아몬드, 헬리오트로프, 바이올렛","아이리스, 오리스, 튜베로즈","머스크, 통카빈, 앰버, 사이암벤조인","파우더리, 아이리스, 아몬드",영혼이 융합되고 감각이 고조될 정도로 압도적인 향기입니다.
2133537,https://www.bysuco.com/product/show/2133537,앙브르 톱카피 오 드 퍼퓸,엠디씨아이,381000.0,https://cf.bysuco.net/af728fa00ef23801fcf7d30b76fa7234.jpg?w=600,"라벤더, 파인애플, 자몽, 메론, 넛맥, 웜우드, 베르가못, 진저, 바질, 캐러웨이, 카다멈, 시나몬","은방울꽃, 바이올렛, 자스민, 백리향","머스크, 앰버, 오크모스, 가죽, 브라질리안 로즈우드, 티, 패츌리, 산딸기, 샌달우드, 바닐라, 베티버","프레쉬 스파이시, 아로마틱, 스위트",우아함이 넘치는 클래식 향수
1908025,https://www.bysuco.com/product/show/1908025,아프리카 올리판트 엑스트레 드 퍼퓸,니샤네,350000.0,https://cf.bysuco.net/cdfb895e05046ea53d5bfad84e1ab05a.webp?w=600,"암베르그리스, 유향, 몰약, 라다넘","카스토레움, 시, 레더, 우","무세논, 티베톤, 무스콘, 시베톤","엠버, 머스크, 아로마틱",숨겨진 욕망을 자극하는 향.
1908009,https://www.bysuco.com/product/show/1908009,우누타맘 엑스트레 드 퍼퓸,니샤네,210000.0,https://cf.bysuco.net/12f3f74248f1f250c4fa845c17748c0a.webp?w=600,"라벤더, 로즈마리, 민트, 주니퍼","재스민, 카네이션, 패출리, 앰버, 오레가노","카스토리움, 시스터스, 오크모스, 카라멜","아로마틱, 프레쉬 스파이시, 우디",허브의 아로마틱과 애니멀릭한 독특한 향.
1908006,https://www.bysuco.com/product/show/1908006,템플루오 엑스트레 드 퍼퓸,니샤네,340000.0,https://cf.bysuco.net/e958d01313775afac7376abcac24028b.webp?w=600,"베르가못 오일, 만다린, 사프란","재스민 삼박 앱솔루트, 오렌지 플라워, 프랄린","캐시미어 우드, 시더우드, 바닐라","스트러스, 화이트 플로, 스위트",달콤하고 포한 향.
1870053,https://www.bysuco.com/product/show/1870053,익스플로드 오 드 퍼퓸,라보라토리오 올파티보,195000.0,https://cf.bysuco.net/69068a38bb7df095655bc1b9ac283b17.jpg?w=600,"블랙 페퍼, 핑크 페퍼, 넛맥, 올리바넘, 코리안더","시프리올 오일, 나가르모타, 매그놀란, 워터리 노트, 은방울꽃, 가데니아","인도 오우드, 화이트 오우드, 암브로세나이브, 용연향, 베티버, 패츌리, 화이트 샌달우드","우디, 프레쉬 스파이시, 앰버",가장 귀중하고 빛나는 Oud를 기반으로 한 향기
1870052,https://www.bysuco.com/product/show/1870052,톤케이드 오 드 퍼퓸,라보라토리오 올파티보,195000.0,https://cf.bysuco.net/860662aa506faf5eaa5cf44e8fc57d84.jpg?w=600,"통카 빈, 드라이 후르츠, 카다멈, 네롤리","바닐라, 캐쉬미란, 시더, 패츌리","통카 빈, 바닐라, 인센스, 앰버우드, 머스크","바닐라, 앰버, 우디","댄서의 구불구불한 움직임처럼 나타나고, 돌고, 사라지는 성분들이 마음과 정신에 각인된 합창 공연"
694098,https://www.bysuco.com/product/show/694098,루나 로사 오션 오 드 퍼퓸,프라다,165000.0,https://cf.bysuco.net/c98ff50f0f054022d5119089db11683e.jpg?w=600,자몽,"우디 노트, 프랑킨센스","바닐라, 앰버 익스트림","앰버, 우디, 바닐라",새로운 남성적 강렬함을 선사하는 강렬한 세련미와 관능미를 가진 향
694094,https://www.bysuco.com/product/show/694094,프라다 앰버 오 드 퍼퓸,프라다,243000.0,https://cf.bysuco.net/7b465d2e86c16a45cfa3b86b8cfe4656.jpg?w=600,"베르가못, 비터 오렌지, 만다린 오렌지, 미모사","패츌리, 로즈, 핑크 페퍼","벤조인, 샌달우드, 머스크, 라브다넘, 통카빈","우디, 웜 스파이시, 패츌리",클래식한 여성미에 모던한 감성의 향
356066,https://www.bysuco.com/product/show/356066,드리스 반 노튼 오 드 퍼퓸,프레데릭 말,98000.0,https://cf.bysuco.net/6648e481156e2183e6f47e9bc0a9cdfe.jpg?w=600,"샌달우드, 바닐라, 사프란, 넛맥, 통카빈, 패츌리, 과이액목, 머스크, 우디노트, 자스민, 베르가못, 레몬",,,"우디, 웜 스파이시, 바닐라",세련된 샌달우드와 바닐라의 조합이 선사하는 고급스러운 향
225415,https://www.bysuco.com/product/show/225415,러브 오 프레쉬 오 드 퍼퓸 리필,킬리안,580000.0,https://cf.bysuco.net/6c9f9cb0e134a1f978365fe7ad53a74b.jpg?w=600,"네롤리, 페티그레인","자스민, 피오니, 프리지아","마쉬멜로우, 화이트 머스크","플로랄, 화이트 플로랄, 스위트",슈가 어코드의 달콤함으로 부드럽게 퍼지는 관능미
225413,https://www.bysuco.com/product/show/225413,러브 익스트림 오 드 퍼퓸 리필,킬리안,580000.0,https://cf.bysuco.net/5037906e33cf4bf23de6f4050b9e8a5b.jpg?w=600,"네롤리, 베르가못","오렌지 블라섬, 불가리안 로즈","마쉬멜로우, 바닐라, 머스크, 포메그란트","스위트, 화이트 플로랄, 시트러스",유쾌한 마시멜로우 어코드가 선사하는 숭고한 꽃향기
225381,https://www.bysuco.com/product/show/225381,애플 브랜디 온 더 락스 오 드 퍼퓸 리필,킬리안,350000.0,https://cf.bysuco.net/a4acbb3d09e09e8363ebea320897a1bd.jpg?w=600,"카다멈, 베르가못","애플, 럼, 브랜디, 파인애플, 바닐라, 모스","암브록산, 시더","프루티, 우디, 웜 스파이시","사과의 프루티한 블렌드가 브랜디와 조화를 이루며 럼주, 모스, 바닐라의 향을 이용해 재구성한 향"
225098,https://www.bysuco.com/product/show/225098,쁘와종 걸 언익스펙티드 오 드 뚜왈렛,디올,165000.0,https://cf.bysuco.net/89926a5a120b43a99041934411d082b5.jpg?w=600,"진저, 블러드 오렌지, 레몬",다마스크 로즈,"바닐라, 통카빈, 헤이즐넛, 캐쉬미란","바닐라, 시트러스, 웜 스파이시",전혀 예상치 못했던 새롭고 신선하며 반짝이는 플로럴 향
224931,https://www.bysuco.com/product/show/224931,코코 누와르 퍼퓸,샤넬,459000.0,https://cf.bysuco.net/735c7867920d6ea43c6c37d4392de697.jpg?w=600,"자몽, 베르가못, 오렌지","로즈, 제라늄, 자스민, 수선화, 피치","패츌리, 샌달우드, 올리바 통카빈, 바닐라, 화이트 머스크","웜 스파이시, 우디, 시트러스",짙은 어둠 사이로 강렬한 개성과 신비한 우아함을 황홀하게 펼쳐지는 향
224914,https://www.bysuco.com/product/show/224914,넘버5 로 트위스트 앤 스프레이 오 드 뚜왈렛 리필 세트,샤넬,206000.0,https://cf.bysuco.net/80e36e868d9429b4036fd04ec0849d70.jpg?w=600,"레몬, 알데히드, 라임, 베르가못, 네롤리, 만다린 오렌지","자스민, 일랑일랑, 5월의 장미","화이트 머스크, 오리스, 시더, 바닐","시트러스, 파우더리, 알데하이드",20ml*3로 구성되어 있는 세트 상품
140876,https://www.bysuco.com/product/show/140876,끌로에 시그니처 나츄렐 오 드 퍼퓸 리필,끌로에,237000.0,https://cf.bysuco.net/e5637e683e1ebf5b9e59f8cbe9d487cc.jpg?w=600,"시트론, 블랙 커런트","로즈, 네롤리","미모사, 시더","로즈, 시트러스, 플로랄",오가닉 로즈의 모던한 향을 담은 향
97058,https://www.bysuco.com/product/show/97058,오간자 오 드 퍼퓸,지방시,186000.0,https://cf.bysuco.net/5d13b68f8209e4d578469deba6b5f3c9.jpg?w=600,자스민,가드니아,바닐라,"화이트 플로랄, 프레쉬 스파이시, 우디",바닐라로 강화된 화이트 플라워로 구성된 풍만한 향수
97053,https://www.bysuco.com/product/show/97053,III 오 드 뚜왈렛,지방시,218000.0,https://cf.bysuco.net/6c72d6d80c681bdb560b93b3e3192329.jpg?w=600,히아신스,오리스,패츌리 에센스,"그린, 얼디, 아로마틱",시대를 초월한 유산 컬렉션의 지방시의 상징적인 향수.
33808,https://www.bysuco.com/product/show/33808,탄트리코 오 드 퍼퓸,라보라토리오 올파티보,130000.0,https://cf.bysuco.net/450ffa8ade31cdd0da1531d5745c5c4a.jpg?w=600,"주니퍼 베리, 클라리 세이지, 자몽, 라임","사이프러스, 샌달우드, 사천 페퍼","아틀라스 시더, 발삼 전나무, 화이트 머스크","우디, 아로마틱, 프레쉬 스파이시",지속적이면서도 친밀한 분위기를 자아내는 향
33806,https://www.bysuco.com/product/show/33806,튜베로즈 오 드 퍼퓸,라보라토리오 올파티보,130000.0,https://cf.bysuco.net/28c05be8079f9e4971fdba296921e244.jpg?w=600,"튜베로즈, 코리앤더, 머스크, 카네이션, 스파이스",,,"튜베로즈, 화이트 플로랄, 웜 스파이시",심플하면서도 섬세하게 표현한 튜베로즈의 향
33796,https://www.bysuco.com/product/show/33796,니드 유 오 드 퍼퓸,라보라토리오 올파티보,87000.0,https://cf.bysuco.net/894c87cc8e60954fe571619b4914a16b.jpg?w=600,"레몬, 핑크 페퍼","시 노트, 화이트 플로랄, 자스민","암브록산, 화이트 머스크, 샌달 우드","머스크, 화이트 플로랄, 마린",상쾌하게 시작하여 매혹적이고 부드러운 머스크가 선사하는 데일리 향
33520,https://www.bysuco.com/product/show/33520,스파이스 머스트 플로우 오 드 퍼퓸,에따 리브르 도량쥬,315000.0,https://cf.bysuco.net/dfac97baba0a1fa41989363d1c62a35e.jpg?w=600,카다멈,"터키쉬 로즈, 진저",인센스,"웜 스파이시, 로즈, 앰버",모던하면서 신비로운 새로운 스파이시 로즈 향
33513,https://www.bysuco.com/product/show/33513,코롱 오 드 퍼퓸,에따 리브르 도량쥬,150000.0,https://cf.bysuco.net/1a7296ac9c068e31542c5aae0447e13f.jpg?w=600,"베르가못, 블러드 오렌지, 그린 노트","오렌지 블로썸, 자스민","머스크, 레더","시트러스, 화이트 플로랄, 그린",시트러스의 풍미와 머스크의 묵직한 향의 조화
33480,https://www.bysuco.com/product/show/33480,레 제르 보야제즈 우드 앤 핑크 오 드 퍼퓸,까르띠에,465000.0,https://cf.bysuco.net/7483473ced59de8cdaf5687337719d26.jpg?w=600,"로즈, 아가우드(오우드)",,,"로즈, 오우드, 플로랄",중성적인 매력이 가득한 오우드를 품은 장미의 향
33451,https://www.bysuco.com/product/show/33451,파샤 드 까르띠에 에디션 누아르 스포츠 오 드 뚜왈렛,까르띠에,154000.0,https://cf.bysuco.net/e3ed39e64f2ed0dd8b1adda2593f834c.jpg?w=600,"시트러스, 워터리노트",씨 노트,"시더, 샌달우드, 앰버","우디, 시트러스, 아쿠아틱",물기를 머금른 푸제르가 선사하는 우아한 매력
33438,https://www.bysuco.com/product/show/33438,리비에르 드 까르띠에 럭셔리앙스 오 드 뚜왈렛 리필,까르띠에,187000.0,https://cf.bysuco.net/183f72f37039a3e393bed3db1a50c7f3.jpg?w=600,"허벌 노트, 펀, 제라늄, 로즈메리, 옻나무 수지, 오크, 피스타치오",,,"아로마틱, 프레쉬 스파이시, 그린","자연, 그 날 것이 주는 풍요로움과 같은 향

{설명}
- 리필용 상품"
33335,https://www.bysuco.com/product/show/33335,레 조 아 라 모드 아이즈 온 미 오 드 뚜왈렛,미우미우,145000.0,https://cf.bysuco.net/a345024f343ac76acebe12b4b3c588cf.jpg?w=600,"마카롱, 라즈베리","카라멜, 로즈",벤조인,"스위트, 앰버, 카라멜",모험을 즐기는 밤의 쾌락자를 위한 달콤한 향
33298,https://www.bysuco.com/product/show/33298,옐로우 다이아몬드 오 드 뚜왈렛,베르사체,106000.0,https://cf.bysuco.net/e5c593b769f8c2b2a6132b2efbea3a61.jpg?w=600,"레몬, 페어, 베르가못, 네롤리","미모사, 프리지아, 워터 릴리, 오렌지 플라워","머스크, 가이악우드, 앰버","시트러스, 플로랄, 옐로우 플로랄",오렌지 블라썸의 우아한 향과 관능적인 앰버향이 은은하게 지속되어 고귀하고 성숙한 여성의 향
33294,https://www.bysuco.com/product/show/33294,브라이트 크리스탈 오 드 뚜왈렛,베르사체,110000.0,https://cf.bysuco.net/4f1fa05ffd8d31c3aa105177ff21af68.jpg?w=600,"유자, 석류, 아이스 어코드","피오니, 로투스, 매그놀리아","머스크, 마호가니, 앰버","플로랄, 프레쉬",시퀸 드레스를 입은 여성의 아름답고 풋풋한 이미지를 떠올리게 하는 향
33289,https://www.bysuco.com/product/show/33289,뿌르 팜므 딜런 블루 오 드 퍼퓸,베르사체,126000.0,https://cf.bysuco.net/9689554dbbd33a0107d790b597cc1b6b.jpg?w=600,"그래니, 스미스 애플, 블랙 커런트, 클로브, 폴겟 미 낫, 시소","피치, 페탈리아, 로즈 힙, 로즈, 자스민","머스크, 화이트 우드, 때죽나무, 패출리","프루티, 플로랄, 그린",새콤달콤한 과일향에 장미를 바탕으로 한 풍부한 꽃향
32418,https://www.bysuco.com/product/show/32418,아틀라스 피버 오 드 퍼퓸,엑스 니힐로,450000.0,https://cf.bysuco.net/1c0c88e243453adc00a7589ffeba212f.jpg?w=600,"인센스, 레드베리",나르시소스,"바닐라, 통카빈, 샌달우드, 오크, 가이악우드, 시더","우디, 바닐라",락앤롤의 반항 정신을 통해 보여지는 동양의 장엄함을 선사하여 중후하지만 스윗한 이미지 연출
23309,https://www.bysuco.com/product/show/23309,코르푸 오 드 퍼퓸,메모,390000.0,https://cf.bysuco.net/c2ca23ca70dc8c8da44eadeffdbce23b.jpg?w=600,"루바브, 레몬, 자몽, 카시스, 블랙 커런트, 베르가못, 만다린 오렌지, 오렌지, 바질","로즈 오일, 릴리오브더밸리, 제라늄, 피치, 라즈베리, 자스민, 오리즈, 너드 히말라얀, 클로브","머스크, 캐시미어 우드, 시더, 모스, 페출리, 샌달우드, 암브레트, 앰버, 통카 빈","시트러스, 아로마틱, 프루티",그리스 하늘처럼 생동감 넘치는 태양의 향
23269,https://www.bysuco.com/product/show/23269,케두 오 드 퍼퓸,메모,85000.0,https://cf.bysuco.net/74d8edd98159f478c7ee389235a59f9c.jpg?w=600,"자몽, 네롤리, 만다린 오렌지","메이트, 프리지아, 피오니, 로즈","참깨, 화이트 머스크, 모스","시트러스, 아로마틱, 플로랄",인도네시아 자바섬의 문화를 담은 향
21927,https://www.bysuco.com/product/show/21927,선데이 코롱 오 드 퍼퓸,바이레도,280000.0,https://cf.bysuco.net/edfbd6ae0d1a406ec3f9f2968e1120e6.jpg?w=600,"베르가못, 스타아니스, 카다멈","라벤더, 제라늄, 인센스","베티버, 오크모스, 패츌리","아로마틱, 프레쉬 스파이시, 시트러스",시트러스하고 크리스피한 균형잡힌 일요일 휴식과 같은 향
21896,https://www.bysuco.com/product/show/21896,런던 오 드 퍼퓸,버버리,113000.0,https://cf.bysuco.net/31cbc5deb61043dc1cdd0c5ae0e8353a.jpg?w=600,"허니써클, 탠저린, 로즈","자스민, 티아레 플라워, 피오니, 클레멘타인","머스크, 샌달우드, 패츌리","화이트 플로랄, 시트러스",산뜻한 플로랄이 선사하는 부드럽고 따뜻한 이미지의 향
21129,https://www.bysuco.com/product/show/21129,우드 세이지 앤 씨 솔트 오 드 코롱 선물패키지,조 말론,239000.0,https://cf.bysuco.net/6b28c583817c7ed57893b4e34895c176.jpg?w=600,암브레트,"씨 솔트, 미네랄 노트",세이지,"머스크, 솔티, 아로마틱",바람부는 해안을 따라 걸으며 휴식을 취하는 것같은 향
10752,https://www.bysuco.com/product/show/10752,오 로즈 오 드 뚜왈렛 (트래블 퍼퓸),딥티크,176000.0,https://cf.bysuco.net/b92a72390ea18bcb4091a96fa08a7b55_cvt.webp?w=600,"리치, 블랙 커런트, 베르가못","로즈, 제라늄, 자스민","머스크, 화이트 허니, 버지니아 시더","로즈, 프루티, 플로랄",장미 본연의 향기를 더욱 생생하게 느낄 수 있는 향수
9277,https://www.bysuco.com/product/show/9277,시프레소 디 토스카나 오 드 뚜왈렛,아쿠아 디 파르마,125000.0,https://cf.bysuco.net/d8dd6ec505465c1eb6b2198f2f454e12.jpg?w=600,"로즈마리, 바질, 세이지, 자몽, 페티그레인","파인트리, 라멘더, 코리앤더, 카다멈, 자스민, 릴리 오브 더 밸리","사이프레, 실버파인, 베티버, 시더, 오크모스, 패츌리","아로마틱, 우디, 프레쉬",아로마틱한 향들의 돋보이는 상쾌하고 편안한 분위기를 연출
3408643,https://www.bysuco.com/product/show/3408643,골드 오 드 퍼퓸 포 맨,아무아쥬,530000.0,https://cf.bysuco.net/9353edd5773419690d02517265e8c881.jpg?w=600,"은방울꽃, 로즈힙, 프랑킨센스","자스민, 오리스 루트, 미르","앰버그리스, 시벳, 머스크, 오크모스, 샌달우드, 파출리, 시더우드","오리엔탈, 플로럴, 레진, 클래식","프랑킨센스와 장미, 은방울꽃의 클래식한 플로럴이 화려하게 열리며, 자스민과 오리스의 파우더리함이 더해지고, 앰버그리스와 샌달우드·머스크가 깊고 장엄하게 이어지는 왕실 같은 분위기의 오리엔탈 플로럴 우디 향"
3408642,https://www.bysuco.com/product/show/3408642,리즌 에센스 드 퍼퓸,아무아쥬,650000.0,https://cf.bysuco.net/cb17520dd3cced4e661958b475235d1c.jpg?w=600,"카다몸, 헤이즐넛, 핑크 페퍼, 시나몬","파인, 다바나, 파출리, 사이프리올, 화이트 앰버","팔로 산토, 샌달우드, 벤조인, 시더우드, 베티버, 미르, 오크모스, 머스크","우디, 스파이시, 레진, 앰버","따뜻한 헤이즐넛과 카다몸의 스파이시한 향이 부드럽게 열리며, 다바나와 파인, 앰버가 어우러져 깊이를 더하고, 팔로 산토와 샌달우드, 레진 노트가 겹쳐져 묵직하고 명상적인 분위기를 남기는 우디 스파이시 향"
3408641,https://www.bysuco.com/product/show/3408641,오푸스 16 팀버 오 드 퍼퓸,아무아쥬,530000.0,https://cf.bysuco.net/f1eef349b4b569666d65db0d7ce57ff5.jpg?w=600,"사이프러스, 주니퍼, 카다몸, 핑크 페퍼, 코코아","프랑킨센스, 퍼 발삼, 라벤더","샌달우드, 팔로 산토, 시더우드, 바닐라, 파출리","우디, 아로마틱, 스파이시, 레진","상쾌한 사이프러스와 주니퍼의 그린 우디 향이 선명하게 열리며, 프랑킨센스와 퍼 발삼의 레진 향이 깊이를 더하고, 샌달우드와 팔로 산토, 시더우드가 겹쳐져 숲속의 공기처럼 묵직하고 세련되게 이어지는 우디 아로마틱 향"
3408639,https://www.bysuco.com/product/show/3408639,퍼포즈 50 맨 엑스트레 드 퍼퓸,아무아쥬,730000.0,https://cf.bysuco.net/c56f8cbb1772fb352a2cbacf5778041b.jpg?w=600,"프랑킨센스, 피멘토 베리, 핑크 페퍼, 베르가못","샌달우드, 파피루스, 베티버, 로즈","사프란, 스웨이드, 아키갈라우드, 바닐라","우디, 레진, 스파이시, 앰버","스모키한 프랑킨센스와 스파이시한 핑크 페퍼가 강렬하게 열리며, 로즈와 샌달우드·파피루스의 드라이한 우디 결이 깊이를 더하고, 스웨이드와 사프란, 바닐라가 겹쳐져 묵직하고 장엄하게 이어지는 인센스 우디 향"
3408633,https://www.bysuco.com/product/show/3408633,러브 튜베로즈 오 드 퍼퓸 포 우먼,아무아쥬,530000.0,https://cf.bysuco.net/576f8a5889db92d6e76c85de091cd2de.jpg?w=600,"튜베로즈, 가드니아, 자스민","휘핑크림, 바닐라","샌달우드, 시더우드","플로럴, 구르망, 스위트, 크리미","풍성한 튜베로즈와 가드니아의 화이트 플로럴이 화사하게 피어나며, 휘핑크림과 바닐라의 달콤한 크리미함이 더해져 샌달우드와 시더우드로 부드럽게 이어지는 로맨틱한 플로럴 구르망 향"
3408630,https://www.bysuco.com/product/show/3408630,오푸스 XII 실버 오우드 오 드 퍼퓸,아무아쥬,730000.0,https://cf.bysuco.net/48e8ef6be67226a9f85e1cf372aa61b2.jpg?w=600,"핑크 페퍼, 만다린","오우드, 파출리","앰버, 우디 노트","우디, 오우드, 스모키, 스파이시","차가운 금속을 스친 듯한 스파이스와 시트러스가 선명하게 열리며, 오우드와 파출리의 깊은 우디 결이 더해져 은빛처럼 차갑고 묵직하게 이어지는 스모키 우디 향"
3408628,https://www.bysuco.com/product/show/3408628,오푸스 V 우드 심포니 오 드 퍼퓸,아무아쥬,530000.0,https://cf.bysuco.net/db0e9c9f60cf40d3bb7f7d869571201b.jpg?w=600,"오리스 루트, 럼","오리스, 로즈, 자스민","오우드, 드라이 우드, 시벳","우디, 플로럴, 파우더리, 레진","버터처럼 크리미한 오리스와 따뜻한 럼의 깊은 향이 부드럽게 열리며, 장미와 자스민의 플로럴이 어우러지고 오우드와 드라이 우드가 겹쳐져 묵직하고 지적인 여운을 남기는 파우더리 우디 향"
3408621,https://www.bysuco.com/product/show/3408621,라일락 러브 오 드 퍼퓸 포 우먼,아무아쥬,530000.0,https://cf.bysuco.net/74ca6e36980cf74c40a6e96cc3a89c40.jpg?w=600,"라일락, 피오니, 가드니아","코코아, 통카빈","바닐라, 샌달우드, 파출리","플로럴, 파우더리, 스위트, 구르망","부드러운 라일락과 피오니의 파우더리한 플로럴이 우아하게 퍼지며, 코코아와 바닐라의 달콤함이 더해져 로맨틱하고 포근하게 감싸는 플로럴 구르망 향"
3407618,https://www.bysuco.com/product/show/3407618,피오니 앤 블러쉬 스웨이드 트래블 스프레이 코롱,조 말론,34000.0,https://cf.bysuco.net/1f37f0b595a20c884d18a7b22239ff34.jpg?w=600,레드 애플,"피오니, 로즈, 카네이션, 자스민",스웨이드,"플로랄, 로즈, 프레쉬",작약이 선사하는 부드럽고 여리한 이미지 연출
3407434,https://www.bysuco.com/product/show/3407434,롤링 인 러브 오 드 퍼퓸 리필,킬리안,525000.0,https://cf.bysuco.net/d091a536eb452ba87984e4c47d7d5850.jpg?w=600,"아몬드 밀크, 암브레트","아이리스, 프리지아","튜베로즈, 바닐라, 통카 빈, 머스크","아몬드, 바닐라, 플로랄",사랑이 너무 커서 괴로움을 느낄 정도의 폭발적인 감정을 보여주는 머스크 향
3407432,https://www.bysuco.com/product/show/3407432,불레이 부쿠셔 아베끄 모아 오 드 퍼퓸 리필,킬리안,580000.0,https://cf.bysuco.net/471d353c4f60e57542bdf1bd1932d5cc.jpg?w=600,"일랑일랑, 튜베로즈, 가데니아, 바닐라, 불가리안 로즈, 샌달우드, 시더",,,"화이트 플로랄, 우디, 옐로우 플로랄","화사한 가데니아의 헤드스페이스, 일랑일랑, 감질나는 튜베로즈가 어우러진 정의하기 어려운 우아한 향"
3407396,https://www.bysuco.com/product/show/3407396,오 로즈 오 드 뚜왈렛,딥티크,50000.0,https://cf.bysuco.net/086dd0fd12a12848447af634b829c81e.jpg?w=600,"리치, 블랙 커런트, 베르가못","로즈, 제라늄, 자스민","머스크, 화이트 허니, 버지니아 시더","로즈, 프루티, 플로랄",장미 본연의 향기를 더욱 생생하게 느낄 수 있는 향
3406945,https://www.bysuco.com/product/show/3406945,오 드 아드리앙 오 드 뚜왈렛,구딸,210000.0,https://cf.bysuco.net/3902ad712bf25764a03aee0e67990a66.jpg?w=600,"레몬, 시칠리안 레몬, 사이프러스, 시트론, 자몽, 만다린 오렌지, 알데하이드, 일랑일랑",,,"시트러스, 아로마틱, 우디",시트러스 과일 칵테일에 톡톡 취는 신선함과 세심한 우아함의 조화
3405282,https://www.bysuco.com/product/show/3405282,오일 픽션 오 드 퍼퓸,줄리엣 헤즈 어 건,331000.0,https://cf.bysuco.net/524bb8ee1d785b282a0d3a6623dac772.jpg?w=600,"튜베로즈, 앰버, 일랑일랑, 라다넘, 암브록산, 아이리스, 샤프란, 패춀리, 샌달우드, 바닐라, 베르가못, 파피루스",,,"앰버, 우디, 튜베로즈",깊고 육감적인 튜베로즈를 느낄 수 있는 오리엔탈 향수입니다.
2351489,https://www.bysuco.com/product/show/2351489,디에스 오 드 퍼퓸,디에스 앤 더가,420000.0,https://cf.bysuco.net/0ce290691f9a7ce4f36e437befe83a03.jpg?w=600,"클로브, 앰버, 자스민, 복숭아",,,"웜 스파이시, 앰버, 화이트 플로랄","D.S.는 창립자이자 조향사 데이비드 세스의 이니셜을 따서 만들어졌으며, 전세계적으로 소량 생산한 프리미엄 오드 퍼퓸"
2133546,https://www.bysuco.com/product/show/2133546,라 라비상트 오 드 퍼퓸,엠디씨아이,381000.0,https://cf.bysuco.net/c61a4310f8c492e8934c372b904fb2ec.jpg?w=600,"나시 배, 카람볼라, 석류, 레몬, 레드 베리","오스만투스, 오존 노트, 허니서클, 목련, 자스민","마시멜로, 머스크, 유목, 바닐라, 화이트 머스크","프루티, 우디, 플로랄",꽃향기가 나는 고급스럽고 매혹적인 향수
2133539,https://www.bysuco.com/product/show/2133539,비프레 시칠리아 오 드 퍼퓸,엠디씨아이,381000.0,https://cf.bysuco.net/967ef6e5604523ef838b9a1abcff5d08.jpg?w=600,"귤, 메그놀리아, 오렌지, 자몽, 그린 노트, 은방울꽃, 페퍼, 카다멈","아프라키 오렌지 꽃, 튜베로즈, 일랑일랑, 헬리오트로프, 장미, 자스민, 오크모스, 앰버, 버진 시더","복숭아, 오스만투스, 산딸기, 자두, 카라멜, 머스크, 바닐라, 코코넛, 클로브","프루티, 시트러스, 스위트",끊임없이 펼쳐지는 다면적인 향수
2133538,https://www.bysuco.com/product/show/2133538,라 벨 헬레네 오 드 퍼퓸,엠디씨아이,381000.0,https://cf.bysuco.net/7d6a49a463a5b24608337cd62a724185.jpg?w=600,"배, 귤, 라임 블라썸, 알데히드","오스만투스, 아이리스, 미라벨, 일랑일랑, 산사나무, 장미","오크모스, 샌달우드, 감, 머스크, 몰약, 앰버, 베티버, 버지니아 시더, 패츌리","프루티, 스위트, 플로랄","고풍스러우면서도 세련되고, 할머니의 디저트처럼 잃어버린 낙원에 대한 향수를 불러일으키는 향"
1908030,https://www.bysuco.com/product/show/1908030,암브라 칼라브리아 엑스트레 드 퍼퓸,니샤네,290000.0,https://cf.bysuco.net/69e62971daba7c705850add49445869e.jpg?w=600,"베르가못, 그린 리브즈, 갈바넘","자스민, 코리안더 씨드","스위트 앰버, 머스크, 바닐라","그린, 시트러스, 아로마틱",독특하게 상큼한 잎이 많은 녹색 앰버 향.
1908026,https://www.bysuco.com/product/show/1908026,패츌리 코자 엑스트레 드 퍼퓸,니샤네,350000.0,https://cf.bysuco.net/7cb27ba9c84cb4ab7aee0f5175ce519a.webp?w=600,"히아신스, 일랑일랑, 아르모아즈, 카모마일","패츌리, 블랙 페퍼","가죽, 꿀, 인센스","패츌리, 웜 스파이시, 스모키",가장 강력한 패출리 향수 중 하나로 방탕한 섹슈얼리티한 향.
1908011,https://www.bysuco.com/product/show/1908011,마나 엑스트레 드 퍼퓸,니샤네,820000.0,https://cf.bysuco.net/b2dd01fb580d8274e6862ebed50a2614.webp?w=600,"카다멈, 샤프란, 제라늄, 블랙 페퍼","터키 로즈, 캐스터리움, 스웨이드, 우드","시스투스 랍다넘, 패출리, 백단향, 모스, 구아이악우드, 벤조인, 올리바넘, 머스크","우디, 웜 스파이시, 레더",스파이시에 우드가 섞인 강렬한 향.
694139,https://www.bysuco.com/product/show/694139,시네마 오 드 퍼퓸,입생로랑,261000.0,https://cf.bysuco.net/963e03dfda25b2d904dbfa542100f36f.jpg?w=600,"아몬드 블라썸, 클레멘타인, 시클라멘","자스민, 피오니, 아마릴리스","바닐라, 앰버, 벤조인, 화이트 머스크","플로랄, 바닐라, 앰버","아몬드꽃, 아마릴리스, 앰버의 향이 어우러진 상큼한 꽃의 조화"
694106,https://www.bysuco.com/product/show/694106,루나 로사 스포츠 오 드 뚜왈렛,프라다,135000.0,https://cf.bysuco.net/a750661f0a3f2b7aec9d0b034fd21b79.jpg?w=600,"주니퍼베리, 진저",라벤더,"바닐라, 통카빈","바닐라, 아로마틱, 라벤더","생기 넘치는 라벤더와 폭발적인 생강, 주니퍼베리가 어우러진 감각적이고 스파이시한 앰버 향"
694090,https://www.bysuco.com/product/show/694090,인퓨전 디 진젬브르 오 드 퍼퓸,프라다,325000.0,https://cf.bysuco.net/8a6ec83f96d4531bc4e66baadbf35f36.jpg?w=600,"그린 만다린, 알데히드","생강, 제라늄",베티버,"웜 스파이시, 시트러스, 프레쉬",우디 노트가 가미된 ​​시트러스 향에 생강의 경쾌한 향
693957,https://www.bysuco.com/product/show/693957,아쿠아 디 지오 오 드 뚜왈렛,조르지오 아르마니,236000.0,https://cf.bysuco.net/388e7c5af2a612c97480c5a4d5a066e5.jpg?w=600,"바이올렛, 복숭아, 레몬, 파인애플","스민, 히아신스, 은방울꽃","스타이렉스, 앰버, 머스크, 샌달우드","플로랄, 프레쉬, 화이트 플로랄",매혹적이고 낮과 저녁 모두에 이상적인 다재다능한 향수
693954,https://www.bysuco.com/product/show/693954,인 러브 위드 유 프리즈 오 드 퍼퓸,조르지오 아르마니,241000.0,https://cf.bysuco.net/a694dfe04ace43140684af40ccb3192c.jpg?w=600,"만다린 오렌지, 체리, 베르가못, 배","피오니, 자스민 삼박, 은방울꽃","패츌리, 우디 노트, 화이트 머스크, 베티버","우디, 패츌리, 시트러스","부드럽고 섬세하지만, 깊은 관능미로 가득한 여성을 위한 매혹적인 향수"
693953,https://www.bysuco.com/product/show/693953,비코즈 잇츠 유 오 드 퍼퓸,조르지오 아르마니,180000.0,https://cf.bysuco.net/f94767b55788d68d5890d3d9f9f6e45e.jpg?w=600,"산딸기, 레몬, 네롤리",로즈,"바닐라, 머스크, 앰버우드","프루티, 스위트, 바닐라","기쁨,
부드러움, 반짝임으로 가득 찬 향"
693937,https://www.bysuco.com/product/show/693937,씨 패션 인텐스 오 드 퍼퓸,조르지오 아르마니,155000.0,https://cf.bysuco.net/831e6ee2f262ba1ecc9d75797beeadfb.jpg?w=600,블랙 커런트 시럽,자스민,"화이트 머스크, 패츌리, 시더, 바닐라","우디, 푸르티, 머스크",매혹적인 여성을 위한 플로랄 우디 향수
225405,https://www.bysuco.com/product/show/225405,롤링 인 러브 오 드 퍼퓸 리필,킬리안,350000.0,https://cf.bysuco.net/bc3d1862683e1893da639cc4b1671e49.jpg?w=600,"아몬드 밀크, 암브레트","아이리스, 프리지아","튜베로즈, 바닐라, 통카 빈, 머스크","아몬드, 바닐라, 플로랄",사랑이 너무 커서 괴로움을 느낄 정도의 폭발적인 감정을 보여주는 머스크 향
225383,https://www.bysuco.com/product/show/225383,루흐 베르트 오 드 퍼퓸 리필,킬리안,350000.0,https://cf.bysuco.net/5977433e718c8c29a27c19820504a028.jpg?w=600,압생트,"감초, 바이올렛 리프","페출리, 베티버, 우디 노트, 샌달우드","우디, 아로마틱, 소프트 스파이시","아름다운 파리에 대한 환상, 그 이면의 와일드한 밤과 즐거움을 담은 향"
224960,https://www.bysuco.com/product/show/224960,샹스 엑스트레 보틀 퍼퓸,샤넬,226000.0,https://cf.bysuco.net/69ee71b74e51540d4cd931ddee9ab375.jpg?w=600,"자스민, 아이리스, 화이트 머스크, 바닐라 앱솔루트",,,"파우더리, 아이리스, 화이트 플로랄","꽃향기, 스파이시함, 관능적이고 풍부하며 꽃향기와 바닐라 향이 고조된 향"
224951,https://www.bysuco.com/product/show/224951,알뤼르 엑스트레 보틀 퍼퓸,샤넬,482000.0,https://cf.bysuco.net/e09facd4336db7e966e567e957f6b552.jpg?w=600,"만다린 오렌지, 바닐라, 5월의 장미",,,"시트러스, 바닐라, 로즈",세련되고 우아한 플로럴-상큼한 앰버 향
141170,https://www.bysuco.com/product/show/141170,립스틱 로즈 오 드 퍼퓸,프레데릭 말,88000.0,https://cf.bysuco.net/f3a40076b8510b7baac45bd63475693e.jpg?w=600,"바이올렛, 로즈, 화이트머스크, 바닐라, 아이리스, 앰버, 라즈베리, 자몽",,,"파우더리, 바이올렛, 로즈",장미와 바이올렛 맛이 나는 사탕 같은 립스틱 향
97147,https://www.bysuco.com/product/show/97147,파이브 어 클락 오 진저 오 드 퍼퓸,세르주 루텐,205000.0,https://cf.bysuco.net/6fee7f02ae128238211b1978acf4625e.jpg?w=600,"티, 베르가못","시나몬, 우디노트, 절인 생강","페퍼, 허니, 앰버, 카카오, 패츌리","웜 스파이시, 우디, 프레쉬 스파이시",느와르의 매콤하고 놀랍고 스타일리쉬한 향으로 럭셔리함을 달콤하게 채워주는 향수
97075,https://www.bysuco.com/product/show/97075,젠틀맨 오리지날 오 드 뚜왈렛,지방시,184000.0,https://cf.bysuco.net/c1484d00f98ea83e66ee9f870fec8a44.jpg?w=600,"꿀, 카다멈, 장미, 타라곤, 베르가못, 레몬","패츌리, 시더, 오리스 뿌리, 자스민","패츌리, 레더, 시빗, 오크모스, 베티버, 앰버, 바닐라","우디, 패츌리, 얼디","향신료 향이 풍부하고 우디한 향으로, 시대를 초월한 남성적 유혹을 표현한 향수"
97056,https://www.bysuco.com/product/show/97056,아마리지 오 드 뚜왈렛,지방시,108000.0,https://cf.bysuco.net/d899b71f0d764eb0b339f8b0431a0870.jpg?w=600,가드니아,미모사,우디 노트,"화이트 플로랄, 스위트, 우디",빛나고 만족스러운 여성을 위한 풍성한 꽃향
97044,https://www.bysuco.com/product/show/97044,베리 이레지스터블 지방시 오 드 퍼퓸,지방시,186000.0,https://cf.bysuco.net/f6bbfedc3c4717131afcabc7af56e3a9.jpg?w=600,자두,로즈,"패츌리, 머스크","프루티, 로즈, 패츌리",
33809,https://www.bysuco.com/product/show/33809,베티베르소 오 드 퍼퓸,라보라토리오 올파티보,130000.0,https://cf.bysuco.net/9ba586485744c39bff3b85afdd466626.jpg?w=600,"비터오렌지, 넛맥, 카네이션","베티버, 블랙 페퍼, 핑크 페퍼, 자몽","샌달우드, 시더, 클라리 세이지, 화이트 머스크","우디, 아로마틱, 프레쉬 스파이시","베티버의 그린, 동시에 우디한 캐릭터는 시트러스한 향과 스파이시 노트에 의해 반짝이는 향"
33795,https://www.bysuco.com/product/show/33795,노블리지 오 드 퍼퓸,라보라토리오 올파티보,176000.0,https://cf.bysuco.net/b0d0aea4194bcef4622c253391b105c8.jpg?w=600,"레몬, 베르가못","라벤더, 아이리스, 네롤리, 암브레트씨","통카 빈, 바닐라, 화이트 머스크","시트러스, 아로마틱, 라벤더",고귀함과 동시에 절제된 우아한 향기
33794,https://www.bysuco.com/product/show/33794,에스베드라 오 드 퍼퓸,라보라토리오 올파티보,176000.0,https://cf.bysuco.net/8b4f59825f85133060e93257dcc05de8.jpg?w=600,"머스크, 코리앤더, 아말피 레몬, 페티그레인, 베티버",,,"아로마틱, 머스크, 시트러스",불규칙적인 베티버와 부드러운 머스크의 조화
33526,https://www.bysuco.com/product/show/33526,베르가모또 오 드 퍼퓸,라보라토리오 올파티보,152000.0,https://cf.bysuco.net/e50fd84c24a79311af772c6495efeeb7.jpg?w=600,"칼라브리안 베르가못, 비터 오렌지, 카다멈, 화이트 머스크",,,"시트러스, 프레쉬 스파이시, 아로마틱",상쾌하면서도 시원한 베르가못 향
33481,https://www.bysuco.com/product/show/33481,레 제르 보야제즈 우드 앤 바닐라 오 드 퍼퓸,까르띠에,465000.0,https://cf.bysuco.net/cee7089a6af469afbe33f614c978c767.jpg?w=600,"바닐라, 아가우드(오우드)",,,"바닐라, 오우드, 파우더리",달콤한 바닐라를 품은 오우드의 향
33478,https://www.bysuco.com/product/show/33478,레 제르 보야제즈 우드 앤 우드 오 드 퍼퓸,까르띠에,465000.0,https://cf.bysuco.net/a9e597306df9a082b9d80113520146e4.jpg?w=600,아가우드(오우드),,,"오우드, 프레쉬 스파이시",오우드 향 본질에 집중한 순수한 오우드의 향
33469,https://www.bysuco.com/product/show/33469,레 제르 드 퍼퓸 에르 페르듀 오 드 뚜왈렛 (잃어버린 시간),까르띠에,365000.0,https://cf.bysuco.net/f3c0dd8b7bd79bbbcda3033257415a4f.jpg?w=600,"블루베리, 석류, 아이비, 카시스, 플럼, 회양목, 바이올렛, 알데하이드, 핑크페퍼",,,"프루티, 프레쉬, 우디",어린 시절 오랫동안 잊고 있던 달콤한 추억이 떠오르는 향기
33467,https://www.bysuco.com/product/show/33467,레 제르 드 퍼퓸 에르 디퐁듀 오 드 퍼퓸 (방어의 시간),까르띠에,365000.0,https://cf.bysuco.net/54b0f348f48fe09fdc6511514add3631.jpg?w=600,"패출리, 카카오, 아이리스",,,"패출리, 웜 스파이시, 카카오",패출리와 카카오의 조합이 선사하는 신비한 향
33463,https://www.bysuco.com/product/show/33463,레 제르 드 퍼퓸 에르 베르투스 오 드 뚜왈렛 (미덕의 시간),까르띠에,365000.0,https://cf.bysuco.net/dce97889e5a3a1e6d18bc047a6265121.jpg?w=600,"압생트, 버베나, 유향나무, 타임, 라벤더, 로즈마리",,,"아로마틱, 프레쉬 스파이스, 라벤더",허벌한 노트들이 선사하는 대자연의 향
33455,https://www.bysuco.com/product/show/33455,데클라라시옹 오 뜨 프레쇠르 오 드 뚜왈렛,까르띠에,110000.0,https://cf.bysuco.net/07c23e73144685c545feb24068df0950.jpg?w=600,시트러스 리프,카다멈,시더,"아로마틱, 웜 스파이스, 우디",자연의 터치가 가미된 아방가르드적 향
33441,https://www.bysuco.com/product/show/33441,라 팬더 퍼퓸,까르띠에,220000.0,https://cf.bysuco.net/52f5d278367e2cf21698d7d43c6f9b91.jpg?w=600,"살구, 모스, 오스만투스, 패출리, 가드니아, 머스크",,,"프루티, 모시, 얼씨",애니멀릭한 우아함을 표현한 향
33436,https://www.bysuco.com/product/show/33436,리비에르 드 까르띠에 알레그레스 오 드 뚜왈렛 리필,까르띠에,187000.0,https://cf.bysuco.net/4aa65b326eeed46ec37f2f2c850e8f13.jpg?w=600,"페티그레인, 베르가못, 히야신스, 카시스, 튜베로즈",,,"그린, 시트러스, 아로마틱",리필용 상품
33432,https://www.bysuco.com/product/show/33432,베제 볼레 오 드 퍼퓸,까르띠에,110000.0,https://cf.bysuco.net/8611b0628971c580ecba3321f5859ee4.jpg?w=600,"릴리, 시트러스",릴리,"그린 릴리, 그린 노트","화이트 플로랄, 그린, 소프트 스파이시",턱밑까지 차오르는 한 아름의 꽃향기
33429,https://www.bysuco.com/product/show/33429,베제 볼레 퍼퓸,까르띠에,110000.0,https://cf.bysuco.net/68afc8ee7a0622b020b35531e33dc9ba.jpg?w=600,릴리,헬리오트로프,통카빈,"화이트 플로랄, 바닐라, 파우더리",백합이 연주하는 우아한 왈츠의 이미지
33334,https://www.bysuco.com/product/show/33334,레 조 아 라 모드 헤드 인 더 클라우드 오 드 뚜왈렛,미우미우,145000.0,https://cf.bysuco.net/81e65f70a86e32519cd6cef65b86bf34.jpg?w=600,루바브,피오니,"머스크, 화이트 앰버","플로랄, 머스키, 프레쉬",감상적인 몽상가를 위한 플로랄 머스크 향
32618,https://www.bysuco.com/product/show/32618,누디플로럼 엑스뜨레 드 퍼퓸,나소마토,247000.0,https://cf.bysuco.net/d0768b2a632fb3b6af2f04d640834158.jpg?w=600,루바브,"초산 살리실산, 라즈베리, 로즈","레더, 애니멀 노트, 오크모스, 시더","애니멀릭, 레더, 프루티",자욱히 낀 안개 속에서 동물적인 감각이 피어나는 몽환적인 향
32420,https://www.bysuco.com/product/show/32420,앰버 스카이 오 드 퍼퓸,엑스 니힐로,450000.0,https://cf.bysuco.net/e6bb204fc8668d25dc68c4cf20ed6dff.jpg?w=600,"코리앤더, 베르가못","너트맥, 제라늄","앰버, 바닐라, 통카빈, 샌달우드, 시더","앰버, 바닐라",부드러운 앰버와 바닐라의 미묘한 터치로 고풍스러운 관능미 연출
23307,https://www.bysuco.com/product/show/23307,모로칸 레더 오 드 퍼퓸,메모,390000.0,https://cf.bysuco.net/2bd4f5d65c54453c4e370c5c987eb083.jpg?w=600,"레더, 갈바넘, 아이리스, 베티버, 시프레, 진저, 만다린 오렌지, 오렌지 블라썸, 앰버, 때죽나무, 머스크, 일랑일랑, 통카 빈",,,"아로마틱, 우디, 그린",이슬람과 유럽의 문화가 공존하는 모로코의 이국적인 기억을 담은 향.
23302,https://www.bysuco.com/product/show/23302,타이거 네스트 오 드 퍼퓸,메모,390000.0,https://cf.bysuco.net/42cb32f95ea7469290a11aae49d26838_cvt.webp?w=600,"인센스, 앰버, 톨루 발삼, 압생트, 바닐라, 알데하이드, 파피루스, 샤프론, 오스만투스, 라임, 로즈, 일랑일랑",,,"앰버, 웜 스파이시, 발사믹",부탄의 유서깊은 유적지인 탁상 사원을 추억하는 향
23299,https://www.bysuco.com/product/show/23299,그라나다 오 드 퍼퓸,메모,390000.0,https://cf.bysuco.net/52b98a63f4ca1329ba3c463ecee6581c.jpg?w=600,"아프리칸 오렌지 플라워, 가데니아, 베르가못","자스민, 헬리오트로프","바닐라, 통카 빈, 머스크, 우디 노트","화이트 플로랄, 바닐라, 스위트",달빛 아래 집시들이 춤을 추는 알함브라 궁전의 밤과 같은 향
23289,https://www.bysuco.com/product/show/23289,인버네스 오 드 퍼퓸,메모,390000.0,https://cf.bysuco.net/78b02539e6a585b8a7711608091ebd55_cvt.webp?w=600,"샌달우드, 시더, 메이트, 오리스 루트, 아미리스, 가이악우드",,,"우디, 파우더리, 아로마틱",스코틀랜드의 광활하고 경이로운  자연을 담은 흥미롭고 나른한 향
23288,https://www.bysuco.com/product/show/23288,아이리시 레더 오 드 퍼퓸,메모,85000.0,https://cf.bysuco.net/ca0fb47a56241ca3899eb0efaf4c2d71.jpg?w=600,"주니퍼 베리, 레더, 메이트, 앰버, 통카 빈",,,"아로마틱, 프레쉬 스파이시, 레더",아일랜드에 대한 경의를 표하는 향
23278,https://www.bysuco.com/product/show/23278,마두라이 오 드 퍼퓸,메모,85000.0,https://cf.bysuco.net/e248235e694497932b20ad401af55b08.jpg?w=600,"자스민 삼박, 인디안 자스민, 이집트 자스민, 피치, 마리골드, 호주 샌달우드, 클라리 세이지, 터메릭, 인디안 튜베로즈, 스웨이드, 시칠리안 베르가못",,,"화이트 플로랄, 아로마틱, 웜 스파이시",인도의 활기찬 시장을 거닐다
23275,https://www.bysuco.com/product/show/23275,프렌치 레더 오 드 퍼퓸,메모,85000.0,https://cf.bysuco.net/9383acfd93fa535f965e752b6d1af39f.jpg?w=600,"장미수, 스웨이드, 라임, 화이트 머스크, 주니퍼, 핑크 페퍼, 클라리 세이지, 베티버, 시더, 레진",,,"로즈, 머스크, 아로마틱",시크한 프렌치 여성에서 영감 받은 향
21898,https://www.bysuco.com/product/show/21898,마이 버버리 블러시 오 드 퍼퓸,버버리,164000.0,https://cf.bysuco.net/6951957492f63fa7052fcd5da224c9ca.jpg?w=600,"석류, 레몬","그린 애플, 로즈 페탈, 제라늄","위스테리아, 자스민","프루티, 프레쉬 스파이시",싱그러운 아침의 햇살이 스며드는 런던의 정원이 떠오르는 페미닌한 향
21897,https://www.bysuco.com/product/show/21897,마이 버버리 오 드 퍼퓸,버버리,164000.0,https://cf.bysuco.net/60d40cc5300c91c87b6abb83c2b65677.jpg?w=600,"스위트 피, 베르가못, 만다린 오렌지, 자몽, 레몬","모과, 프리지아, 제라늄, 피치, 그린 노트, 가드니아, 패션프루츠","다마스크 로즈, 로즈, 패츌리, 머스크, 레더, 바이올렛","플로랄, 스위트",봄과 어울리는 달달한 플로랄이 선사하는 사랑스러운 이미지
10653,https://www.bysuco.com/product/show/10653,오 로즈 솔리드 퍼퓸 리필,딥티크,71000.0,https://cf.bysuco.net/b93ea4f0dd75b91fa970acf4fc8c4658.jpg?w=600,"리치, 블랙 커런트, 베르가못","로즈, 제라늄, 자스민","머스크, 화이트 허니, 버지니아 시더","로즈, 프루티, 플로랄",풋풋하고 밀키 하면서도 은은한 우디향을 잘 드러낸 고체 향수
10652,https://www.bysuco.com/product/show/10652,필로시코스 솔리드 퍼퓸 리필,딥티크,71000.0,https://cf.bysuco.net/5e452840ee7dc550bce652549a86bf66.jpg?w=600,"무화과 잎, 무화과","그린 노트, 코코넛","무화과 나무, 우디 노트, 시더","로즈, 패츌리, 우디",풋풋하고 밀키 하면서도 은은한 우디향을 잘 드러낸 고체 향수
9963,https://www.bysuco.com/product/show/9963,우드 앤 스파이스 오 드 퍼퓸,아쿠아 디 파르마,195000.0,https://cf.bysuco.net/37a06332352480c8f5bb172b4a86fd35_cvt.webp?w=600,"라즈베리, 로즈, 베르가못","클로브, 핑크페퍼, 시나몬","아가우드(오우드), 랍다넘, 패츌리","오우드, 웜 스파이시",고급스럽고 풍부한 오우드 향과 장미의 조화로 호화로운 관능미 연출
9742,https://www.bysuco.com/product/show/9742,로 드 34번가 오 드 뚜왈렛,딥티크,270000.0,https://cf.bysuco.net/612f22ae35a12ecae79ba02bb4ffccc3.jpg?w=600,"버베나, 비터 오렌지, 주니퍼 베리, 그레이프 프룻, 레몬, 라벤더, 자작나무 잎, 너트맥, 시나몬","제라늄, 튜베로즈","시더, 모스, 인센스, 랍다넘, 페출리","시트러스, 아로마틱, 프레쉬 스파이시",싱그러운 새싹으로 상쾌하게 정화되는 깨끗한 향
9244,https://www.bysuco.com/product/show/9244,쥬르 데르메스 오 드 퍼퓸,에르메스,58000.0,https://cf.bysuco.net/ac1d8d78bf07280eeda488991a8062b8.jpg?w=600,"그레이프 프룻, 레몬, 워터리 노트","화이트 플로랄, 가데니아, 그린 노트, 스위트 피","머스크, 우디 노트","시트러스, 화이트 플로랄, 그린",풍성하고 신선한 꽃 한 다발을 안은 듯한 향기
3408636,https://www.bysuco.com/product/show/3408636,골드 맨 오 드 퍼퓸,아무아쥬,530000.0,https://cf.bysuco.net/54f485cbf89fcff0be51f4314ef668ca.jpg?w=600,"알데하이드, 베르가못, 네롤리, 프랑킨센스, 허니","로즈, 자스민, 일랑일랑, 오리스, 헬리오트로프","앰버그리스, 샌달우드, 파출리, 베티버, 라브다넘, 시벳","오리엔탈, 플로럴, 레진, 클래식","알데하이드의 클래식한 광채와 프랑킨센스의 깊은 레진 향이 화려하게 퍼지며, 로즈와 자스민의 플로럴이 겹쳐지고 앰버그리스와 샌달우드가 묵직하게 이어져 왕실의 분위기를 떠올리게 하는 장엄한 오리엔탈 플로럴 향"
3408626,https://www.bysuco.com/product/show/3408626,크림슨 락 오 드 퍼퓸,아무아쥬,530000.0,https://cf.bysuco.net/a50def80a15e0d7e1de7b203298c676f.jpg?w=600,"핑크 페퍼, 시나몬","로즈, 허니","오크, 베티버, 시더우드","로즈, 우디, 스파이시, 앰버","따뜻한 핑크 페퍼의 스파이스가 강렬하게 열리며, 장미의 풍부한 플로럴과 꿀의 달콤함이 겹쳐져 오크와 베티버의 깊은 우디 잔향으로 이어지는 묵직하고 관능적인 로즈 우디 향"
3408625,https://www.bysuco.com/product/show/3408625,아너 포 맨 오 드 퍼퓸,아무아쥬,530000.0,https://cf.bysuco.net/19a13c9e6e1c5da442fe05e40f4224ca.jpg?w=600,"핑크 페퍼, 블랙 페퍼","제라늄, 엘레미","베티버, 시더우드, 파출리","스파이시, 우디, 아로마틱, 드라이","상큼한 핑크 페퍼와 블랙 페퍼의 스파이스가 선명하게 열리며, 제라늄과 엘레미의 아로마틱함이 더해져 베티버와 우디 노트로 차분하고 고급스럽게 이어지는 세련된 스파이시 우디 향"
3408624,https://www.bysuco.com/product/show/3408624,미안더 오 드 퍼퓸,아무아쥬,530000.0,https://cf.bysuco.net/8b0784da1dace1113b71d753dbb03b90.jpg?w=600,"핑크 페퍼, 당근 씨앗","오리스, 시프리올","샌달우드, 베티버","파우더리, 우디, 오리스, 드라이","따뜻한 오리스의 크리미한 파우더리함이 부드럽게 퍼지며, 당근 씨앗과 샌달우드의 흙 내음이 어우러져 신비롭고 깊이 있는 여운을 남기는 파우더리 우디 향"
3408622,https://www.bysuco.com/product/show/3408622,디아 맨 오 드 퍼퓸,아무아쥬,530000.0,https://cf.bysuco.net/27cc55994653eb4b2b034988504c9be9.jpg?w=600,"라다넘, 카다몸, 오렌지","피오니, 아이리스, 일랑일랑","베티버, 가이악우드, 파출리","아로마틱, 우디, 스파이시, 클래식","산뜻한 시트러스와 스파이스가 세련되게 열리며, 플로럴과 인센스의 우아한 깊이가 더해져 베티버와 우디 노트로 차분하고 고급스럽게 이어지는 클래식 아로마틱 우디 향"
3408620,https://www.bysuco.com/product/show/3408620,퍼포즈 오 드 퍼퓸,아무아쥬,530000.0,https://cf.bysuco.net/020d2a6b3efced477473d89058aac6cd.jpg?w=600,"핑크 페퍼, 베르가못, 프랑킨센스","파피루스, 샌달우드, 베티버","사프란, 아키갈라 우드","스파이시, 우디, 레진, 드라이","따뜻한 스파이스와 레진의 깊은 향기가 서서히 퍼지며, 파피루스와 샌달우드의 드라이한 우디 결이 겹쳐져 차분하고 묵직하게 중심을 잡아주는 스파이시 우디 향"
3408619,https://www.bysuco.com/product/show/3408619,서치 오 드 퍼퓸,아무아쥬,530000.0,https://cf.bysuco.net/28f70b3cb4d6aba84de4adaecfc5bd79.jpg?w=600,"레몬, 라임, 만다린","인센스, 블랙 페퍼","베티버, 가이악우드","시트러스, 스모키, 우디, 인센스","불꽃처럼 튀어 오르는 레몬과 라임의 날카로운 시트러스가 강렬하게 열리며, 스모키한 인센스와 우디 노트가 어우러져 뜨거운 사막의 공기처럼 깊고 드라마틱하게 남는 스모키 시트러스 향"
3408618,https://www.bysuco.com/product/show/3408618,마테리얼 오 드 퍼퓸,아무아쥬,530000.0,https://cf.bysuco.net/0974609b3f36395779477b608130c341.jpg?w=600,엘레미,"바닐라, 벤조인","파출리, 우디 노트","앰버, 바닐라, 레진, 스모키","짙은 바닐라의 따뜻한 달콤함 위로 엘레미와 스모키한 우디 노트가 겹쳐지며, 벤조인과 파출리의 깊은 레진 향이 더해져 어둡고 관능적으로 이어지는 앰버 바닐라 향"
3407436,https://www.bysuco.com/product/show/3407436,스트레이트 투 헤븐 오 드 퍼퓸 리필,킬리안,580000.0,https://cf.bysuco.net/15e36c7ec7a94c2693d382441275809e.jpg?w=600,"럼, 바닐라, 드라이 프룻, 페출리, 시더우드, 너트맥",,,"우디, 페출리, 럼",중독적이고 강렬한 매력을 선사한다
3406132,https://www.bysuco.com/product/show/3406132,로즈 아틀란틱 오 드 퍼퓸,디에스 앤 더가,95000.0,https://cf.bysuco.net/5c12a5bd5c623c59468b2b28e52a2e76.webp?w=600,"베르가못, 레몬 오일","린덴, 로즈, 듄 그라스","무스콘, 바닷물, 화이트 모스","마린, 로즈, 솔티","염분이 있는 장미가 장식된 유명한 칵테일 스프리처와 가수 시나트라의 노래가 생각나는 여름 바람, 저 멀리 보이는 모래 언덕과 하얀 등대, 로즈힙의 향기"
2200772,https://www.bysuco.com/product/show/2200772,마그네틱 블렌드 7 오 드 퍼퓸,이니시오 퍼퓸,493000.0,https://cf.bysuco.net/f8930741d748b21693fce209c37cff9d.jpg?w=600,플로리엔탈,헤디온,"시더, 머스크, 샌달우드, 바닐라","머스크, 파우더리",동물 사향의 페로몬적 힘에 대한 찬사
2133540,https://www.bysuco.com/product/show/2133540,엉리브멍 어 세아이 오 드 퍼퓸,엠디씨아이,381000.0,https://cf.bysuco.net/9468143d73ff512ec2fb2aa0ac3c0db0.jpg?w=600,"일랑일랑, 만다린 오렌지, 베르가못","자스민, 튜베로즈, 월플라워, 장미","샌달우드, 베티버, 패츌리, 바닐라","우디, 화이트 플로랄, 스위트",우아한 이국주의와 매혹적인 관능미를 지닌 향수
1908008,https://www.bysuco.com/product/show/1908008,난쉬 엑스트레 드 퍼퓸,니샤네,330000.0,https://cf.bysuco.net/b80dfe840b242401786191e136230388.webp?w=600,"베르가못, 당근씨, 카다멈, 유자","물 과일 & 꽃, 로즈 앱솔루트, 재스민 삼박 앱솔루트, 일랑 일랑","오리스, 파우더리 노트, 머스크, 파출리, 샌달우드","파우더리, 플로랄, 우디",우아하고 풍성한 플로럴 향.
1908005,https://www.bysuco.com/product/show/1908005,테로 엑스트레 드 퍼퓸,니샤네,340000.0,https://cf.bysuco.net/6f33fc3e615a1012fdcad4d45f106451.webp?w=600,"솔티 카라멜, 블랙 페퍼, 쓰촨 후추 앱솔루트","패출리, 계피나무껍질","베티버 오일 아이티, 앰버, 오크우드","프레쉬 스파이시, 카라멜, 웜 스파이시",달콤하고 이국적인 스파이시한 향.
1870051,https://www.bysuco.com/product/show/1870051,네로사 오 드 퍼퓸,라보라토리오 올파티보,195000.0,https://cf.bysuco.net/668d3714c3e2ebe0f8e59eb76e364a6e.jpg?w=600,"샤프란, 가이악 우드, 라다넘, 넛맥, 클로브","로즈, 제라늄, 일랑일랑","아가우드, 레더, 엘레미, 베티버, 키프로스 오일, 나가모타 앰버, 엠버, 샌달우드, 시더, 벤조인, 자작나무 잎, 패츌리, 캐스토리움","우디, 레더, 웜 스파이시",눈에 띄는 에너지와 강력한 감싸는 향기가 있는 향수
694080,https://www.bysuco.com/product/show/694080,라 팜므 프라다 인텐스 오 드 퍼퓸,프라다,284000.0,https://cf.bysuco.net/8b5df0ba47152d78fe86bb75a98d9de6_cvt.webp?w=600,"일랑일랑, 프랜지파니","튜베로즈, 자스민 삼박, 오렌지 블로썸","패츌리, 바닐라, 아이리스, 베티","화이트 플로랄, 우디, 플로랄",프라다 여성의 다양성을 드러내는 감각적인 향
693988,https://www.bysuco.com/product/show/693988,라비에벨 앙 로즈 오 드 뚜왈렛,랑콤,178000.0,https://cf.bysuco.net/d0f15675166898aafc843a1bf98b06de.jpg?w=600,"산딸기, 레드 베리, 핑크 페퍼, 베르가못","다마스크 로즈, 로즈, 모란, 은방울꽃","패츌리, 머스크, 아이리스, 샌달우드","프루티, 로즈, 스위트",풍성한 꽃향과 과즙이 가득한 향
693968,https://www.bysuco.com/product/show/693968,아르마니 코드 퍼퓸,조르지오 아르마니,170000.0,https://cf.bysuco.net/d13fcb4990b77ae18970e8089b9ab6c6.jpg?w=600,"베르가못, 베르가못 잎","아이리스, 알데히드, 오리스, 클라리세이지","통가빈, 시더","아이리스, 아로마틱, 파우더리",강렬하고 매혹적이며 남성성의 코드를 새롭게 쓰는 향
693952,https://www.bysuco.com/product/show/693952,테라 디 지오이아 오 드 퍼퓸,조르지오 아르마니,150000.0,https://cf.bysuco.net/aa67c57b0e32db3ccc5515d17c6673df.jpg?w=600,"배, 만다린 오렌지, 베르가못","아몬드 블로썸, 자스민","앰버우드, 머스크","플로랄, 스위트, 앰버",즐거운 사고방식에 대한 찬사와 함께 현대적인 여성성을 구현하는 따뜻한 향수
225724,https://www.bysuco.com/product/show/225724,그레이프프룻 제너레이션 오 드 퍼퓸,디에스 앤 더가,240000.0,https://cf.bysuco.net/a1c0807f1a6a43da6ba349adf6e4bd68.jpg?w=600,"포멜로, 느릅나무 잎, 은","신사나무 꽃, 튜베로즈, 파라디손","코르크, 자몽, 애니멀릭 머스크","시트러스, 프레시 스파이시, 우디",60년대 히피 문화에서 영감을 받은 반짝이고 에너지 넘치는 시트러스 아로마향
225388,https://www.bysuco.com/product/show/225388,보드카 온 더 락스 오 드 퍼퓸 리필,킬리안,350000.0,https://cf.bysuco.net/37424abb293219ba10a8ef6bbc65e104.jpg?w=600,"코리안더, 알데하이드, 카다멈","루바브, 릴리오브더밸리, 핑크 로즈","암브록산, 오크 모스, 샌달우드","아로마틱, 앰버, 알데하이드",한여름밤 야외에서 얼음과 함께 담긴 보드카를 떠오르게 하는 향수
141165,https://www.bysuco.com/product/show/141165,윈 플레 드 까씨 오 드 퍼퓸,프레데릭 말,88000.0,https://cf.bysuco.net/fb17973375a0dcf13605c326dd9dd787.jpg?w=600,"미모사, 샌달우드, 자스민, 카시스, 바닐라, 로즈, 머스크, 알데하이드",,,"파우더리, 옐로우 플로랄, 플로랄","부드럽게 감각적이고 우아한 관능미를 전달하며서, 신비롭게 도취되는 대담한 플라워 오리엔탈 향"
97054,https://www.bysuco.com/product/show/97054,이사티스 오 드 뚜왈렛,지방시,218000.0,https://cf.bysuco.net/aae2285430188ea63d84308aa79e0239.jpg?w=600,만다린 에센스,화이트 플로랄 부케,패츌리,"우디, 화이트 플로랄, 스위트",상쾌한 패츌리 베이스 노트로 강조된 빛나는 화이트 플라워 꽃다발
97048,https://www.bysuco.com/product/show/97048,앙쥬 우 데몬 오 드 퍼퓸,지방시,131000.0,https://cf.bysuco.net/274d10ecd4da90c4075f948b6a670887.jpg?w=600,"화이트 타임, 만다린, 사프란","릴리, 일랑일랑","오크우드, 통카 빈","바닐라, 스위트, 웜스파이시",신비로움을 지닌 여인처럼 매혹적이고 매력적인 향
97046,https://www.bysuco.com/product/show/97046,베리 이레지스터블 지방시 오 드 뚜왈렛,지방시,161000.0,https://cf.bysuco.net/7304d5da03f68825be530a936735b257.jpg?w=600,"장미, 스타 아니스, 버베나, 패츌리",,,"로즈, 소프트 스파이시, 플로랄",매우 현대적이고 고전적인 장미 향의 아로마틱 플로럴 향수
33798,https://www.bysuco.com/product/show/33798,데쿠베르트 오 드 퍼퓸,라보라토리오 올파티보,87000.0,https://cf.bysuco.net/3b8fa5d807aa8088003a50149e3694b1.jpg?w=600,"그린 잎, 릴리오브더밸리","매그놀리아, 라일락, 자스민","워터 노트, 머스크, 오크모스","플로랄, 그린, 프레쉬",플로랄 그린의 싱그러운 향
33528,https://www.bysuco.com/product/show/33528,폼펠모 오 드 퍼퓸,라보라토리오 올파티보,152000.0,https://cf.bysuco.net/56f1aa4503092a5e1aeeecf4ee8ac1a8.jpg?w=600,"자몽, 베티버, 핑크페퍼, 마옻나무 수지, 패츌리",,,"시트러스, 아로마틱, 우디",자몽 전체에 집중한 씁쓸하고도 산미 넘치는 향
33460,https://www.bysuco.com/product/show/33460,머스트 드 까르띠에 퍼퓸,까르띠에,307000.0,https://cf.bysuco.net/6633de07ed9e02aeaa35522dedae4c08.jpg?w=600,자스민,갈바늄,바닐라,"그린, 바닐라, 아로마틱",오리엔탈 아로마의 향기가 선사하는 감각적인 향
33459,https://www.bysuco.com/product/show/33459,산토스 드 까르띠에 오 드 뚜왈렛,까르띠에,154000.0,https://cf.bysuco.net/e54e62dd3f8911dc3213afa56671c55e.jpg?w=600,"라벤더, 주니퍼베리, 바질, 레몬 버베나, 베르가못, 갈바늄, 네롤리","페퍼, 너트맥, 베티버, 로즈마리, 제라늄, 클로브, 클레어리 세이지","샌달우드, 앰버, 코코넛, 패출리, 바닐라, 시더","프레쉬 스파이시, 아로마틱, 우디",아로마틱이 선사하는 신선한 오리엔탈
33447,https://www.bysuco.com/product/show/33447,파샤 드 까르띠에 누아르 압솔뤼 퍼퓸,까르띠에,136000.0,https://cf.bysuco.net/ec475279c0898b3ef834eb5436bee08e.jpg?w=600,"스모크, 카라멜, 스푼 슈가, 우디 노트, 통카빈, 바이올렛, 레몬",,,"카라멜, 스위트, 스모키",농축된 푸제르 어코드를 중심으로 펼쳐지는 우아한 매력
33446,https://www.bysuco.com/product/show/33446,파샤 드 까르띠에 오 드 뚜왈렛,까르띠에,154000.0,https://cf.bysuco.net/62d8fffac1a2ee123f0e2d74578c0b0b.jpg?w=600,"라벤더, 민트, 카라웨이, 아니스, 만다린 오렌지","코리앤더, 로즈우드","오크모스, 샌달우드, 패출리, 랍다넘","아로마틱, 우디, 프레쉬 스파이시",휘몰아치는 푸제르가 발산하는 우아함
33440,https://www.bysuco.com/product/show/33440,리비에르 드 까르띠에 엥수시앙스 오 드 뚜왈렛 리필,까르띠에,187000.0,https://cf.bysuco.net/0db93c260de46f7109525548b38c296e.jpg?w=600,"프루티 노트, 바이올렛, 아이리스, 우디 노트",,,"바이올렛, 파우더리, 프루티",리필용 상품
33439,https://www.bysuco.com/product/show/33439,리비에르 드 까르띠에 엥수시앙스 오 드 뚜왈렛,까르띠에,154000.0,https://cf.bysuco.net/46ec12bafe2d45a50c092fce0aaff77e.jpg?w=600,"프루티 노트, 바이올렛, 아이리스, 우디 노트",,,"바이올렛, 파우더리, 프루티",꽃과 과일이 열려 있는 곳에 흐르는 강의 풍경을 닮은 향
33332,https://www.bysuco.com/product/show/33332,레 조 아 라 모드 데어링 달링 오 드 뚜왈렛,미우미우,145000.0,https://cf.bysuco.net/e0b368be513ee14de5972f54ae095b19.jpg?w=600,블랙커런트,"라벤더, 로즈",머스크,"프루티, 라벤더, 아로마틱",자신만만한 스타일을 가진 여성을 표현한 라벤더 향
24696,https://www.bysuco.com/product/show/24696,엘래 오 드 퍼퓸,트루동,99000.0,https://cf.bysuco.net/68f0a754a5d11a0814563581e520380a.jpg?w=600,"이집트 자스민, 일랑일랑, 네롤리",,,"화이트 플로랄, 옐로우 플로랄, 스위트",굉장히 부드럽고 빛이 가득한 상쾌한 향
23301,https://www.bysuco.com/product/show/23301,룩소 오드 오 드 퍼퓸,메모,390000.0,https://cf.bysuco.net/b9ad52875b29143793bf65f1a3579572_cvt.webp?w=600,"페출리, 만다린 오렌지","과실류, 데저트 로즈","아가우드, 랍다넘","프루티, 오우드, 스위트",뜨거운 사막 위의 룩소르 신전을 추억하는 향기
23286,https://www.bysuco.com/product/show/23286,랄리벨라 오 드 퍼퓸,메모,85000.0,https://cf.bysuco.net/f2d97588bb266f69966f73b6cfbfb676.jpg?w=600,"코코넛, 오키드, 로즈, 피오니","바닐라, 페출리, 자스민, 랍다넘","인센스, 토바코 리프, 염주나무","플로랄, 바닐라, 스위트","형형색색의 미네랄 암석이 장관을 이루는 에티오피아의 유서깊은 성지, 랄리벨라를 추억하는 향"
22903,https://www.bysuco.com/product/show/22903,샹 드 배 오 드 코롱,라티잔 퍼퓨머,241000.0,https://cf.bysuco.net/9d55ae27d0325cb497a66766a9e60f35.jpg?w=600,"루바브, 페어, 베르가못","블랙베리, 라즈베리, 자스민","화이트 머스크, 시더, 페출리, 앰버","프루티, 스위트, 머스크","시골길, 이슬을 한껏 머금은 열매의 흔적"
21131,https://www.bysuco.com/product/show/21131,허니서클 앤 다바나 오 드 코롱 선물패키지,조 말론,235000.0,https://cf.bysuco.net/ebb08ff1a108f23abc1f0a0433f91dd8.jpg?w=600,다바나,"허니서클, 로즈",모스,"화이트 플로랄, 아로마틱, 프루티","허니서클, 과일 향의 다바나, 장미 그리고 우디함의 모스 향이 어우러지는 향"
3408623,https://www.bysuco.com/product/show/3408623,인클레이브 오 드 퍼퓸,아무아쥬,530000.0,https://cf.bysuco.net/719531109d140464c277864c8dfb32ba.jpg?w=600,"스피어민트, 핑크 페퍼, 카다몸","프랑킨센스, 파출리, 로즈","앰버, 베티버, 레더","아로마틱, 앰버, 스파이시, 프레시","차가운 스피어민트의 상쾌함이 강렬하게 열리며, 스파이스와 레진의 따뜻한 깊이가 더해져 앰버와 우디 노트로 묵직하게 이어지는 시원하면서도 관능적인 아로마틱 앰버 향"
2133543,https://www.bysuco.com/product/show/2133543,르 옴므 우 간츠 오 드 퍼퓸,엠디씨아이,381000.0,https://cf.bysuco.net/bed7de3d47f6574f4e6d7f3428b3bc38.jpg?w=600,넛맥,"헤디온, 시프리올 오일","가이악 우드, 우드, 구르잔 발삼, 삼나무, 패츌리, 통카 빈, 바닐라, 머스크, 벤조인","바닐라, 우디, 앰버",섬세하고 크리미하며 우디한 향
2133542,https://www.bysuco.com/product/show/2133542,뀌르 카발리에 오 드 퍼퓸,엠디씨아이,381000.0,https://cf.bysuco.net/a191da3867e093ad3c47817c59883e50.jpg?w=600,"장미, 사프란, 레드 텐저린","사이프리올, 오리스, 화이트 꿀","가죽, 아가우드, 머스크, 시더, 통카 빈, 바닐라","레더, 로즈, 웜 스파이시",시간이 갈 수록 젠더리스 해지며 우아한 조화를 이루는 향
2133541,https://www.bysuco.com/product/show/2133541,블루 사틴 오 드 퍼퓸,엠디씨아이,381000.0,https://cf.bysuco.net/441eba58fdb3cb8841a21b835ff087ee.jpg?w=600,"레몬, 베르가못, 그린 아코드","워터멜론, 카시아, 자스민","우디 노트, 가죽, 사프란","시트러스, 우디, 아로마틱",초반 상큼한 시트러스부터 후반부의 묵직함까지 당당함을 잃지 않는 향기
1870054,https://www.bysuco.com/product/show/1870054,넥타르 오 드 퍼퓸,라보라토리오 올파티보,195000.0,https://cf.bysuco.net/9c24a75927e7c51b7d8ca8b334ac6090.jpg?w=600,"클라세이지, 엘레미, 핑크 페퍼, 베르가못, 자몽","꿀, 시나몬, 레더, 올리바넘, 티라미슈, 다바나","통카 빈, 마다카스카 바닐라, 시더, 베티버, 패츌리","아로마틱, 스위트, 바닐라","꿀을 떠올리게 하며, 강렬한 노트에서 독특한 개성을 끌어낸 부드러움과 창의성이 가득한 향수"
